++ id -u yfhong
++ id -g yfhong
+ docker build -t magma/aflplusplus_lto_entropy/php --build-arg fuzzer_name=aflplusplus_lto_entropy --build-arg target_name=php --build-arg USER_ID=1003 --build-arg GROUP_ID=1003 --build-arg canaries=1 -f /data1/yifan/yf-docker/magma/docker/Dockerfile /data1/yifan/yf-docker/magma
#0 building with "default" instance using docker driver

#1 [internal] load build definition from Dockerfile
#1 transferring dockerfile: 2.67kB done
#1 DONE 0.0s

#2 [internal] load metadata for docker.io/library/ubuntu:18.04
#2 DONE 0.7s

#3 [internal] load .dockerignore
#3 transferring context: 47B done
#3 DONE 0.0s

#4 [ 1/19] FROM docker.io/library/ubuntu:18.04@sha256:152dc042452c496007f07ca9127571cb9c29697f42acbfad72324b2bb2e43c98
#4 resolve docker.io/library/ubuntu:18.04@sha256:152dc042452c496007f07ca9127571cb9c29697f42acbfad72324b2bb2e43c98 done
#4 DONE 0.0s

#5 [ 2/19] RUN apt-get update && apt-get install -y sudo
#5 CACHED

#6 [internal] load build context
#6 transferring context: 102.76kB 0.0s done
#6 DONE 0.0s

#7 [ 3/19] RUN mkdir -p /home && 	groupadd -g 1003 magma && 	useradd -l -u 1003 -K UMASK=0000 -d /home -g magma magma && 	chown magma:magma /home
#7 DONE 0.3s

#8 [ 4/19] RUN	ECHO "magma:amgam" | chpasswd && usermod -a -G sudo magma
#8 DONE 0.5s

#9 [ 5/19] RUN mkdir -p /magma_shared /magma_out && 	chown magma:magma /magma_shared /magma_out && 	chmod 744 /magma_shared /magma_out
#9 DONE 0.5s

#10 [ 6/19] RUN mkdir -p /magma/magma && chown magma:magma /magma/magma
#10 DONE 0.6s

#11 [ 7/19] COPY --chown=magma:magma .//magma /magma/magma/
#11 DONE 0.0s

#12 [ 8/19] RUN /magma/magma/preinstall.sh
#12 1.126 Get:1 http://security.ubuntu.com/ubuntu bionic-security InRelease [102 kB]
#12 1.355 Hit:2 http://archive.ubuntu.com/ubuntu bionic InRelease
#12 1.568 Get:3 http://archive.ubuntu.com/ubuntu bionic-updates InRelease [102 kB]
#12 1.968 Get:4 http://security.ubuntu.com/ubuntu bionic-security/main amd64 Packages [3373 kB]
#12 2.446 Get:5 http://archive.ubuntu.com/ubuntu bionic-backports InRelease [102 kB]
#12 2.852 Get:6 http://archive.ubuntu.com/ubuntu bionic-updates/main amd64 Packages [3786 kB]
#12 4.398 Fetched 7465 kB in 4s (1958 kB/s)
#12 4.398 Reading package lists...
#12 5.928 Reading package lists...
#12 7.349 Building dependency tree...
#12 7.548 Reading state information...
#12 7.707 The following additional packages will be installed:
#12 7.707   binutils binutils-common binutils-x86-64-linux-gnu cpp cpp-7 dirmngr
#12 7.707   dpkg-dev fakeroot g++ g++-7 gcc gcc-7 gcc-7-base gnupg gnupg-l10n
#12 7.707   gnupg-utils gpg gpg-agent gpg-wks-client gpg-wks-server gpgconf gpgsm
#12 7.707   libalgorithm-diff-perl libalgorithm-diff-xs-perl libalgorithm-merge-perl
#12 7.707   libasan4 libasn1-8-heimdal libassuan0 libatomic1 libbinutils libc-dev-bin
#12 7.707   libc6-dev libcc1-0 libcilkrts5 libdpkg-perl libfakeroot
#12 7.707   libfile-fcntllock-perl libgcc-7-dev libgdbm-compat4 libgdbm5 libgomp1
#12 7.707   libgssapi3-heimdal libhcrypto4-heimdal libheimbase1-heimdal
#12 7.707   libheimntlm0-heimdal libhx509-5-heimdal libisl19 libitm1 libkrb5-26-heimdal
#12 7.707   libksba8 libldap-2.4-2 libldap-common liblocale-gettext-perl liblsan0
#12 7.707   libmpc3 libmpfr6 libmpx2 libnpth0 libperl5.26 libquadmath0 libreadline7
#12 7.707   libroken18-heimdal libsasl2-2 libsasl2-modules libsasl2-modules-db
#12 7.707   libsqlite3-0 libssl1.1 libstdc++-7-dev libtsan0 libubsan0 libwind0-heimdal
#12 7.708   linux-libc-dev manpages manpages-dev netbase patch perl perl-modules-5.26
#12 7.708   pinentry-curses readline-common xz-utils
#12 7.709 Suggested packages:
#12 7.709   binutils-doc cpp-doc gcc-7-locales daemontools-run | runit dbus-user-session
#12 7.709   libpam-systemd pinentry-gnome3 tor debian-keyring g++-multilib
#12 7.709   g++-7-multilib gcc-7-doc libstdc++6-7-dbg gcc-multilib autoconf automake
#12 7.709   libtool flex bison gdb gcc-doc gcc-7-multilib libgcc1-dbg libgomp1-dbg
#12 7.709   libitm1-dbg libatomic1-dbg libasan4-dbg liblsan0-dbg libtsan0-dbg
#12 7.709   libubsan0-dbg libcilkrts5-dbg libmpx2-dbg libquadmath0-dbg parcimonie
#12 7.709   xloadimage scdaemon glibc-doc git bzr gdbm-l10n libsasl2-modules-gssapi-mit
#12 7.709   | libsasl2-modules-gssapi-heimdal libsasl2-modules-ldap libsasl2-modules-otp
#12 7.709   libsasl2-modules-sql libstdc++-7-doc make-doc man-browser ed diffutils-doc
#12 7.709   perl-doc libterm-readline-gnu-perl | libterm-readline-perl-perl pinentry-doc
#12 7.709   readline-doc
#12 7.919 The following NEW packages will be installed:
#12 7.919   binutils binutils-common binutils-x86-64-linux-gnu build-essential cpp cpp-7
#12 7.919   daemontools dirmngr dpkg-dev fakeroot g++ g++-7 gcc gcc-7 gcc-7-base gnupg
#12 7.919   gnupg-l10n gnupg-utils gpg gpg-agent gpg-wks-client gpg-wks-server gpgconf
#12 7.919   gpgsm libalgorithm-diff-perl libalgorithm-diff-xs-perl
#12 7.919   libalgorithm-merge-perl libasan4 libasn1-8-heimdal libassuan0 libatomic1
#12 7.920   libbinutils libc-dev-bin libc6-dev libcc1-0 libcilkrts5 libdpkg-perl
#12 7.920   libfakeroot libfile-fcntllock-perl libgcc-7-dev libgdbm-compat4 libgdbm5
#12 7.920   libgomp1 libgssapi3-heimdal libhcrypto4-heimdal libheimbase1-heimdal
#12 7.920   libheimntlm0-heimdal libhx509-5-heimdal libisl19 libitm1 libkrb5-26-heimdal
#12 7.920   libksba8 libldap-2.4-2 libldap-common liblocale-gettext-perl liblsan0
#12 7.920   libmpc3 libmpfr6 libmpx2 libnpth0 libperl5.26 libquadmath0 libreadline7
#12 7.920   libroken18-heimdal libsasl2-2 libsasl2-modules libsasl2-modules-db
#12 7.920   libsqlite3-0 libssl1.1 libstdc++-7-dev libtsan0 libubsan0 libwind0-heimdal
#12 7.920   linux-libc-dev make manpages manpages-dev netbase patch perl
#12 7.920   perl-modules-5.26 pinentry-curses readline-common xz-utils
#12 8.334 0 upgraded, 84 newly installed, 0 to remove and 1 not upgraded.
#12 8.334 Need to get 56.4 MB of archives.
#12 8.334 After this operation, 227 MB of additional disk space will be used.
#12 8.334 Get:1 http://archive.ubuntu.com/ubuntu bionic/main amd64 liblocale-gettext-perl amd64 1.07-3build2 [16.6 kB]
#12 8.707 Get:2 http://archive.ubuntu.com/ubuntu bionic-updates/main amd64 perl-modules-5.26 all 5.26.1-6ubuntu0.7 [2764 kB]
#12 33.41 Get:3 http://archive.ubuntu.com/ubuntu bionic/main amd64 libgdbm5 amd64 1.14.1-6 [26.0 kB]
#12 33.81 Get:4 http://archive.ubuntu.com/ubuntu bionic/main amd64 libgdbm-compat4 amd64 1.14.1-6 [6084 B]
#12 33.84 Get:5 http://archive.ubuntu.com/ubuntu bionic-updates/main amd64 libperl5.26 amd64 5.26.1-6ubuntu0.7 [3532 kB]
#12 61.32 Get:6 http://archive.ubuntu.com/ubuntu bionic-updates/main amd64 perl amd64 5.26.1-6ubuntu0.7 [201 kB]
#12 61.61 Get:7 http://archive.ubuntu.com/ubuntu bionic/main amd64 readline-common all 7.0-3 [52.9 kB]
#12 61.70 Get:8 http://archive.ubuntu.com/ubuntu bionic/main amd64 libreadline7 amd64 7.0-3 [124 kB]
#12 61.84 Get:9 http://archive.ubuntu.com/ubuntu bionic-updates/main amd64 libsqlite3-0 amd64 3.22.0-1ubuntu0.7 [499 kB]
#12 62.71 Get:10 http://archive.ubuntu.com/ubuntu bionic-updates/main amd64 libssl1.1 amd64 1.1.1-1ubuntu2.1~18.04.23 [1303 kB]
#12 64.61 Get:11 http://archive.ubuntu.com/ubuntu bionic/main amd64 netbase all 5.4 [12.7 kB]
#12 64.61 Get:12 http://archive.ubuntu.com/ubuntu bionic-updates/main amd64 xz-utils amd64 5.2.2-1.3ubuntu0.1 [83.8 kB]
#12 64.78 Get:13 http://archive.ubuntu.com/ubuntu bionic/main amd64 manpages all 4.15-1 [1234 kB]
#12 67.13 Get:14 http://archive.ubuntu.com/ubuntu bionic-updates/main amd64 binutils-common amd64 2.30-21ubuntu1~18.04.9 [197 kB]
#12 67.75 Get:15 http://archive.ubuntu.com/ubuntu bionic-updates/main amd64 libbinutils amd64 2.30-21ubuntu1~18.04.9 [489 kB]
#12 68.20 Get:16 http://archive.ubuntu.com/ubuntu bionic-updates/main amd64 binutils-x86-64-linux-gnu amd64 2.30-21ubuntu1~18.04.9 [1839 kB]
#12 77.57 Get:17 http://archive.ubuntu.com/ubuntu bionic-updates/main amd64 binutils amd64 2.30-21ubuntu1~18.04.9 [3392 B]
#12 78.00 Get:18 http://archive.ubuntu.com/ubuntu bionic-updates/main amd64 libc-dev-bin amd64 2.27-3ubuntu1.6 [71.9 kB]
#12 78.73 Get:19 http://archive.ubuntu.com/ubuntu bionic-updates/main amd64 linux-libc-dev amd64 4.15.0-213.224 [983 kB]
#12 85.21 Get:20 http://archive.ubuntu.com/ubuntu bionic-updates/main amd64 libc6-dev amd64 2.27-3ubuntu1.6 [2587 kB]
#12 91.12 Get:21 http://archive.ubuntu.com/ubuntu bionic-updates/main amd64 gcc-7-base amd64 7.5.0-3ubuntu1~18.04 [18.3 kB]
#12 91.33 Get:22 http://archive.ubuntu.com/ubuntu bionic/main amd64 libisl19 amd64 0.19-1 [551 kB]
#12 92.85 Get:23 http://archive.ubuntu.com/ubuntu bionic/main amd64 libmpfr6 amd64 4.0.1-1 [243 kB]
#12 93.42 Get:24 http://archive.ubuntu.com/ubuntu bionic/main amd64 libmpc3 amd64 1.1.0-1 [40.8 kB]
#12 93.66 Get:25 http://archive.ubuntu.com/ubuntu bionic-updates/main amd64 cpp-7 amd64 7.5.0-3ubuntu1~18.04 [8591 kB]
#12 119.8 Get:26 http://archive.ubuntu.com/ubuntu bionic-updates/main amd64 cpp amd64 4:7.4.0-1ubuntu2.3 [27.7 kB]
#12 120.0 Get:27 http://archive.ubuntu.com/ubuntu bionic-updates/main amd64 libcc1-0 amd64 8.4.0-1ubuntu1~18.04 [39.4 kB]
#12 120.5 Get:28 http://archive.ubuntu.com/ubuntu bionic-updates/main amd64 libgomp1 amd64 8.4.0-1ubuntu1~18.04 [76.5 kB]
#12 120.9 Get:29 http://archive.ubuntu.com/ubuntu bionic-updates/main amd64 libitm1 amd64 8.4.0-1ubuntu1~18.04 [27.9 kB]
#12 121.4 Get:30 http://archive.ubuntu.com/ubuntu bionic-updates/main amd64 libatomic1 amd64 8.4.0-1ubuntu1~18.04 [9192 B]
#12 121.6 Get:31 http://archive.ubuntu.com/ubuntu bionic-updates/main amd64 libasan4 amd64 7.5.0-3ubuntu1~18.04 [358 kB]
#12 124.7 Get:32 http://archive.ubuntu.com/ubuntu bionic-updates/main amd64 liblsan0 amd64 8.4.0-1ubuntu1~18.04 [133 kB]
#12 125.2 Get:33 http://archive.ubuntu.com/ubuntu bionic-updates/main amd64 libtsan0 amd64 8.4.0-1ubuntu1~18.04 [288 kB]
#12 126.5 Get:34 http://archive.ubuntu.com/ubuntu bionic-updates/main amd64 libubsan0 amd64 7.5.0-3ubuntu1~18.04 [126 kB]
#12 126.9 Get:35 http://archive.ubuntu.com/ubuntu bionic-updates/main amd64 libcilkrts5 amd64 7.5.0-3ubuntu1~18.04 [42.5 kB]
#12 127.2 Get:36 http://archive.ubuntu.com/ubuntu bionic-updates/main amd64 libmpx2 amd64 8.4.0-1ubuntu1~18.04 [11.6 kB]
#12 127.7 Get:37 http://archive.ubuntu.com/ubuntu bionic-updates/main amd64 libquadmath0 amd64 8.4.0-1ubuntu1~18.04 [134 kB]
#12 128.3 Get:38 http://archive.ubuntu.com/ubuntu bionic-updates/main amd64 libgcc-7-dev amd64 7.5.0-3ubuntu1~18.04 [2378 kB]
#12 137.2 Get:39 http://archive.ubuntu.com/ubuntu bionic-updates/main amd64 gcc-7 amd64 7.5.0-3ubuntu1~18.04 [9381 kB]
#12 184.4 Get:40 http://archive.ubuntu.com/ubuntu bionic-updates/main amd64 gcc amd64 4:7.4.0-1ubuntu2.3 [5184 B]
#12 184.6 Get:41 http://archive.ubuntu.com/ubuntu bionic-updates/main amd64 libstdc++-7-dev amd64 7.5.0-3ubuntu1~18.04 [1471 kB]
#12 192.9 Get:42 http://archive.ubuntu.com/ubuntu bionic-updates/main amd64 g++-7 amd64 7.5.0-3ubuntu1~18.04 [9697 kB]
#12 239.1 Get:43 http://archive.ubuntu.com/ubuntu bionic-updates/main amd64 g++ amd64 4:7.4.0-1ubuntu2.3 [1568 B]
#12 239.4 Get:44 http://archive.ubuntu.com/ubuntu bionic/main amd64 make amd64 4.1-9.1ubuntu1 [154 kB]
#12 240.2 Get:45 http://archive.ubuntu.com/ubuntu bionic-updates/main amd64 libdpkg-perl all 1.19.0.5ubuntu2.4 [212 kB]
#12 241.2 Get:46 http://archive.ubuntu.com/ubuntu bionic-updates/main amd64 patch amd64 2.7.6-2ubuntu1.1 [102 kB]
#12 242.1 Get:47 http://archive.ubuntu.com/ubuntu bionic-updates/main amd64 dpkg-dev all 1.19.0.5ubuntu2.4 [607 kB]
#12 248.1 Get:48 http://archive.ubuntu.com/ubuntu bionic/main amd64 build-essential amd64 12.4ubuntu1 [4758 B]
#12 248.6 Get:49 http://archive.ubuntu.com/ubuntu bionic/universe amd64 daemontools amd64 1:0.76-6.1 [57.7 kB]
#12 249.5 Get:50 http://archive.ubuntu.com/ubuntu bionic/main amd64 libassuan0 amd64 2.5.1-2 [35.0 kB]
#12 251.7 Get:51 http://archive.ubuntu.com/ubuntu bionic-updates/main amd64 gpgconf amd64 2.2.4-1ubuntu1.6 [124 kB]
#12 254.2 Get:52 http://archive.ubuntu.com/ubuntu bionic-updates/main amd64 libksba8 amd64 1.3.5-2ubuntu0.18.04.2 [94.6 kB]
#12 256.5 Get:53 http://archive.ubuntu.com/ubuntu bionic-updates/main amd64 libroken18-heimdal amd64 7.5.0+dfsg-1ubuntu0.4 [42.3 kB]
#12 257.7 Get:54 http://archive.ubuntu.com/ubuntu bionic-updates/main amd64 libasn1-8-heimdal amd64 7.5.0+dfsg-1ubuntu0.4 [175 kB]
#12 261.7 Get:55 http://archive.ubuntu.com/ubuntu bionic-updates/main amd64 libheimbase1-heimdal amd64 7.5.0+dfsg-1ubuntu0.4 [30.3 kB]
#12 262.0 Get:56 http://archive.ubuntu.com/ubuntu bionic-updates/main amd64 libhcrypto4-heimdal amd64 7.5.0+dfsg-1ubuntu0.4 [85.9 kB]
#12 264.0 Get:57 http://archive.ubuntu.com/ubuntu bionic-updates/main amd64 libwind0-heimdal amd64 7.5.0+dfsg-1ubuntu0.4 [48.0 kB]
#12 265.5 Get:58 http://archive.ubuntu.com/ubuntu bionic-updates/main amd64 libhx509-5-heimdal amd64 7.5.0+dfsg-1ubuntu0.4 [107 kB]
#12 268.0 Get:59 http://archive.ubuntu.com/ubuntu bionic-updates/main amd64 libkrb5-26-heimdal amd64 7.5.0+dfsg-1ubuntu0.4 [207 kB]
#12 272.4 Get:60 http://archive.ubuntu.com/ubuntu bionic-updates/main amd64 libheimntlm0-heimdal amd64 7.5.0+dfsg-1ubuntu0.4 [14.8 kB]
#12 273.1 Get:61 http://archive.ubuntu.com/ubuntu bionic-updates/main amd64 libgssapi3-heimdal amd64 7.5.0+dfsg-1ubuntu0.4 [96.7 kB]
#12 275.8 Get:62 http://archive.ubuntu.com/ubuntu bionic-updates/main amd64 libsasl2-modules-db amd64 2.1.27~101-g0780600+dfsg-3ubuntu2.4 [15.0 kB]
#12 276.1 Get:63 http://archive.ubuntu.com/ubuntu bionic-updates/main amd64 libsasl2-2 amd64 2.1.27~101-g0780600+dfsg-3ubuntu2.4 [49.2 kB]
#12 277.5 Get:64 http://archive.ubuntu.com/ubuntu bionic-updates/main amd64 libldap-common all 2.4.45+dfsg-1ubuntu1.11 [15.8 kB]
#12 279.2 Get:65 http://archive.ubuntu.com/ubuntu bionic-updates/main amd64 libldap-2.4-2 amd64 2.4.45+dfsg-1ubuntu1.11 [154 kB]
#12 282.7 Get:66 http://archive.ubuntu.com/ubuntu bionic/main amd64 libnpth0 amd64 1.5-3 [7668 B]
#12 283.4 Get:67 http://archive.ubuntu.com/ubuntu bionic-updates/main amd64 dirmngr amd64 2.2.4-1ubuntu1.6 [317 kB]
#12 290.4 Get:68 http://archive.ubuntu.com/ubuntu bionic/main amd64 libfakeroot amd64 1.22-2ubuntu1 [25.9 kB]
#12 291.3 Get:69 http://archive.ubuntu.com/ubuntu bionic/main amd64 fakeroot amd64 1.22-2ubuntu1 [62.3 kB]
#12 294.9 Get:70 http://archive.ubuntu.com/ubuntu bionic-updates/main amd64 gnupg-l10n all 2.2.4-1ubuntu1.6 [50.1 kB]
#12 296.9 Get:71 http://archive.ubuntu.com/ubuntu bionic-updates/main amd64 gnupg-utils amd64 2.2.4-1ubuntu1.6 [128 kB]
#12 300.2 Get:72 http://archive.ubuntu.com/ubuntu bionic-updates/main amd64 gpg amd64 2.2.4-1ubuntu1.6 [468 kB]
#12 312.1 Get:73 http://archive.ubuntu.com/ubuntu bionic/main amd64 pinentry-curses amd64 1.1.0-1 [35.8 kB]
#12 313.3 Get:74 http://archive.ubuntu.com/ubuntu bionic-updates/main amd64 gpg-agent amd64 2.2.4-1ubuntu1.6 [227 kB]
#12 319.8 Get:75 http://archive.ubuntu.com/ubuntu bionic-updates/main amd64 gpg-wks-client amd64 2.2.4-1ubuntu1.6 [91.8 kB]
#12 322.5 Get:76 http://archive.ubuntu.com/ubuntu bionic-updates/main amd64 gpg-wks-server amd64 2.2.4-1ubuntu1.6 [85.0 kB]
#12 325.0 Get:77 http://archive.ubuntu.com/ubuntu bionic-updates/main amd64 gpgsm amd64 2.2.4-1ubuntu1.6 [215 kB]
#12 330.5 Get:78 http://archive.ubuntu.com/ubuntu bionic-updates/main amd64 gnupg amd64 2.2.4-1ubuntu1.6 [249 kB]
#12 336.4 Get:79 http://archive.ubuntu.com/ubuntu bionic/main amd64 libalgorithm-diff-perl all 1.19.03-1 [47.6 kB]
#12 337.8 Get:80 http://archive.ubuntu.com/ubuntu bionic/main amd64 libalgorithm-diff-xs-perl amd64 0.04-5 [11.1 kB]
#12 338.5 Get:81 http://archive.ubuntu.com/ubuntu bionic/main amd64 libalgorithm-merge-perl all 0.08-3 [12.0 kB]
#12 339.6 Get:82 http://archive.ubuntu.com/ubuntu bionic/main amd64 libfile-fcntllock-perl amd64 0.22-3build2 [33.2 kB]
#12 340.2 Get:83 http://archive.ubuntu.com/ubuntu bionic-updates/main amd64 libsasl2-modules amd64 2.1.27~101-g0780600+dfsg-3ubuntu2.4 [48.9 kB]
#12 341.7 Get:84 http://archive.ubuntu.com/ubuntu bionic/main amd64 manpages-dev all 4.15-1 [2217 kB]
#12 415.7 debconf: delaying package configuration, since apt-utils is not installed
#12 415.7 Fetched 56.4 MB in 6min 48s (138 kB/s)
#12 415.7 Selecting previously unselected package liblocale-gettext-perl.
#12 415.7 (Reading database ... 
(Reading database ... 5%
(Reading database ... 10%
(Reading database ... 15%
(Reading database ... 20%
(Reading database ... 25%
(Reading database ... 30%
(Reading database ... 35%
(Reading database ... 40%
(Reading database ... 45%
(Reading database ... 50%
(Reading database ... 55%
(Reading database ... 60%
(Reading database ... 65%
(Reading database ... 70%
(Reading database ... 75%
(Reading database ... 80%
(Reading database ... 85%
(Reading database ... 90%
(Reading database ... 95%
(Reading database ... 100%
(Reading database ... 4105 files and directories currently installed.)
#12 415.7 Preparing to unpack .../00-liblocale-gettext-perl_1.07-3build2_amd64.deb ...
#12 415.7 Unpacking liblocale-gettext-perl (1.07-3build2) ...
#12 415.7 Selecting previously unselected package perl-modules-5.26.
#12 415.7 Preparing to unpack .../01-perl-modules-5.26_5.26.1-6ubuntu0.7_all.deb ...
#12 415.7 Unpacking perl-modules-5.26 (5.26.1-6ubuntu0.7) ...
#12 416.1 Selecting previously unselected package libgdbm5:amd64.
#12 416.1 Preparing to unpack .../02-libgdbm5_1.14.1-6_amd64.deb ...
#12 416.1 Unpacking libgdbm5:amd64 (1.14.1-6) ...
#12 416.1 Selecting previously unselected package libgdbm-compat4:amd64.
#12 416.1 Preparing to unpack .../03-libgdbm-compat4_1.14.1-6_amd64.deb ...
#12 416.1 Unpacking libgdbm-compat4:amd64 (1.14.1-6) ...
#12 416.1 Selecting previously unselected package libperl5.26:amd64.
#12 416.1 Preparing to unpack .../04-libperl5.26_5.26.1-6ubuntu0.7_amd64.deb ...
#12 416.1 Unpacking libperl5.26:amd64 (5.26.1-6ubuntu0.7) ...
#12 416.5 Selecting previously unselected package perl.
#12 416.5 Preparing to unpack .../05-perl_5.26.1-6ubuntu0.7_amd64.deb ...
#12 416.6 Unpacking perl (5.26.1-6ubuntu0.7) ...
#12 416.6 Selecting previously unselected package readline-common.
#12 416.6 Preparing to unpack .../06-readline-common_7.0-3_all.deb ...
#12 416.6 Unpacking readline-common (7.0-3) ...
#12 416.6 Selecting previously unselected package libreadline7:amd64.
#12 416.6 Preparing to unpack .../07-libreadline7_7.0-3_amd64.deb ...
#12 416.6 Unpacking libreadline7:amd64 (7.0-3) ...
#12 416.6 Selecting previously unselected package libsqlite3-0:amd64.
#12 416.6 Preparing to unpack .../08-libsqlite3-0_3.22.0-1ubuntu0.7_amd64.deb ...
#12 416.7 Unpacking libsqlite3-0:amd64 (3.22.0-1ubuntu0.7) ...
#12 416.7 Selecting previously unselected package libssl1.1:amd64.
#12 416.7 Preparing to unpack .../09-libssl1.1_1.1.1-1ubuntu2.1~18.04.23_amd64.deb ...
#12 416.7 Unpacking libssl1.1:amd64 (1.1.1-1ubuntu2.1~18.04.23) ...
#12 416.9 Selecting previously unselected package netbase.
#12 416.9 Preparing to unpack .../10-netbase_5.4_all.deb ...
#12 416.9 Unpacking netbase (5.4) ...
#12 416.9 Selecting previously unselected package xz-utils.
#12 416.9 Preparing to unpack .../11-xz-utils_5.2.2-1.3ubuntu0.1_amd64.deb ...
#12 416.9 Unpacking xz-utils (5.2.2-1.3ubuntu0.1) ...
#12 416.9 Selecting previously unselected package manpages.
#12 416.9 Preparing to unpack .../12-manpages_4.15-1_all.deb ...
#12 416.9 Unpacking manpages (4.15-1) ...
#12 417.0 Selecting previously unselected package binutils-common:amd64.
#12 417.0 Preparing to unpack .../13-binutils-common_2.30-21ubuntu1~18.04.9_amd64.deb ...
#12 417.0 Unpacking binutils-common:amd64 (2.30-21ubuntu1~18.04.9) ...
#12 417.0 Selecting previously unselected package libbinutils:amd64.
#12 417.0 Preparing to unpack .../14-libbinutils_2.30-21ubuntu1~18.04.9_amd64.deb ...
#12 417.0 Unpacking libbinutils:amd64 (2.30-21ubuntu1~18.04.9) ...
#12 417.1 Selecting previously unselected package binutils-x86-64-linux-gnu.
#12 417.1 Preparing to unpack .../15-binutils-x86-64-linux-gnu_2.30-21ubuntu1~18.04.9_amd64.deb ...
#12 417.1 Unpacking binutils-x86-64-linux-gnu (2.30-21ubuntu1~18.04.9) ...
#12 417.4 Selecting previously unselected package binutils.
#12 417.4 Preparing to unpack .../16-binutils_2.30-21ubuntu1~18.04.9_amd64.deb ...
#12 417.4 Unpacking binutils (2.30-21ubuntu1~18.04.9) ...
#12 417.4 Selecting previously unselected package libc-dev-bin.
#12 417.4 Preparing to unpack .../17-libc-dev-bin_2.27-3ubuntu1.6_amd64.deb ...
#12 417.4 Unpacking libc-dev-bin (2.27-3ubuntu1.6) ...
#12 417.4 Selecting previously unselected package linux-libc-dev:amd64.
#12 417.4 Preparing to unpack .../18-linux-libc-dev_4.15.0-213.224_amd64.deb ...
#12 417.4 Unpacking linux-libc-dev:amd64 (4.15.0-213.224) ...
#12 417.5 Selecting previously unselected package libc6-dev:amd64.
#12 417.5 Preparing to unpack .../19-libc6-dev_2.27-3ubuntu1.6_amd64.deb ...
#12 417.5 Unpacking libc6-dev:amd64 (2.27-3ubuntu1.6) ...
#12 417.9 Selecting previously unselected package gcc-7-base:amd64.
#12 417.9 Preparing to unpack .../20-gcc-7-base_7.5.0-3ubuntu1~18.04_amd64.deb ...
#12 417.9 Unpacking gcc-7-base:amd64 (7.5.0-3ubuntu1~18.04) ...
#12 417.9 Selecting previously unselected package libisl19:amd64.
#12 417.9 Preparing to unpack .../21-libisl19_0.19-1_amd64.deb ...
#12 417.9 Unpacking libisl19:amd64 (0.19-1) ...
#12 418.0 Selecting previously unselected package libmpfr6:amd64.
#12 418.0 Preparing to unpack .../22-libmpfr6_4.0.1-1_amd64.deb ...
#12 418.0 Unpacking libmpfr6:amd64 (4.0.1-1) ...
#12 418.0 Selecting previously unselected package libmpc3:amd64.
#12 418.0 Preparing to unpack .../23-libmpc3_1.1.0-1_amd64.deb ...
#12 418.0 Unpacking libmpc3:amd64 (1.1.0-1) ...
#12 418.0 Selecting previously unselected package cpp-7.
#12 418.0 Preparing to unpack .../24-cpp-7_7.5.0-3ubuntu1~18.04_amd64.deb ...
#12 418.0 Unpacking cpp-7 (7.5.0-3ubuntu1~18.04) ...
#12 418.9 Selecting previously unselected package cpp.
#12 418.9 Preparing to unpack .../25-cpp_4%3a7.4.0-1ubuntu2.3_amd64.deb ...
#12 418.9 Unpacking cpp (4:7.4.0-1ubuntu2.3) ...
#12 418.9 Selecting previously unselected package libcc1-0:amd64.
#12 418.9 Preparing to unpack .../26-libcc1-0_8.4.0-1ubuntu1~18.04_amd64.deb ...
#12 418.9 Unpacking libcc1-0:amd64 (8.4.0-1ubuntu1~18.04) ...
#12 419.0 Selecting previously unselected package libgomp1:amd64.
#12 419.0 Preparing to unpack .../27-libgomp1_8.4.0-1ubuntu1~18.04_amd64.deb ...
#12 419.0 Unpacking libgomp1:amd64 (8.4.0-1ubuntu1~18.04) ...
#12 419.0 Selecting previously unselected package libitm1:amd64.
#12 419.0 Preparing to unpack .../28-libitm1_8.4.0-1ubuntu1~18.04_amd64.deb ...
#12 419.0 Unpacking libitm1:amd64 (8.4.0-1ubuntu1~18.04) ...
#12 419.0 Selecting previously unselected package libatomic1:amd64.
#12 419.0 Preparing to unpack .../29-libatomic1_8.4.0-1ubuntu1~18.04_amd64.deb ...
#12 419.0 Unpacking libatomic1:amd64 (8.4.0-1ubuntu1~18.04) ...
#12 419.0 Selecting previously unselected package libasan4:amd64.
#12 419.0 Preparing to unpack .../30-libasan4_7.5.0-3ubuntu1~18.04_amd64.deb ...
#12 419.0 Unpacking libasan4:amd64 (7.5.0-3ubuntu1~18.04) ...
#12 419.1 Selecting previously unselected package liblsan0:amd64.
#12 419.1 Preparing to unpack .../31-liblsan0_8.4.0-1ubuntu1~18.04_amd64.deb ...
#12 419.1 Unpacking liblsan0:amd64 (8.4.0-1ubuntu1~18.04) ...
#12 419.1 Selecting previously unselected package libtsan0:amd64.
#12 419.1 Preparing to unpack .../32-libtsan0_8.4.0-1ubuntu1~18.04_amd64.deb ...
#12 419.1 Unpacking libtsan0:amd64 (8.4.0-1ubuntu1~18.04) ...
#12 419.1 Selecting previously unselected package libubsan0:amd64.
#12 419.1 Preparing to unpack .../33-libubsan0_7.5.0-3ubuntu1~18.04_amd64.deb ...
#12 419.1 Unpacking libubsan0:amd64 (7.5.0-3ubuntu1~18.04) ...
#12 419.1 Selecting previously unselected package libcilkrts5:amd64.
#12 419.1 Preparing to unpack .../34-libcilkrts5_7.5.0-3ubuntu1~18.04_amd64.deb ...
#12 419.1 Unpacking libcilkrts5:amd64 (7.5.0-3ubuntu1~18.04) ...
#12 419.2 Selecting previously unselected package libmpx2:amd64.
#12 419.2 Preparing to unpack .../35-libmpx2_8.4.0-1ubuntu1~18.04_amd64.deb ...
#12 419.2 Unpacking libmpx2:amd64 (8.4.0-1ubuntu1~18.04) ...
#12 419.2 Selecting previously unselected package libquadmath0:amd64.
#12 419.2 Preparing to unpack .../36-libquadmath0_8.4.0-1ubuntu1~18.04_amd64.deb ...
#12 419.2 Unpacking libquadmath0:amd64 (8.4.0-1ubuntu1~18.04) ...
#12 419.2 Selecting previously unselected package libgcc-7-dev:amd64.
#12 419.2 Preparing to unpack .../37-libgcc-7-dev_7.5.0-3ubuntu1~18.04_amd64.deb ...
#12 419.2 Unpacking libgcc-7-dev:amd64 (7.5.0-3ubuntu1~18.04) ...
#12 419.4 Selecting previously unselected package gcc-7.
#12 419.5 Preparing to unpack .../38-gcc-7_7.5.0-3ubuntu1~18.04_amd64.deb ...
#12 419.5 Unpacking gcc-7 (7.5.0-3ubuntu1~18.04) ...
#12 420.4 Selecting previously unselected package gcc.
#12 420.4 Preparing to unpack .../39-gcc_4%3a7.4.0-1ubuntu2.3_amd64.deb ...
#12 420.4 Unpacking gcc (4:7.4.0-1ubuntu2.3) ...
#12 420.5 Selecting previously unselected package libstdc++-7-dev:amd64.
#12 420.5 Preparing to unpack .../40-libstdc++-7-dev_7.5.0-3ubuntu1~18.04_amd64.deb ...
#12 420.5 Unpacking libstdc++-7-dev:amd64 (7.5.0-3ubuntu1~18.04) ...
#12 420.7 Selecting previously unselected package g++-7.
#12 420.7 Preparing to unpack .../41-g++-7_7.5.0-3ubuntu1~18.04_amd64.deb ...
#12 420.7 Unpacking g++-7 (7.5.0-3ubuntu1~18.04) ...
#12 421.7 Selecting previously unselected package g++.
#12 421.7 Preparing to unpack .../42-g++_4%3a7.4.0-1ubuntu2.3_amd64.deb ...
#12 421.7 Unpacking g++ (4:7.4.0-1ubuntu2.3) ...
#12 421.7 Selecting previously unselected package make.
#12 421.7 Preparing to unpack .../43-make_4.1-9.1ubuntu1_amd64.deb ...
#12 421.7 Unpacking make (4.1-9.1ubuntu1) ...
#12 421.7 Selecting previously unselected package libdpkg-perl.
#12 421.7 Preparing to unpack .../44-libdpkg-perl_1.19.0.5ubuntu2.4_all.deb ...
#12 421.7 Unpacking libdpkg-perl (1.19.0.5ubuntu2.4) ...
#12 421.8 Selecting previously unselected package patch.
#12 421.8 Preparing to unpack .../45-patch_2.7.6-2ubuntu1.1_amd64.deb ...
#12 421.8 Unpacking patch (2.7.6-2ubuntu1.1) ...
#12 421.8 Selecting previously unselected package dpkg-dev.
#12 421.8 Preparing to unpack .../46-dpkg-dev_1.19.0.5ubuntu2.4_all.deb ...
#12 421.8 Unpacking dpkg-dev (1.19.0.5ubuntu2.4) ...
#12 421.9 Selecting previously unselected package build-essential.
#12 421.9 Preparing to unpack .../47-build-essential_12.4ubuntu1_amd64.deb ...
#12 421.9 Unpacking build-essential (12.4ubuntu1) ...
#12 421.9 Selecting previously unselected package daemontools.
#12 421.9 Preparing to unpack .../48-daemontools_1%3a0.76-6.1_amd64.deb ...
#12 421.9 Unpacking daemontools (1:0.76-6.1) ...
#12 421.9 Selecting previously unselected package libassuan0:amd64.
#12 421.9 Preparing to unpack .../49-libassuan0_2.5.1-2_amd64.deb ...
#12 421.9 Unpacking libassuan0:amd64 (2.5.1-2) ...
#12 421.9 Selecting previously unselected package gpgconf.
#12 421.9 Preparing to unpack .../50-gpgconf_2.2.4-1ubuntu1.6_amd64.deb ...
#12 421.9 Unpacking gpgconf (2.2.4-1ubuntu1.6) ...
#12 422.0 Selecting previously unselected package libksba8:amd64.
#12 422.0 Preparing to unpack .../51-libksba8_1.3.5-2ubuntu0.18.04.2_amd64.deb ...
#12 422.0 Unpacking libksba8:amd64 (1.3.5-2ubuntu0.18.04.2) ...
#12 422.0 Selecting previously unselected package libroken18-heimdal:amd64.
#12 422.0 Preparing to unpack .../52-libroken18-heimdal_7.5.0+dfsg-1ubuntu0.4_amd64.deb ...
#12 422.0 Unpacking libroken18-heimdal:amd64 (7.5.0+dfsg-1ubuntu0.4) ...
#12 422.0 Selecting previously unselected package libasn1-8-heimdal:amd64.
#12 422.0 Preparing to unpack .../53-libasn1-8-heimdal_7.5.0+dfsg-1ubuntu0.4_amd64.deb ...
#12 422.0 Unpacking libasn1-8-heimdal:amd64 (7.5.0+dfsg-1ubuntu0.4) ...
#12 422.0 Selecting previously unselected package libheimbase1-heimdal:amd64.
#12 422.0 Preparing to unpack .../54-libheimbase1-heimdal_7.5.0+dfsg-1ubuntu0.4_amd64.deb ...
#12 422.0 Unpacking libheimbase1-heimdal:amd64 (7.5.0+dfsg-1ubuntu0.4) ...
#12 422.1 Selecting previously unselected package libhcrypto4-heimdal:amd64.
#12 422.1 Preparing to unpack .../55-libhcrypto4-heimdal_7.5.0+dfsg-1ubuntu0.4_amd64.deb ...
#12 422.1 Unpacking libhcrypto4-heimdal:amd64 (7.5.0+dfsg-1ubuntu0.4) ...
#12 422.1 Selecting previously unselected package libwind0-heimdal:amd64.
#12 422.1 Preparing to unpack .../56-libwind0-heimdal_7.5.0+dfsg-1ubuntu0.4_amd64.deb ...
#12 422.1 Unpacking libwind0-heimdal:amd64 (7.5.0+dfsg-1ubuntu0.4) ...
#12 422.1 Selecting previously unselected package libhx509-5-heimdal:amd64.
#12 422.1 Preparing to unpack .../57-libhx509-5-heimdal_7.5.0+dfsg-1ubuntu0.4_amd64.deb ...
#12 422.1 Unpacking libhx509-5-heimdal:amd64 (7.5.0+dfsg-1ubuntu0.4) ...
#12 422.1 Selecting previously unselected package libkrb5-26-heimdal:amd64.
#12 422.1 Preparing to unpack .../58-libkrb5-26-heimdal_7.5.0+dfsg-1ubuntu0.4_amd64.deb ...
#12 422.1 Unpacking libkrb5-26-heimdal:amd64 (7.5.0+dfsg-1ubuntu0.4) ...
#12 422.2 Selecting previously unselected package libheimntlm0-heimdal:amd64.
#12 422.2 Preparing to unpack .../59-libheimntlm0-heimdal_7.5.0+dfsg-1ubuntu0.4_amd64.deb ...
#12 422.2 Unpacking libheimntlm0-heimdal:amd64 (7.5.0+dfsg-1ubuntu0.4) ...
#12 422.2 Selecting previously unselected package libgssapi3-heimdal:amd64.
#12 422.2 Preparing to unpack .../60-libgssapi3-heimdal_7.5.0+dfsg-1ubuntu0.4_amd64.deb ...
#12 422.2 Unpacking libgssapi3-heimdal:amd64 (7.5.0+dfsg-1ubuntu0.4) ...
#12 422.2 Selecting previously unselected package libsasl2-modules-db:amd64.
#12 422.2 Preparing to unpack .../61-libsasl2-modules-db_2.1.27~101-g0780600+dfsg-3ubuntu2.4_amd64.deb ...
#12 422.2 Unpacking libsasl2-modules-db:amd64 (2.1.27~101-g0780600+dfsg-3ubuntu2.4) ...
#12 422.2 Selecting previously unselected package libsasl2-2:amd64.
#12 422.2 Preparing to unpack .../62-libsasl2-2_2.1.27~101-g0780600+dfsg-3ubuntu2.4_amd64.deb ...
#12 422.2 Unpacking libsasl2-2:amd64 (2.1.27~101-g0780600+dfsg-3ubuntu2.4) ...
#12 422.2 Selecting previously unselected package libldap-common.
#12 422.2 Preparing to unpack .../63-libldap-common_2.4.45+dfsg-1ubuntu1.11_all.deb ...
#12 422.2 Unpacking libldap-common (2.4.45+dfsg-1ubuntu1.11) ...
#12 422.3 Selecting previously unselected package libldap-2.4-2:amd64.
#12 422.3 Preparing to unpack .../64-libldap-2.4-2_2.4.45+dfsg-1ubuntu1.11_amd64.deb ...
#12 422.3 Unpacking libldap-2.4-2:amd64 (2.4.45+dfsg-1ubuntu1.11) ...
#12 422.3 Selecting previously unselected package libnpth0:amd64.
#12 422.3 Preparing to unpack .../65-libnpth0_1.5-3_amd64.deb ...
#12 422.3 Unpacking libnpth0:amd64 (1.5-3) ...
#12 422.3 Selecting previously unselected package dirmngr.
#12 422.3 Preparing to unpack .../66-dirmngr_2.2.4-1ubuntu1.6_amd64.deb ...
#12 422.3 Unpacking dirmngr (2.2.4-1ubuntu1.6) ...
#12 422.4 Selecting previously unselected package libfakeroot:amd64.
#12 422.4 Preparing to unpack .../67-libfakeroot_1.22-2ubuntu1_amd64.deb ...
#12 422.4 Unpacking libfakeroot:amd64 (1.22-2ubuntu1) ...
#12 422.4 Selecting previously unselected package fakeroot.
#12 422.4 Preparing to unpack .../68-fakeroot_1.22-2ubuntu1_amd64.deb ...
#12 422.4 Unpacking fakeroot (1.22-2ubuntu1) ...
#12 422.4 Selecting previously unselected package gnupg-l10n.
#12 422.4 Preparing to unpack .../69-gnupg-l10n_2.2.4-1ubuntu1.6_all.deb ...
#12 422.4 Unpacking gnupg-l10n (2.2.4-1ubuntu1.6) ...
#12 422.4 Selecting previously unselected package gnupg-utils.
#12 422.4 Preparing to unpack .../70-gnupg-utils_2.2.4-1ubuntu1.6_amd64.deb ...
#12 422.4 Unpacking gnupg-utils (2.2.4-1ubuntu1.6) ...
#12 422.4 Selecting previously unselected package gpg.
#12 422.4 Preparing to unpack .../71-gpg_2.2.4-1ubuntu1.6_amd64.deb ...
#12 422.4 Unpacking gpg (2.2.4-1ubuntu1.6) ...
#12 422.5 Selecting previously unselected package pinentry-curses.
#12 422.5 Preparing to unpack .../72-pinentry-curses_1.1.0-1_amd64.deb ...
#12 422.5 Unpacking pinentry-curses (1.1.0-1) ...
#12 422.5 Selecting previously unselected package gpg-agent.
#12 422.5 Preparing to unpack .../73-gpg-agent_2.2.4-1ubuntu1.6_amd64.deb ...
#12 422.5 Unpacking gpg-agent (2.2.4-1ubuntu1.6) ...
#12 422.6 Selecting previously unselected package gpg-wks-client.
#12 422.6 Preparing to unpack .../74-gpg-wks-client_2.2.4-1ubuntu1.6_amd64.deb ...
#12 422.6 Unpacking gpg-wks-client (2.2.4-1ubuntu1.6) ...
#12 422.6 Selecting previously unselected package gpg-wks-server.
#12 422.6 Preparing to unpack .../75-gpg-wks-server_2.2.4-1ubuntu1.6_amd64.deb ...
#12 422.6 Unpacking gpg-wks-server (2.2.4-1ubuntu1.6) ...
#12 422.6 Selecting previously unselected package gpgsm.
#12 422.6 Preparing to unpack .../76-gpgsm_2.2.4-1ubuntu1.6_amd64.deb ...
#12 422.6 Unpacking gpgsm (2.2.4-1ubuntu1.6) ...
#12 422.6 Selecting previously unselected package gnupg.
#12 422.6 Preparing to unpack .../77-gnupg_2.2.4-1ubuntu1.6_amd64.deb ...
#12 422.6 Unpacking gnupg (2.2.4-1ubuntu1.6) ...
#12 422.7 Selecting previously unselected package libalgorithm-diff-perl.
#12 422.7 Preparing to unpack .../78-libalgorithm-diff-perl_1.19.03-1_all.deb ...
#12 422.7 Unpacking libalgorithm-diff-perl (1.19.03-1) ...
#12 422.7 Selecting previously unselected package libalgorithm-diff-xs-perl.
#12 422.7 Preparing to unpack .../79-libalgorithm-diff-xs-perl_0.04-5_amd64.deb ...
#12 422.7 Unpacking libalgorithm-diff-xs-perl (0.04-5) ...
#12 422.7 Selecting previously unselected package libalgorithm-merge-perl.
#12 422.7 Preparing to unpack .../80-libalgorithm-merge-perl_0.08-3_all.deb ...
#12 422.7 Unpacking libalgorithm-merge-perl (0.08-3) ...
#12 422.7 Selecting previously unselected package libfile-fcntllock-perl.
#12 422.7 Preparing to unpack .../81-libfile-fcntllock-perl_0.22-3build2_amd64.deb ...
#12 422.7 Unpacking libfile-fcntllock-perl (0.22-3build2) ...
#12 422.7 Selecting previously unselected package libsasl2-modules:amd64.
#12 422.7 Preparing to unpack .../82-libsasl2-modules_2.1.27~101-g0780600+dfsg-3ubuntu2.4_amd64.deb ...
#12 422.7 Unpacking libsasl2-modules:amd64 (2.1.27~101-g0780600+dfsg-3ubuntu2.4) ...
#12 422.8 Selecting previously unselected package manpages-dev.
#12 422.8 Preparing to unpack .../83-manpages-dev_4.15-1_all.deb ...
#12 422.8 Unpacking manpages-dev (4.15-1) ...
#12 423.1 Setting up libquadmath0:amd64 (8.4.0-1ubuntu1~18.04) ...
#12 423.1 Setting up libnpth0:amd64 (1.5-3) ...
#12 423.1 Setting up libgomp1:amd64 (8.4.0-1ubuntu1~18.04) ...
#12 423.1 Setting up libatomic1:amd64 (8.4.0-1ubuntu1~18.04) ...
#12 423.1 Setting up readline-common (7.0-3) ...
#12 423.1 Setting up manpages (4.15-1) ...
#12 423.1 Setting up daemontools (1:0.76-6.1) ...
#12 423.1 Setting up libcc1-0:amd64 (8.4.0-1ubuntu1~18.04) ...
#12 423.1 Setting up make (4.1-9.1ubuntu1) ...
#12 423.1 Setting up libldap-common (2.4.45+dfsg-1ubuntu1.11) ...
#12 423.1 Setting up libreadline7:amd64 (7.0-3) ...
#12 423.1 Setting up libtsan0:amd64 (8.4.0-1ubuntu1~18.04) ...
#12 423.1 Setting up libsasl2-modules-db:amd64 (2.1.27~101-g0780600+dfsg-3ubuntu2.4) ...
#12 423.1 Setting up linux-libc-dev:amd64 (4.15.0-213.224) ...
#12 423.1 Setting up libmpfr6:amd64 (4.0.1-1) ...
#12 423.1 Setting up libsasl2-2:amd64 (2.1.27~101-g0780600+dfsg-3ubuntu2.4) ...
#12 423.1 Setting up libroken18-heimdal:amd64 (7.5.0+dfsg-1ubuntu0.4) ...
#12 423.1 Setting up libksba8:amd64 (1.3.5-2ubuntu0.18.04.2) ...
#12 423.1 Setting up perl-modules-5.26 (5.26.1-6ubuntu0.7) ...
#12 423.1 Setting up libgdbm5:amd64 (1.14.1-6) ...
#12 423.1 Setting up gnupg-l10n (2.2.4-1ubuntu1.6) ...
#12 423.1 Setting up liblsan0:amd64 (8.4.0-1ubuntu1~18.04) ...
#12 423.1 Setting up gcc-7-base:amd64 (7.5.0-3ubuntu1~18.04) ...
#12 423.1 Setting up binutils-common:amd64 (2.30-21ubuntu1~18.04.9) ...
#12 423.1 Setting up libmpx2:amd64 (8.4.0-1ubuntu1~18.04) ...
#12 423.1 Setting up patch (2.7.6-2ubuntu1.1) ...
#12 423.1 Setting up libssl1.1:amd64 (1.1.1-1ubuntu2.1~18.04.23) ...
#12 423.2 debconf: unable to initialize frontend: Dialog
#12 423.2 debconf: (TERM is not set, so the dialog frontend is not usable.)
#12 423.2 debconf: falling back to frontend: Readline
#12 423.2 Setting up xz-utils (5.2.2-1.3ubuntu0.1) ...
#12 423.2 update-alternatives: using /usr/bin/xz to provide /usr/bin/lzma (lzma) in auto mode
#12 423.2 update-alternatives: warning: skip creation of /usr/share/man/man1/lzma.1.gz because associated file /usr/share/man/man1/xz.1.gz (of link group lzma) doesn't exist
#12 423.2 update-alternatives: warning: skip creation of /usr/share/man/man1/unlzma.1.gz because associated file /usr/share/man/man1/unxz.1.gz (of link group lzma) doesn't exist
#12 423.2 update-alternatives: warning: skip creation of /usr/share/man/man1/lzcat.1.gz because associated file /usr/share/man/man1/xzcat.1.gz (of link group lzma) doesn't exist
#12 423.2 update-alternatives: warning: skip creation of /usr/share/man/man1/lzmore.1.gz because associated file /usr/share/man/man1/xzmore.1.gz (of link group lzma) doesn't exist
#12 423.2 update-alternatives: warning: skip creation of /usr/share/man/man1/lzless.1.gz because associated file /usr/share/man/man1/xzless.1.gz (of link group lzma) doesn't exist
#12 423.2 update-alternatives: warning: skip creation of /usr/share/man/man1/lzdiff.1.gz because associated file /usr/share/man/man1/xzdiff.1.gz (of link group lzma) doesn't exist
#12 423.2 update-alternatives: warning: skip creation of /usr/share/man/man1/lzcmp.1.gz because associated file /usr/share/man/man1/xzcmp.1.gz (of link group lzma) doesn't exist
#12 423.2 update-alternatives: warning: skip creation of /usr/share/man/man1/lzgrep.1.gz because associated file /usr/share/man/man1/xzgrep.1.gz (of link group lzma) doesn't exist
#12 423.2 update-alternatives: warning: skip creation of /usr/share/man/man1/lzegrep.1.gz because associated file /usr/share/man/man1/xzegrep.1.gz (of link group lzma) doesn't exist
#12 423.2 update-alternatives: warning: skip creation of /usr/share/man/man1/lzfgrep.1.gz because associated file /usr/share/man/man1/xzfgrep.1.gz (of link group lzma) doesn't exist
#12 423.2 Setting up libheimbase1-heimdal:amd64 (7.5.0+dfsg-1ubuntu0.4) ...
#12 423.2 Setting up libfakeroot:amd64 (1.22-2ubuntu1) ...
#12 423.2 Setting up libsqlite3-0:amd64 (3.22.0-1ubuntu0.7) ...
#12 423.2 Setting up liblocale-gettext-perl (1.07-3build2) ...
#12 423.2 Setting up libmpc3:amd64 (1.1.0-1) ...
#12 423.2 Setting up libc-dev-bin (2.27-3ubuntu1.6) ...
#12 423.2 Setting up libgdbm-compat4:amd64 (1.14.1-6) ...
#12 423.2 Setting up libsasl2-modules:amd64 (2.1.27~101-g0780600+dfsg-3ubuntu2.4) ...
#12 423.2 Setting up manpages-dev (4.15-1) ...
#12 423.2 Setting up libc6-dev:amd64 (2.27-3ubuntu1.6) ...
#12 423.2 Setting up libassuan0:amd64 (2.5.1-2) ...
#12 423.2 Setting up libitm1:amd64 (8.4.0-1ubuntu1~18.04) ...
#12 423.2 Setting up netbase (5.4) ...
#12 423.2 Setting up libisl19:amd64 (0.19-1) ...
#12 423.2 Setting up libwind0-heimdal:amd64 (7.5.0+dfsg-1ubuntu0.4) ...
#12 423.2 Setting up libasan4:amd64 (7.5.0-3ubuntu1~18.04) ...
#12 423.2 Setting up libbinutils:amd64 (2.30-21ubuntu1~18.04.9) ...
#12 423.2 Setting up libcilkrts5:amd64 (7.5.0-3ubuntu1~18.04) ...
#12 423.2 Setting up libasn1-8-heimdal:amd64 (7.5.0+dfsg-1ubuntu0.4) ...
#12 423.2 Setting up libubsan0:amd64 (7.5.0-3ubuntu1~18.04) ...
#12 423.2 Setting up gpgconf (2.2.4-1ubuntu1.6) ...
#12 423.2 Setting up libhcrypto4-heimdal:amd64 (7.5.0+dfsg-1ubuntu0.4) ...
#12 423.2 Setting up fakeroot (1.22-2ubuntu1) ...
#12 423.2 update-alternatives: using /usr/bin/fakeroot-sysv to provide /usr/bin/fakeroot (fakeroot) in auto mode
#12 423.2 update-alternatives: warning: skip creation of /usr/share/man/man1/fakeroot.1.gz because associated file /usr/share/man/man1/fakeroot-sysv.1.gz (of link group fakeroot) doesn't exist
#12 423.2 update-alternatives: warning: skip creation of /usr/share/man/man1/faked.1.gz because associated file /usr/share/man/man1/faked-sysv.1.gz (of link group fakeroot) doesn't exist
#12 423.2 update-alternatives: warning: skip creation of /usr/share/man/es/man1/fakeroot.1.gz because associated file /usr/share/man/es/man1/fakeroot-sysv.1.gz (of link group fakeroot) doesn't exist
#12 423.2 update-alternatives: warning: skip creation of /usr/share/man/es/man1/faked.1.gz because associated file /usr/share/man/es/man1/faked-sysv.1.gz (of link group fakeroot) doesn't exist
#12 423.2 update-alternatives: warning: skip creation of /usr/share/man/fr/man1/fakeroot.1.gz because associated file /usr/share/man/fr/man1/fakeroot-sysv.1.gz (of link group fakeroot) doesn't exist
#12 423.2 update-alternatives: warning: skip creation of /usr/share/man/fr/man1/faked.1.gz because associated file /usr/share/man/fr/man1/faked-sysv.1.gz (of link group fakeroot) doesn't exist
#12 423.2 update-alternatives: warning: skip creation of /usr/share/man/sv/man1/fakeroot.1.gz because associated file /usr/share/man/sv/man1/fakeroot-sysv.1.gz (of link group fakeroot) doesn't exist
#12 423.2 update-alternatives: warning: skip creation of /usr/share/man/sv/man1/faked.1.gz because associated file /usr/share/man/sv/man1/faked-sysv.1.gz (of link group fakeroot) doesn't exist
#12 423.2 Setting up libhx509-5-heimdal:amd64 (7.5.0+dfsg-1ubuntu0.4) ...
#12 423.2 Setting up libgcc-7-dev:amd64 (7.5.0-3ubuntu1~18.04) ...
#12 423.2 Setting up cpp-7 (7.5.0-3ubuntu1~18.04) ...
#12 423.2 Setting up libstdc++-7-dev:amd64 (7.5.0-3ubuntu1~18.04) ...
#12 423.2 Setting up libperl5.26:amd64 (5.26.1-6ubuntu0.7) ...
#12 423.2 Setting up gpgsm (2.2.4-1ubuntu1.6) ...
#12 423.2 Setting up gnupg-utils (2.2.4-1ubuntu1.6) ...
#12 423.2 Setting up pinentry-curses (1.1.0-1) ...
#12 423.2 Setting up libkrb5-26-heimdal:amd64 (7.5.0+dfsg-1ubuntu0.4) ...
#12 423.2 Setting up libheimntlm0-heimdal:amd64 (7.5.0+dfsg-1ubuntu0.4) ...
#12 423.2 Setting up gpg (2.2.4-1ubuntu1.6) ...
#12 423.2 Setting up binutils-x86-64-linux-gnu (2.30-21ubuntu1~18.04.9) ...
#12 423.2 Setting up cpp (4:7.4.0-1ubuntu2.3) ...
#12 423.3 Setting up gpg-agent (2.2.4-1ubuntu1.6) ...
#12 423.3 Setting up gpg-wks-server (2.2.4-1ubuntu1.6) ...
#12 423.3 Setting up perl (5.26.1-6ubuntu0.7) ...
#12 423.3 Setting up libfile-fcntllock-perl (0.22-3build2) ...
#12 423.3 Setting up libalgorithm-diff-perl (1.19.03-1) ...
#12 423.3 Setting up binutils (2.30-21ubuntu1~18.04.9) ...
#12 423.3 Setting up libgssapi3-heimdal:amd64 (7.5.0+dfsg-1ubuntu0.4) ...
#12 423.3 Setting up gcc-7 (7.5.0-3ubuntu1~18.04) ...
#12 423.3 Setting up g++-7 (7.5.0-3ubuntu1~18.04) ...
#12 423.3 Setting up libdpkg-perl (1.19.0.5ubuntu2.4) ...
#12 423.3 Setting up gcc (4:7.4.0-1ubuntu2.3) ...
#12 423.3 Setting up libalgorithm-merge-perl (0.08-3) ...
#12 423.3 Setting up dpkg-dev (1.19.0.5ubuntu2.4) ...
#12 423.3 Setting up libalgorithm-diff-xs-perl (0.04-5) ...
#12 423.3 Setting up libldap-2.4-2:amd64 (2.4.45+dfsg-1ubuntu1.11) ...
#12 423.3 Setting up g++ (4:7.4.0-1ubuntu2.3) ...
#12 423.3 update-alternatives: using /usr/bin/g++ to provide /usr/bin/c++ (c++) in auto mode
#12 423.3 update-alternatives: warning: skip creation of /usr/share/man/man1/c++.1.gz because associated file /usr/share/man/man1/g++.1.gz (of link group c++) doesn't exist
#12 423.3 Setting up dirmngr (2.2.4-1ubuntu1.6) ...
#12 423.3 Setting up build-essential (12.4ubuntu1) ...
#12 423.3 Setting up gpg-wks-client (2.2.4-1ubuntu1.6) ...
#12 423.3 Setting up gnupg (2.2.4-1ubuntu1.6) ...
#12 423.3 Processing triggers for libc-bin (2.27-3ubuntu1.6) ...
#12 DONE 423.6s

#13 [ 9/19] RUN /magma/magma/prebuild.sh
#13 DONE 0.5s

#14 [10/19] RUN mkdir -p /magma/fuzzers/aflplusplus_lto_entropy && chown magma:magma /magma/fuzzers/aflplusplus_lto_entropy
#14 DONE 0.6s

#15 [11/19] COPY --chown=magma:magma .//fuzzers/aflplusplus_lto_entropy /magma/fuzzers/aflplusplus_lto_entropy/
#15 DONE 0.2s

#16 [12/19] RUN /magma/fuzzers/aflplusplus_lto_entropy/preinstall.sh &&     chown -R magma:magma /magma/fuzzers/aflplusplus_lto_entropy &&     chmod -R 777 /magma/fuzzers/aflplusplus_lto_entropy
#16 0.911 Hit:1 http://security.ubuntu.com/ubuntu bionic-security InRelease
#16 1.427 Hit:2 http://archive.ubuntu.com/ubuntu bionic InRelease
#16 1.713 Hit:3 http://archive.ubuntu.com/ubuntu bionic-updates InRelease
#16 2.037 Hit:4 http://archive.ubuntu.com/ubuntu bionic-backports InRelease
#16 2.132 Reading package lists...
#16 3.573 Reading package lists...
#16 4.946 Building dependency tree...
#16 5.148 Reading state information...
#16 5.294 build-essential is already the newest version (12.4ubuntu1).
#16 5.294 make is already the newest version (4.1-9.1ubuntu1).
#16 5.294 The following additional packages will be installed:
#16 5.294   ca-certificates git-man krb5-locales less libbsd0 libcurl3-gnutls libedit2
#16 5.294   liberror-perl libexpat1 libgssapi-krb5-2 libk5crypto3 libkeyutils1 libkrb5-3
#16 5.294   libkrb5support0 libnghttp2-14 libpsl5 librtmp1 libssl1.0.0 libx11-6
#16 5.294   libx11-data libxau6 libxcb1 libxdmcp6 libxext6 libxmuu1 multiarch-support
#16 5.294   openssh-client openssl publicsuffix xauth
#16 5.295 Suggested packages:
#16 5.295   gettext-base git-daemon-run | git-daemon-sysvinit git-doc git-el git-email
#16 5.295   git-gui gitk gitweb git-cvs git-mediawiki git-svn krb5-doc krb5-user
#16 5.295   keychain libpam-ssh monkeysphere ssh-askpass
#16 5.396 The following NEW packages will be installed:
#16 5.396   ca-certificates git git-man krb5-locales less libbsd0 libcurl3-gnutls
#16 5.396   libedit2 liberror-perl libexpat1 libexpat1-dev libgssapi-krb5-2 libk5crypto3
#16 5.396   libkeyutils1 libkrb5-3 libkrb5support0 libnghttp2-14 libpsl5 librtmp1
#16 5.396   libssl1.0.0 libx11-6 libx11-data libxau6 libxcb1 libxdmcp6 libxext6 libxmuu1
#16 5.396   multiarch-support openssh-client openssl publicsuffix wget xauth
#16 6.183 0 upgraded, 33 newly installed, 0 to remove and 1 not upgraded.
#16 6.183 Need to get 9882 kB of archives.
#16 6.183 After this operation, 54.1 MB of additional disk space will be used.
#16 6.183 Get:1 http://archive.ubuntu.com/ubuntu bionic-updates/main amd64 multiarch-support amd64 2.27-3ubuntu1.6 [6960 B]
#16 8.276 Get:2 http://archive.ubuntu.com/ubuntu bionic-updates/main amd64 libxau6 amd64 1:1.0.8-1ubuntu1 [7556 B]
#16 8.554 Get:3 http://archive.ubuntu.com/ubuntu bionic-updates/main amd64 libbsd0 amd64 0.8.7-1ubuntu0.1 [41.6 kB]
#16 8.830 Get:4 http://archive.ubuntu.com/ubuntu bionic/main amd64 libxdmcp6 amd64 1:1.1.2-3 [10.7 kB]
#16 8.867 Get:5 http://archive.ubuntu.com/ubuntu bionic-updates/main amd64 libxcb1 amd64 1.13-2~ubuntu18.04 [45.5 kB]
#16 9.536 Get:6 http://archive.ubuntu.com/ubuntu bionic-updates/main amd64 libx11-data all 2:1.6.4-3ubuntu0.4 [114 kB]
#16 9.768 Get:7 http://archive.ubuntu.com/ubuntu bionic-updates/main amd64 libx11-6 amd64 2:1.6.4-3ubuntu0.4 [572 kB]
#16 18.08 Get:8 http://archive.ubuntu.com/ubuntu bionic/main amd64 libxext6 amd64 2:1.3.3-1 [29.4 kB]
#16 18.45 Get:9 http://archive.ubuntu.com/ubuntu bionic-updates/main amd64 openssl amd64 1.1.1-1ubuntu2.1~18.04.23 [614 kB]
#16 24.94 Get:10 http://archive.ubuntu.com/ubuntu bionic-updates/main amd64 ca-certificates all 20230311ubuntu0.18.04.1 [151 kB]
#16 26.57 Get:11 http://archive.ubuntu.com/ubuntu bionic/main amd64 less amd64 487-0.1 [112 kB]
#16 28.30 Get:12 http://archive.ubuntu.com/ubuntu bionic-updates/main amd64 libexpat1 amd64 2.2.5-3ubuntu0.9 [82.8 kB]
#16 28.78 Get:13 http://archive.ubuntu.com/ubuntu bionic-updates/main amd64 krb5-locales all 1.16-2ubuntu0.4 [13.4 kB]
#16 28.99 Get:14 http://archive.ubuntu.com/ubuntu bionic/main amd64 libedit2 amd64 3.1-20170329-1 [76.9 kB]
#16 29.96 Get:15 http://archive.ubuntu.com/ubuntu bionic-updates/main amd64 libkrb5support0 amd64 1.16-2ubuntu0.4 [30.9 kB]
#16 30.53 Get:16 http://archive.ubuntu.com/ubuntu bionic-updates/main amd64 libk5crypto3 amd64 1.16-2ubuntu0.4 [85.3 kB]
#16 31.87 Get:17 http://archive.ubuntu.com/ubuntu bionic-updates/main amd64 libkeyutils1 amd64 1.5.9-9.2ubuntu2.1 [8764 B]
#16 31.87 Get:18 http://archive.ubuntu.com/ubuntu bionic-updates/main amd64 libkrb5-3 amd64 1.16-2ubuntu0.4 [278 kB]
#16 34.61 Get:19 http://archive.ubuntu.com/ubuntu bionic-updates/main amd64 libgssapi-krb5-2 amd64 1.16-2ubuntu0.4 [122 kB]
#16 36.08 Get:20 http://archive.ubuntu.com/ubuntu bionic/main amd64 libpsl5 amd64 0.19.1-5build1 [41.8 kB]
#16 36.55 Get:21 http://archive.ubuntu.com/ubuntu bionic-updates/main amd64 libssl1.0.0 amd64 1.0.2n-1ubuntu5.13 [1089 kB]
#16 50.88 Get:22 http://archive.ubuntu.com/ubuntu bionic/main amd64 libxmuu1 amd64 2:1.1.2-2 [9674 B]
#16 50.88 Get:23 http://archive.ubuntu.com/ubuntu bionic-updates/main amd64 openssh-client amd64 1:7.6p1-4ubuntu0.7 [610 kB]
#16 60.19 Get:24 http://archive.ubuntu.com/ubuntu bionic/main amd64 publicsuffix all 20180223.1310-1 [97.6 kB]
#16 61.65 Get:25 http://archive.ubuntu.com/ubuntu bionic-updates/main amd64 wget amd64 1.19.4-1ubuntu2.2 [316 kB]
#16 67.87 Get:26 http://archive.ubuntu.com/ubuntu bionic/main amd64 xauth amd64 1:1.0.10-1 [24.6 kB]
#16 67.95 Get:27 http://archive.ubuntu.com/ubuntu bionic/main amd64 libnghttp2-14 amd64 1.30.0-1ubuntu1 [77.8 kB]
#16 69.76 Get:28 http://archive.ubuntu.com/ubuntu bionic/main amd64 librtmp1 amd64 2.4+20151223.gitfa8646d.1-1 [54.2 kB]
#16 70.61 Get:29 http://archive.ubuntu.com/ubuntu bionic-updates/main amd64 libcurl3-gnutls amd64 7.58.0-2ubuntu3.24 [219 kB]
#16 75.39 Get:30 http://archive.ubuntu.com/ubuntu bionic/main amd64 liberror-perl all 0.17025-1 [22.8 kB]
#16 75.96 Get:31 http://archive.ubuntu.com/ubuntu bionic-updates/main amd64 git-man all 1:2.17.1-1ubuntu0.18 [804 kB]
#16 97.02 Get:32 http://archive.ubuntu.com/ubuntu bionic-updates/main amd64 git amd64 1:2.17.1-1ubuntu0.18 [3990 kB]
#16 257.9 Get:33 http://archive.ubuntu.com/ubuntu bionic-updates/main amd64 libexpat1-dev amd64 2.2.5-3ubuntu0.9 [124 kB]
#16 262.3 debconf: delaying package configuration, since apt-utils is not installed
#16 262.3 Fetched 9882 kB in 4min 17s (38.5 kB/s)
#16 262.4 Selecting previously unselected package multiarch-support.
#16 262.4 (Reading database ... 
(Reading database ... 5%
(Reading database ... 10%
(Reading database ... 15%
(Reading database ... 20%
(Reading database ... 25%
(Reading database ... 30%
(Reading database ... 35%
(Reading database ... 40%
(Reading database ... 45%
(Reading database ... 50%
(Reading database ... 55%
(Reading database ... 60%
(Reading database ... 65%
(Reading database ... 70%
(Reading database ... 75%
(Reading database ... 80%
(Reading database ... 85%
(Reading database ... 90%
(Reading database ... 95%
(Reading database ... 100%
(Reading database ... 12222 files and directories currently installed.)
#16 262.4 Preparing to unpack .../0-multiarch-support_2.27-3ubuntu1.6_amd64.deb ...
#16 262.4 Unpacking multiarch-support (2.27-3ubuntu1.6) ...
#16 262.4 Selecting previously unselected package libxau6:amd64.
#16 262.4 Preparing to unpack .../1-libxau6_1%3a1.0.8-1ubuntu1_amd64.deb ...
#16 262.4 Unpacking libxau6:amd64 (1:1.0.8-1ubuntu1) ...
#16 262.4 Selecting previously unselected package libbsd0:amd64.
#16 262.4 Preparing to unpack .../2-libbsd0_0.8.7-1ubuntu0.1_amd64.deb ...
#16 262.4 Unpacking libbsd0:amd64 (0.8.7-1ubuntu0.1) ...
#16 262.4 Selecting previously unselected package libxdmcp6:amd64.
#16 262.4 Preparing to unpack .../3-libxdmcp6_1%3a1.1.2-3_amd64.deb ...
#16 262.4 Unpacking libxdmcp6:amd64 (1:1.1.2-3) ...
#16 262.4 Selecting previously unselected package libxcb1:amd64.
#16 262.4 Preparing to unpack .../4-libxcb1_1.13-2~ubuntu18.04_amd64.deb ...
#16 262.4 Unpacking libxcb1:amd64 (1.13-2~ubuntu18.04) ...
#16 262.4 Selecting previously unselected package libx11-data.
#16 262.4 Preparing to unpack .../5-libx11-data_2%3a1.6.4-3ubuntu0.4_all.deb ...
#16 262.4 Unpacking libx11-data (2:1.6.4-3ubuntu0.4) ...
#16 262.5 Selecting previously unselected package libx11-6:amd64.
#16 262.5 Preparing to unpack .../6-libx11-6_2%3a1.6.4-3ubuntu0.4_amd64.deb ...
#16 262.5 Unpacking libx11-6:amd64 (2:1.6.4-3ubuntu0.4) ...
#16 262.6 Setting up multiarch-support (2.27-3ubuntu1.6) ...
#16 262.6 Selecting previously unselected package libxext6:amd64.
#16 262.6 (Reading database ... 
(Reading database ... 5%
(Reading database ... 10%
(Reading database ... 15%
(Reading database ... 20%
(Reading database ... 25%
(Reading database ... 30%
(Reading database ... 35%
(Reading database ... 40%
(Reading database ... 45%
(Reading database ... 50%
(Reading database ... 55%
(Reading database ... 60%
(Reading database ... 65%
(Reading database ... 70%
(Reading database ... 75%
(Reading database ... 80%
(Reading database ... 85%
(Reading database ... 90%
(Reading database ... 95%
(Reading database ... 100%
(Reading database ... 12512 files and directories currently installed.)
#16 262.6 Preparing to unpack .../00-libxext6_2%3a1.3.3-1_amd64.deb ...
#16 262.6 Unpacking libxext6:amd64 (2:1.3.3-1) ...
#16 262.6 Selecting previously unselected package openssl.
#16 262.6 Preparing to unpack .../01-openssl_1.1.1-1ubuntu2.1~18.04.23_amd64.deb ...
#16 262.6 Unpacking openssl (1.1.1-1ubuntu2.1~18.04.23) ...
#16 262.7 Selecting previously unselected package ca-certificates.
#16 262.7 Preparing to unpack .../02-ca-certificates_20230311ubuntu0.18.04.1_all.deb ...
#16 262.7 Unpacking ca-certificates (20230311ubuntu0.18.04.1) ...
#16 262.7 Selecting previously unselected package less.
#16 262.7 Preparing to unpack .../03-less_487-0.1_amd64.deb ...
#16 262.7 Unpacking less (487-0.1) ...
#16 262.8 Selecting previously unselected package libexpat1:amd64.
#16 262.8 Preparing to unpack .../04-libexpat1_2.2.5-3ubuntu0.9_amd64.deb ...
#16 262.8 Unpacking libexpat1:amd64 (2.2.5-3ubuntu0.9) ...
#16 262.8 Selecting previously unselected package krb5-locales.
#16 262.8 Preparing to unpack .../05-krb5-locales_1.16-2ubuntu0.4_all.deb ...
#16 262.8 Unpacking krb5-locales (1.16-2ubuntu0.4) ...
#16 262.8 Selecting previously unselected package libedit2:amd64.
#16 262.8 Preparing to unpack .../06-libedit2_3.1-20170329-1_amd64.deb ...
#16 262.8 Unpacking libedit2:amd64 (3.1-20170329-1) ...
#16 262.8 Selecting previously unselected package libkrb5support0:amd64.
#16 262.8 Preparing to unpack .../07-libkrb5support0_1.16-2ubuntu0.4_amd64.deb ...
#16 262.8 Unpacking libkrb5support0:amd64 (1.16-2ubuntu0.4) ...
#16 262.9 Selecting previously unselected package libk5crypto3:amd64.
#16 262.9 Preparing to unpack .../08-libk5crypto3_1.16-2ubuntu0.4_amd64.deb ...
#16 262.9 Unpacking libk5crypto3:amd64 (1.16-2ubuntu0.4) ...
#16 262.9 Selecting previously unselected package libkeyutils1:amd64.
#16 262.9 Preparing to unpack .../09-libkeyutils1_1.5.9-9.2ubuntu2.1_amd64.deb ...
#16 262.9 Unpacking libkeyutils1:amd64 (1.5.9-9.2ubuntu2.1) ...
#16 262.9 Selecting previously unselected package libkrb5-3:amd64.
#16 262.9 Preparing to unpack .../10-libkrb5-3_1.16-2ubuntu0.4_amd64.deb ...
#16 262.9 Unpacking libkrb5-3:amd64 (1.16-2ubuntu0.4) ...
#16 262.9 Selecting previously unselected package libgssapi-krb5-2:amd64.
#16 262.9 Preparing to unpack .../11-libgssapi-krb5-2_1.16-2ubuntu0.4_amd64.deb ...
#16 262.9 Unpacking libgssapi-krb5-2:amd64 (1.16-2ubuntu0.4) ...
#16 263.0 Selecting previously unselected package libpsl5:amd64.
#16 263.0 Preparing to unpack .../12-libpsl5_0.19.1-5build1_amd64.deb ...
#16 263.0 Unpacking libpsl5:amd64 (0.19.1-5build1) ...
#16 263.0 Selecting previously unselected package libssl1.0.0:amd64.
#16 263.0 Preparing to unpack .../13-libssl1.0.0_1.0.2n-1ubuntu5.13_amd64.deb ...
#16 263.0 Unpacking libssl1.0.0:amd64 (1.0.2n-1ubuntu5.13) ...
#16 263.1 Selecting previously unselected package libxmuu1:amd64.
#16 263.1 Preparing to unpack .../14-libxmuu1_2%3a1.1.2-2_amd64.deb ...
#16 263.1 Unpacking libxmuu1:amd64 (2:1.1.2-2) ...
#16 263.1 Selecting previously unselected package openssh-client.
#16 263.1 Preparing to unpack .../15-openssh-client_1%3a7.6p1-4ubuntu0.7_amd64.deb ...
#16 263.1 Unpacking openssh-client (1:7.6p1-4ubuntu0.7) ...
#16 263.2 Selecting previously unselected package publicsuffix.
#16 263.2 Preparing to unpack .../16-publicsuffix_20180223.1310-1_all.deb ...
#16 263.2 Unpacking publicsuffix (20180223.1310-1) ...
#16 263.2 Selecting previously unselected package wget.
#16 263.2 Preparing to unpack .../17-wget_1.19.4-1ubuntu2.2_amd64.deb ...
#16 263.2 Unpacking wget (1.19.4-1ubuntu2.2) ...
#16 263.3 Selecting previously unselected package xauth.
#16 263.3 Preparing to unpack .../18-xauth_1%3a1.0.10-1_amd64.deb ...
#16 263.3 Unpacking xauth (1:1.0.10-1) ...
#16 263.3 Selecting previously unselected package libnghttp2-14:amd64.
#16 263.3 Preparing to unpack .../19-libnghttp2-14_1.30.0-1ubuntu1_amd64.deb ...
#16 263.3 Unpacking libnghttp2-14:amd64 (1.30.0-1ubuntu1) ...
#16 263.3 Selecting previously unselected package librtmp1:amd64.
#16 263.3 Preparing to unpack .../20-librtmp1_2.4+20151223.gitfa8646d.1-1_amd64.deb ...
#16 263.3 Unpacking librtmp1:amd64 (2.4+20151223.gitfa8646d.1-1) ...
#16 263.3 Selecting previously unselected package libcurl3-gnutls:amd64.
#16 263.3 Preparing to unpack .../21-libcurl3-gnutls_7.58.0-2ubuntu3.24_amd64.deb ...
#16 263.3 Unpacking libcurl3-gnutls:amd64 (7.58.0-2ubuntu3.24) ...
#16 263.4 Selecting previously unselected package liberror-perl.
#16 263.4 Preparing to unpack .../22-liberror-perl_0.17025-1_all.deb ...
#16 263.4 Unpacking liberror-perl (0.17025-1) ...
#16 263.4 Selecting previously unselected package git-man.
#16 263.4 Preparing to unpack .../23-git-man_1%3a2.17.1-1ubuntu0.18_all.deb ...
#16 263.4 Unpacking git-man (1:2.17.1-1ubuntu0.18) ...
#16 263.5 Selecting previously unselected package git.
#16 263.5 Preparing to unpack .../24-git_1%3a2.17.1-1ubuntu0.18_amd64.deb ...
#16 263.5 Unpacking git (1:2.17.1-1ubuntu0.18) ...
#16 264.0 Selecting previously unselected package libexpat1-dev:amd64.
#16 264.0 Preparing to unpack .../25-libexpat1-dev_2.2.5-3ubuntu0.9_amd64.deb ...
#16 264.0 Unpacking libexpat1-dev:amd64 (2.2.5-3ubuntu0.9) ...
#16 264.0 Setting up libedit2:amd64 (3.1-20170329-1) ...
#16 264.0 Setting up git-man (1:2.17.1-1ubuntu0.18) ...
#16 264.0 Setting up libexpat1:amd64 (2.2.5-3ubuntu0.9) ...
#16 264.0 Setting up less (487-0.1) ...
#16 264.1 debconf: unable to initialize frontend: Dialog
#16 264.1 debconf: (TERM is not set, so the dialog frontend is not usable.)
#16 264.1 debconf: falling back to frontend: Readline
#16 264.1 Setting up libssl1.0.0:amd64 (1.0.2n-1ubuntu5.13) ...
#16 264.2 debconf: unable to initialize frontend: Dialog
#16 264.2 debconf: (TERM is not set, so the dialog frontend is not usable.)
#16 264.2 debconf: falling back to frontend: Readline
#16 264.2 Setting up libnghttp2-14:amd64 (1.30.0-1ubuntu1) ...
#16 264.2 Setting up liberror-perl (0.17025-1) ...
#16 264.2 Setting up libpsl5:amd64 (0.19.1-5build1) ...
#16 264.2 Setting up librtmp1:amd64 (2.4+20151223.gitfa8646d.1-1) ...
#16 264.3 Setting up libbsd0:amd64 (0.8.7-1ubuntu0.1) ...
#16 264.3 Setting up libkrb5support0:amd64 (1.16-2ubuntu0.4) ...
#16 264.3 Setting up krb5-locales (1.16-2ubuntu0.4) ...
#16 264.3 Setting up publicsuffix (20180223.1310-1) ...
#16 264.3 Setting up openssl (1.1.1-1ubuntu2.1~18.04.23) ...
#16 264.3 Setting up wget (1.19.4-1ubuntu2.2) ...
#16 264.3 Setting up libexpat1-dev:amd64 (2.2.5-3ubuntu0.9) ...
#16 264.3 Setting up libxdmcp6:amd64 (1:1.1.2-3) ...
#16 264.3 Setting up libkeyutils1:amd64 (1.5.9-9.2ubuntu2.1) ...
#16 264.3 Setting up ca-certificates (20230311ubuntu0.18.04.1) ...
#16 264.3 debconf: unable to initialize frontend: Dialog
#16 264.3 debconf: (TERM is not set, so the dialog frontend is not usable.)
#16 264.3 debconf: falling back to frontend: Readline
#16 264.9 Updating certificates in /etc/ssl/certs...
#16 265.6 137 added, 0 removed; done.
#16 265.6 Setting up libx11-data (2:1.6.4-3ubuntu0.4) ...
#16 265.6 Setting up libxau6:amd64 (1:1.0.8-1ubuntu1) ...
#16 265.6 Setting up libk5crypto3:amd64 (1.16-2ubuntu0.4) ...
#16 265.6 Setting up libkrb5-3:amd64 (1.16-2ubuntu0.4) ...
#16 265.6 Setting up libxcb1:amd64 (1.13-2~ubuntu18.04) ...
#16 265.6 Setting up libx11-6:amd64 (2:1.6.4-3ubuntu0.4) ...
#16 265.6 Setting up libxmuu1:amd64 (2:1.1.2-2) ...
#16 265.6 Setting up libgssapi-krb5-2:amd64 (1.16-2ubuntu0.4) ...
#16 265.6 Setting up openssh-client (1:7.6p1-4ubuntu0.7) ...
#16 265.7 Setting up libxext6:amd64 (2:1.3.3-1) ...
#16 265.7 Setting up libcurl3-gnutls:amd64 (7.58.0-2ubuntu3.24) ...
#16 265.7 Setting up xauth (1:1.0.10-1) ...
#16 265.7 Setting up git (1:2.17.1-1ubuntu0.18) ...
#16 265.7 Processing triggers for libc-bin (2.27-3ubuntu1.6) ...
#16 265.8 Processing triggers for ca-certificates (20230311ubuntu0.18.04.1) ...
#16 265.8 Updating certificates in /etc/ssl/certs...
#16 266.3 0 added, 0 removed; done.
#16 266.3 Running hooks in /etc/ca-certificates/update.d...
#16 266.3 done.
#16 266.4 Reading package lists...
#16 267.9 Building dependency tree...
#16 268.1 Reading state information...
#16 268.2 ca-certificates is already the newest version (20230311ubuntu0.18.04.1).
#16 268.2 ca-certificates set to manually installed.
#16 268.2 gnupg is already the newest version (2.2.4-1ubuntu1.6).
#16 268.2 gnupg set to manually installed.
#16 268.2 The following additional packages will be installed:
#16 268.2   libapt-inst2.0
#16 268.2 The following NEW packages will be installed:
#16 268.2   apt-transport-https apt-utils libapt-inst2.0
#16 268.9 0 upgraded, 3 newly installed, 0 to remove and 1 not upgraded.
#16 268.9 Need to get 263 kB of archives.
#16 268.9 After this operation, 1427 kB of additional disk space will be used.
#16 268.9 Get:1 http://archive.ubuntu.com/ubuntu bionic-updates/main amd64 libapt-inst2.0 amd64 1.6.17 [54.6 kB]
#16 269.7 Get:2 http://archive.ubuntu.com/ubuntu bionic-updates/main amd64 apt-utils amd64 1.6.17 [206 kB]
#16 270.2 Get:3 http://archive.ubuntu.com/ubuntu bionic-updates/universe amd64 apt-transport-https all 1.6.17 [1692 B]
#16 270.3 debconf: delaying package configuration, since apt-utils is not installed
#16 270.3 Fetched 263 kB in 2s (138 kB/s)
#16 270.3 Selecting previously unselected package libapt-inst2.0:amd64.
#16 270.3 (Reading database ... 
(Reading database ... 5%
(Reading database ... 10%
(Reading database ... 15%
(Reading database ... 20%
(Reading database ... 25%
(Reading database ... 30%
(Reading database ... 35%
(Reading database ... 40%
(Reading database ... 45%
(Reading database ... 50%
(Reading database ... 55%
(Reading database ... 60%
(Reading database ... 65%
(Reading database ... 70%
(Reading database ... 75%
(Reading database ... 80%
(Reading database ... 85%
(Reading database ... 90%
(Reading database ... 95%
(Reading database ... 100%
(Reading database ... 13962 files and directories currently installed.)
#16 270.3 Preparing to unpack .../libapt-inst2.0_1.6.17_amd64.deb ...
#16 270.3 Unpacking libapt-inst2.0:amd64 (1.6.17) ...
#16 270.4 Selecting previously unselected package apt-utils.
#16 270.4 Preparing to unpack .../apt-utils_1.6.17_amd64.deb ...
#16 270.4 Unpacking apt-utils (1.6.17) ...
#16 270.4 Selecting previously unselected package apt-transport-https.
#16 270.4 Preparing to unpack .../apt-transport-https_1.6.17_all.deb ...
#16 270.4 Unpacking apt-transport-https (1.6.17) ...
#16 270.4 Setting up libapt-inst2.0:amd64 (1.6.17) ...
#16 270.4 Setting up apt-transport-https (1.6.17) ...
#16 270.4 Setting up apt-utils (1.6.17) ...
#16 270.4 Processing triggers for libc-bin (2.27-3ubuntu1.6) ...
#16 270.5 --2025-03-11 09:09:11--  https://apt.llvm.org/llvm-snapshot.gpg.key
#16 270.5 Resolving apt.llvm.org (apt.llvm.org)... 151.101.198.49, 2a04:4e42:2e::561
#16 270.5 Connecting to apt.llvm.org (apt.llvm.org)|151.101.198.49|:443... Warning: apt-key output should not be parsed (stdout is not a terminal)
#16 270.7 connected.
#16 271.0 HTTP request sent, awaiting response... 200 OK
#16 271.1 Length: 3145 (3.1K) [application/octet-stream]
#16 271.1 Saving to: 'STDOUT'
#16 271.3 
#16 271.3      0K ...                                                   100% 15.6K=0.2s
#16 271.3 
#16 271.3 2025-03-11 09:09:12 (15.6 KB/s) - written to stdout [3145/3145]
#16 271.3 
#16 271.5 OK
#16 272.2 Hit:2 http://security.ubuntu.com/ubuntu bionic-security InRelease
#16 272.9 Hit:3 http://archive.ubuntu.com/ubuntu bionic InRelease
#16 273.1 Get:1 https://apt.llvm.org/bionic llvm-toolchain-bionic-18 InRelease [6834 B]
#16 273.1 Hit:4 http://archive.ubuntu.com/ubuntu bionic-updates InRelease
#16 273.3 Hit:5 http://archive.ubuntu.com/ubuntu bionic-backports InRelease
#16 273.4 Get:6 https://apt.llvm.org/bionic llvm-toolchain-bionic-18/main amd64 Packages [12.3 kB]
#16 273.4 Fetched 19.1 kB in 2s (10.1 kB/s)
#16 273.4 Reading package lists...
#16 275.0 Reading package lists...
#16 276.4 Building dependency tree...
#16 276.6 Reading state information...
#16 276.7 The following additional packages will be installed:
#16 276.7   binfmt-support file gir1.2-glib-2.0 gir1.2-harfbuzz-0.0 icu-devtools
#16 276.7   lib32gcc1 lib32stdc++6 libc6-i386 libclang-rt-18-dev libcurl4 libelf1
#16 276.7   libffi-dev libfreetype6 libgc1c2 libgirepository-1.0-1 libglib2.0-0
#16 276.7   libglib2.0-bin libglib2.0-data libglib2.0-dev libglib2.0-dev-bin
#16 276.7   libgraphite2-3 libgraphite2-dev libharfbuzz-dev libharfbuzz-gobject0
#16 276.7   libharfbuzz-icu0 libharfbuzz0b libicu-dev libicu-le-hb-dev libicu-le-hb0
#16 276.7   libicu60 libiculx60 libmagic-mgc libmagic1 libmpdec2 libncurses5-dev
#16 276.7   libobjc-7-dev libobjc4 libpcre16-3 libpcre3-dev libpcre32-3 libpcrecpp0v5
#16 276.7   libpfm4 libpipeline1 libpng16-16 libpython3-stdlib libpython3.6
#16 276.7   libpython3.6-minimal libpython3.6-stdlib libtinfo-dev libunwind-18
#16 276.7   libunwind-18-dev libxml2 libxml2-dev libyaml-0-2 libz3-4 libz3-dev
#16 276.7   libzstd-dev llvm-18-linker-tools mime-support pkg-config python3
#16 276.7   python3-distutils python3-lib2to3 python3-lldb-18 python3-minimal
#16 276.7   python3-pkg-resources python3-pygments python3-yaml python3.6
#16 276.7   python3.6-minimal shared-mime-info xdg-user-dirs zlib1g-dev
#16 276.7 Suggested packages:
#16 276.7   clang-18-doc wasi-libc clang libglib2.0-doc libgraphite2-utils icu-doc
#16 276.7   ncurses-doc libomp-18-doc llvm-18-doc python3-doc python3-tk python3-venv
#16 276.7   python3-setuptools ttf-bitstream-vera python3.6-venv python3.6-doc
#16 277.0 The following NEW packages will be installed:
#16 277.0   binfmt-support clang-18 clang-tools-18 clangd-18 file gir1.2-glib-2.0
#16 277.0   gir1.2-harfbuzz-0.0 icu-devtools lib32gcc1 lib32stdc++6 libc++-18-dev
#16 277.0   libc++1-18 libc++abi-18-dev libc++abi1-18 libc6-i386 libclang-18-dev
#16 277.0   libclang-common-18-dev libclang-cpp18 libclang-cpp18-dev libclang-rt-18-dev
#16 277.0   libclang1-18 libcurl4 libelf1 libffi-dev libfreetype6 libgc1c2
#16 277.0   libgirepository-1.0-1 libglib2.0-0 libglib2.0-bin libglib2.0-data
#16 277.0   libglib2.0-dev libglib2.0-dev-bin libgraphite2-3 libgraphite2-dev
#16 277.0   libharfbuzz-dev libharfbuzz-gobject0 libharfbuzz-icu0 libharfbuzz0b
#16 277.0   libicu-dev libicu-le-hb-dev libicu-le-hb0 libicu60 libiculx60 liblld-18
#16 277.0   liblld-18-dev liblldb-18 liblldb-18-dev libllvm18 libmagic-mgc libmagic1
#16 277.0   libmpdec2 libncurses5-dev libobjc-7-dev libobjc4 libomp-18-dev libomp5-18
#16 277.0   libpcre16-3 libpcre3-dev libpcre32-3 libpcrecpp0v5 libpfm4 libpipeline1
#16 277.0   libpng16-16 libpython3-stdlib libpython3.6 libpython3.6-minimal
#16 277.0   libpython3.6-stdlib libtinfo-dev libunwind-18 libunwind-18-dev libxml2
#16 277.0   libxml2-dev libyaml-0-2 libz3-4 libz3-dev libzstd-dev lld-18 lldb-18 llvm-18
#16 277.0   llvm-18-dev llvm-18-linker-tools llvm-18-runtime llvm-18-tools mime-support
#16 277.0   pkg-config python3 python3-distutils python3-lib2to3 python3-lldb-18
#16 277.0   python3-minimal python3-pkg-resources python3-pygments python3-yaml
#16 277.0   python3.6 python3.6-minimal shared-mime-info xdg-user-dirs zlib1g-dev
#16 277.5 0 upgraded, 98 newly installed, 0 to remove and 1 not upgraded.
#16 277.5 Need to get 210 MB of archives.
#16 277.5 After this operation, 1344 MB of additional disk space will be used.
#16 277.5 Get:2 http://archive.ubuntu.com/ubuntu bionic-updates/main amd64 libpython3.6-minimal amd64 3.6.9-1~18.04ubuntu1.12 [533 kB]
#16 278.3 Get:1 https://apt.llvm.org/bionic llvm-toolchain-bionic-18/main amd64 libllvm18 amd64 1:18.1.0~++20240220094926+390dcd4cbbf5-1~exp1~20240220214944.50 [25.0 MB]
#16 282.3 Get:16 http://archive.ubuntu.com/ubuntu bionic-updates/main amd64 python3.6-minimal amd64 3.6.9-1~18.04ubuntu1.12 [1609 kB]
#16 302.5 Get:33 http://archive.ubuntu.com/ubuntu bionic-updates/main amd64 python3-minimal amd64 3.6.7-1~18.04 [23.7 kB]
#16 302.7 Get:34 http://archive.ubuntu.com/ubuntu bionic/main amd64 mime-support all 3.60ubuntu1 [30.1 kB]
#16 303.3 Get:35 http://archive.ubuntu.com/ubuntu bionic/main amd64 libmpdec2 amd64 2.4.2-1ubuntu1 [84.1 kB]
#16 304.2 Get:36 http://archive.ubuntu.com/ubuntu bionic-updates/main amd64 libpython3.6-stdlib amd64 3.6.9-1~18.04ubuntu1.12 [1713 kB]
#16 331.4 Get:37 http://archive.ubuntu.com/ubuntu bionic-updates/main amd64 python3.6 amd64 3.6.9-1~18.04ubuntu1.12 [203 kB]
#16 335.0 Get:38 http://archive.ubuntu.com/ubuntu bionic-updates/main amd64 libpython3-stdlib amd64 3.6.7-1~18.04 [7240 B]
#16 335.1 Get:39 http://archive.ubuntu.com/ubuntu bionic-updates/main amd64 python3 amd64 3.6.7-1~18.04 [47.2 kB]
#16 335.8 Get:40 http://archive.ubuntu.com/ubuntu bionic-updates/main amd64 libmagic-mgc amd64 1:5.32-2ubuntu0.4 [184 kB]
#16 339.1 Get:41 http://archive.ubuntu.com/ubuntu bionic-updates/main amd64 libmagic1 amd64 1:5.32-2ubuntu0.4 [68.6 kB]
#16 340.7 Get:42 http://archive.ubuntu.com/ubuntu bionic-updates/main amd64 file amd64 1:5.32-2ubuntu0.4 [22.1 kB]
#16 341.5 Get:43 http://archive.ubuntu.com/ubuntu bionic-updates/main amd64 libglib2.0-0 amd64 2.56.4-0ubuntu0.18.04.9 [1169 kB]
#16 367.4 Get:44 http://archive.ubuntu.com/ubuntu bionic/main amd64 libgirepository-1.0-1 amd64 1.56.1-1 [82.0 kB]
#16 368.7 Get:45 http://archive.ubuntu.com/ubuntu bionic/main amd64 gir1.2-glib-2.0 amd64 1.56.1-1 [131 kB]
#16 371.0 Get:46 http://archive.ubuntu.com/ubuntu bionic-updates/main amd64 libelf1 amd64 0.170-0.4ubuntu0.1 [44.8 kB]
#16 371.7 Get:47 http://archive.ubuntu.com/ubuntu bionic-updates/main amd64 libglib2.0-data all 2.56.4-0ubuntu0.18.04.9 [4728 B]
#16 372.1 Get:48 http://archive.ubuntu.com/ubuntu bionic-updates/main amd64 libicu60 amd64 60.2-3ubuntu3.2 [8050 kB]
#16 491.3 Get:49 http://archive.ubuntu.com/ubuntu bionic-updates/main amd64 libxml2 amd64 2.9.4+dfsg1-6.1ubuntu1.9 [663 kB]
#16 497.1 Get:50 http://archive.ubuntu.com/ubuntu bionic/main amd64 libyaml-0-2 amd64 0.1.7-2ubuntu3 [47.2 kB]
#16 498.7 Get:51 http://archive.ubuntu.com/ubuntu bionic/main amd64 python3-yaml amd64 3.12-1build2 [109 kB]
#16 500.0 Get:52 http://archive.ubuntu.com/ubuntu bionic/main amd64 shared-mime-info amd64 1.9-2 [426 kB]
#16 504.2 Get:53 http://archive.ubuntu.com/ubuntu bionic/main amd64 xdg-user-dirs amd64 0.17-1ubuntu1 [48.0 kB]
#16 505.1 Get:54 http://archive.ubuntu.com/ubuntu bionic/main amd64 libpipeline1 amd64 1.5.0-1 [25.3 kB]
#16 506.0 Get:55 http://archive.ubuntu.com/ubuntu bionic-updates/main amd64 libpng16-16 amd64 1.6.34-1ubuntu0.18.04.2 [176 kB]
#16 507.8 Get:56 http://archive.ubuntu.com/ubuntu bionic/main amd64 binfmt-support amd64 2.1.8-2 [51.6 kB]
#16 508.2 Get:57 http://archive.ubuntu.com/ubuntu bionic/main amd64 libgc1c2 amd64 1:7.4.2-8ubuntu1 [81.8 kB]
#16 509.2 Get:58 http://archive.ubuntu.com/ubuntu bionic-updates/main amd64 libobjc4 amd64 8.4.0-1ubuntu1~18.04 [52.6 kB]
#16 511.6 Get:59 http://archive.ubuntu.com/ubuntu bionic-updates/main amd64 libobjc-7-dev amd64 7.5.0-3ubuntu1~18.04 [206 kB]
#16 513.5 Get:60 http://archive.ubuntu.com/ubuntu bionic-updates/main amd64 libfreetype6 amd64 2.8.1-2ubuntu2.2 [335 kB]
#16 516.4 Get:61 http://archive.ubuntu.com/ubuntu bionic/main amd64 libgraphite2-3 amd64 1.3.11-2 [78.7 kB]
#16 517.5 Get:62 http://archive.ubuntu.com/ubuntu bionic/main amd64 libharfbuzz0b amd64 1.7.2-1ubuntu1 [232 kB]
#16 520.0 Get:63 http://archive.ubuntu.com/ubuntu bionic/main amd64 gir1.2-harfbuzz-0.0 amd64 1.7.2-1ubuntu1 [18.6 kB]
#16 520.5 Get:64 http://archive.ubuntu.com/ubuntu bionic-updates/main amd64 icu-devtools amd64 60.2-3ubuntu3.2 [179 kB]
#16 522.7 Get:65 http://archive.ubuntu.com/ubuntu bionic-updates/main amd64 libc6-i386 amd64 2.27-3ubuntu1.6 [2651 kB]
#16 560.1 Get:66 http://archive.ubuntu.com/ubuntu bionic-updates/main amd64 lib32gcc1 amd64 1:8.4.0-1ubuntu1~18.04 [48.1 kB]
#16 560.5 Get:67 http://archive.ubuntu.com/ubuntu bionic-updates/main amd64 lib32stdc++6 amd64 8.4.0-1ubuntu1~18.04 [415 kB]
#16 568.1 Get:68 http://archive.ubuntu.com/ubuntu bionic-updates/main amd64 libcurl4 amd64 7.58.0-2ubuntu3.24 [221 kB]
#16 573.5 Get:69 http://archive.ubuntu.com/ubuntu bionic-updates/main amd64 libglib2.0-bin amd64 2.56.4-0ubuntu0.18.04.9 [68.9 kB]
#16 575.3 Get:70 http://archive.ubuntu.com/ubuntu bionic-updates/main amd64 python3-lib2to3 all 3.6.9-1~18.04 [77.4 kB]
#16 577.6 Get:71 http://archive.ubuntu.com/ubuntu bionic-updates/main amd64 python3-distutils all 3.6.9-1~18.04 [144 kB]
#16 580.4 Get:72 http://archive.ubuntu.com/ubuntu bionic-updates/main amd64 libglib2.0-dev-bin amd64 2.56.4-0ubuntu0.18.04.9 [102 kB]
#16 582.8 Get:73 http://archive.ubuntu.com/ubuntu bionic-updates/main amd64 libpcre16-3 amd64 2:8.39-9ubuntu0.1 [147 kB]
#16 585.8 Get:74 http://archive.ubuntu.com/ubuntu bionic-updates/main amd64 libpcre32-3 amd64 2:8.39-9ubuntu0.1 [138 kB]
#16 588.1 Get:75 http://archive.ubuntu.com/ubuntu bionic-updates/main amd64 libpcrecpp0v5 amd64 2:8.39-9ubuntu0.1 [15.3 kB]
#16 588.5 Get:76 http://archive.ubuntu.com/ubuntu bionic-updates/main amd64 libpcre3-dev amd64 2:8.39-9ubuntu0.1 [536 kB]
#16 589.7 Get:77 http://archive.ubuntu.com/ubuntu bionic/main amd64 pkg-config amd64 0.29.1-0ubuntu2 [45.0 kB]
#16 589.9 Get:78 http://archive.ubuntu.com/ubuntu bionic-updates/main amd64 zlib1g-dev amd64 1:1.2.11.dfsg-0ubuntu2.2 [176 kB]
#16 590.3 Get:79 http://archive.ubuntu.com/ubuntu bionic-updates/main amd64 libglib2.0-dev amd64 2.56.4-0ubuntu0.18.04.9 [1385 kB]
#16 590.9 Get:80 http://archive.ubuntu.com/ubuntu bionic/main amd64 libgraphite2-dev amd64 1.3.11-2 [14.5 kB]
#16 591.1 Get:81 http://archive.ubuntu.com/ubuntu bionic/main amd64 libharfbuzz-icu0 amd64 1.7.2-1ubuntu1 [5604 B]
#16 591.3 Get:82 http://archive.ubuntu.com/ubuntu bionic/main amd64 libharfbuzz-gobject0 amd64 1.7.2-1ubuntu1 [13.4 kB]
#16 591.6 Get:83 http://archive.ubuntu.com/ubuntu bionic/main amd64 libicu-le-hb0 amd64 1.0.3+git161113-4 [14.3 kB]
#16 591.8 Get:84 http://archive.ubuntu.com/ubuntu bionic-updates/main amd64 libiculx60 amd64 60.2-3ubuntu3.2 [19.0 kB]
#16 592.0 Get:85 http://archive.ubuntu.com/ubuntu bionic/main amd64 libicu-le-hb-dev amd64 1.0.3+git161113-4 [29.5 kB]
#16 592.2 Get:86 http://archive.ubuntu.com/ubuntu bionic-updates/main amd64 libicu-dev amd64 60.2-3ubuntu3.2 [8894 kB]
#16 594.5 Get:87 http://archive.ubuntu.com/ubuntu bionic/main amd64 libharfbuzz-dev amd64 1.7.2-1ubuntu1 [302 kB]
#16 594.8 Get:88 http://archive.ubuntu.com/ubuntu bionic-updates/main amd64 libzstd-dev amd64 1.3.3+dfsg-2ubuntu1.2 [230 kB]
#16 595.1 Get:89 http://archive.ubuntu.com/ubuntu bionic-updates/main amd64 libtinfo-dev amd64 6.1-1ubuntu1.18.04.1 [81.4 kB]
#16 595.3 Get:90 http://archive.ubuntu.com/ubuntu bionic-updates/main amd64 libncurses5-dev amd64 6.1-1ubuntu1.18.04.1 [174 kB]
#16 595.5 Get:91 http://archive.ubuntu.com/ubuntu bionic-updates/main amd64 libpython3.6 amd64 3.6.9-1~18.04ubuntu1.12 [1414 kB]
#16 596.1 Get:92 http://archive.ubuntu.com/ubuntu bionic-updates/main amd64 libxml2-dev amd64 2.9.4+dfsg1-6.1ubuntu1.9 [757 kB]
#16 596.5 Get:93 http://archive.ubuntu.com/ubuntu bionic/main amd64 libpfm4 amd64 4.9.0-2 [225 kB]
#16 596.8 Get:94 http://archive.ubuntu.com/ubuntu bionic/main amd64 libffi-dev amd64 3.2.#16 2151.7 Get:3 https://apt.llvm.org/bionic llvm-toolchain-bionic-18/main amd64 libclang-cpp18 amd64 1:18.1.0~++20240220094926+390dcd4cbbf5-1~exp1~20240220214944.50 [12.5 MB]
#16 2766.9 Get:4 https://apt.llvm.org/bionic llvm-toolchain-bionic-18/main amd64 libclang-common-18-dev all 1:18.1.0~++20240220094926+390dcd4cbbf5-1~exp1~20240220214944.50 [756 kB]
#16 2782.6 Get:5 https://apt.llvm.org/bionic llvm-toolchain-bionic-18/main amd64 llvm-18-linker-tools amd64 1:18.1.0~++20240220094926+390dcd4cbbf5-1~exp1~20240220214944.50 [1273 kB]
#16 2814.7 Get:6 https://apt.llvm.org/bionic llvm-toolchain-bionic-18/main amd64 libclang1-18 amd64 1:18.1.0~++20240220094926+390dcd4cbbf5-1~exp1~20240220214944.50 [7198 kB]
#16 2968.6 Get:7 https://apt.llvm.org/bionic llvm-toolchain-bionic-18/main amd64 clang-18 amd64 1:18.1.0~++20240220094926+390dcd4cbbf5-1~exp1~20240220214944.50 [135 kB]
#16 2970.9 Get:8 https://apt.llvm.org/bionic llvm-toolchain-bionic-18/main amd64 clang-tools-18 amd64 1:18.1.0~++20240220094926+390dcd4cbbf5-1~exp1~20240220214944.50 [8367 kB]
#16 3144.1 Get:9 https://apt.llvm.org/bionic llvm-toolchain-bionic-18/main amd64 clangd-18 amd64 1:18.1.0~++20240220094926+390dcd4cbbf5-1~exp1~20240220214944.50 [5841 kB]
#16 3247.1 Get:10 https://apt.llvm.org/bionic llvm-toolchain-bionic-18/main amd64 libunwind-18 amd64 1:18.1.0~++20240220094926+390dcd4cbbf5-1~exp1~20240220214944.50 [86.8 kB]
#16 3247.9 Get:11 https://apt.llvm.org/bionic llvm-toolchain-bionic-18/main amd64 libc++abi1-18 amd64 1:18.1.0~++20240220094926+390dcd4cbbf5-1~exp1~20240220214944.50 [127 kB]
#16 3248.9 Get:12 https://apt.llvm.org/bionic llvm-toolchain-bionic-18/main amd64 libc++1-18 amd64 1:18.1.0~++20240220094926+390dcd4cbbf5-1~exp1~20240220214944.50 [320 kB]
#16 3251.6 Get:13 https://apt.llvm.org/bionic llvm-toolchain-bionic-18/main amd64 libc++abi-18-dev amd64 1:18.1.0~++20240220094926+390dcd4cbbf5-1~exp1~20240220214944.50 [150 kB]
#16 3253.4 Get:14 https://apt.llvm.org/bionic llvm-toolchain-bionic-18/main amd64 libunwind-18-dev amd64 1:18.1.0~++20240220094926+390dcd4cbbf5-1~exp1~20240220214944.50 [105 kB]
#16 3255.9 Get:15 https://apt.llvm.org/bionic llvm-toolchain-bionic-18/main amd64 libc++-18-dev amd64 1:18.1.0~++20240220094926+390dcd4cbbf5-1~exp1~20240220214944.50 [1207 kB]
#16 3275.8 Get:17 https://apt.llvm.org/bionic llvm-toolchain-bionic-18/main amd64 libclang-18-dev amd64 1:18.1.0~++20240220094926+390dcd4cbbf5-1~exp1~20240220214944.50 [26.4 MB]
#16 3619.6 Get:18 https://apt.llvm.org/bionic llvm-toolchain-bionic-18/main amd64 libclang-cpp18-dev amd64 1:18.1.0~++20240220094926+390dcd4cbbf5-1~exp1~20240220214944.50 [68.5 kB]
#16 3620.2 Get:19 https://apt.llvm.org/bionic llvm-toolchain-bionic-18/main amd64 libclang-rt-18-dev amd64 1:18.1.0~++20240220094926+390dcd4cbbf5-1~exp1~20240220214944.50 [3577 kB]
#16 3637.9 Get:20 https://apt.llvm.org/bionic llvm-toolchain-bionic-18/main amd64 liblld-18 amd64 1:18.1.0~++20240220094926+390dcd4cbbf5-1~exp1~20240220214944.50 [1676 kB]
#16 3650.5 Get:21 https://apt.llvm.org/bionic llvm-toolchain-bionic-18/main amd64 lld-18 amd64 1:18.1.0~++20240220094926+390dcd4cbbf5-1~exp1~20240220214944.50 [1311 kB]
#16 3666.4 Get:22 https://apt.llvm.org/bionic llvm-toolchain-bionic-18/main amd64 liblld-18-dev amd64 1:18.1.0~++20240220094926+390dcd4cbbf5-1~exp1~20240220214944.50 [79.0 kB]
#16 3667.1 Get:23 https://apt.llvm.org/bionic llvm-toolchain-bionic-18/main amd64 liblldb-18 amd64 1:18.1.0~++20240220094926+390dcd4cbbf5-1~exp1~20240220214944.50 [3553 kB]
#16 3688.9 Get:24 https://apt.llvm.org/bionic llvm-toolchain-bionic-18/main amd64 python3-lldb-18 amd64 1:18.1.0~++20240220094926+390dcd4cbbf5-1~exp1~20240220214944.50 [68.4 kB]
#16 3689.3 Get:25 https://apt.llvm.org/bionic llvm-toolchain-bionic-18/main amd64 lldb-18 amd64 1:18.1.0~++20240220094926+390dcd4cbbf5-1~exp1~20240220214944.50 [1202 kB]
#16 3695.5 Get:26 https://apt.llvm.org/bionic llvm-toolchain-bionic-18/main amd64 liblldb-18-dev amd64 1:18.1.0~++20240220094926+390dcd4cbbf5-1~exp1~20240220214944.50 [589 kB]
#16 3698.1 Get:27 https://apt.llvm.org/bionic llvm-toolchain-bionic-18/main amd64 libomp5-18 amd64 1:18.1.0~++20240220094926+390dcd4cbbf5-1~exp1~20240220214944.50 [629 kB]
#16 3700.8 Get:28 https://apt.llvm.org/bionic llvm-toolchain-bionic-18/main amd64 libomp-18-dev amd64 1:18.1.0~++20240220094926+390dcd4cbbf5-1~exp1~20240220214944.50 [1038 kB]
#16 3708.5 Get:29 https://apt.llvm.org/bionic llvm-toolchain-bionic-18/main amd64 llvm-18-runtime amd64 1:18.1.0~++20240220094926+390dcd4cbbf5-1~exp1~20240220214944.50 [556 kB]
#16 3713.5 Get:30 https://apt.llvm.org/bionic llvm-toolchain-bionic-18/main amd64 llvm-18 amd64 1:18.1.0~++20240220094926+390dcd4cbbf5-1~exp1~20240220214944.50 [22.8 MB]
#16 3817.8 Get:31 https://apt.llvm.org/bionic llvm-toolchain-bionic-18/main amd64 llvm-18-tools amd64 1:18.1.0~++20240220094926+390dcd4cbbf5-1~exp1~20240220214944.50 [540 kB]
#16 3819.0 Get:32 https://apt.llvm.org/bionic llvm-toolchain-bionic-18/main amd64 llvm-18-dev amd64 1:18.1.0~++20240220094926+390dcd4cbbf5-1~exp1~20240220214944.50 [41.8 MB]
#16 3882.0 debconf: unable to initialize frontend: Dialog
#16 3882.0 debconf: (TERM is not set, so the dialog frontend is not usable.)
#16 3882.0 debconf: falling back to frontend: Readline
#16 3882.1 debconf: unable to initialize frontend: Readline
#16 3882.1 debconf: (This frontend requires a controlling tty.)
#16 3882.1 debconf: falling back to frontend: Teletype
#16 3882.1 dpkg-preconfigure: unable to re-open stdin: 
#16 3882.1 Fetched 210 MB in 1h 0min 5s (58.3 kB/s)
#16 3882.1 Selecting previously unselected package libpython3.6-minimal:amd64.
#16 3882.1 (Reading database ... (Reading database ... 5%(Reading database ... 10%(Reading database ... 15%(Reading database ... 20%(Reading database ... 25%(Reading database ... 30%(Reading database ... 35%(Reading database ... 40%(Reading database ... 45%(Reading database ... 50%(Reading database ... 55%(Reading database ... 60%(Reading database ... 65%(Reading database ... 70%(Reading database ... 75%(Reading database ... 80%(Reading database ... 85%(Reading database ... 90%(Reading database ... 95%(Reading database ... 100%(Reading database ... 14053 files and directories currently installed.)
#16 3882.1 Preparing to unpack .../libpython3.6-minimal_3.6.9-1~18.04ubuntu1.12_amd64.deb ...
#16 3882.1 Unpacking libpython3.6-minimal:amd64 (3.6.9-1~18.04ubuntu1.12) ...
#16 3882.2 Selecting previously unselected package python3.6-minimal.
#16 3882.2 Preparing to unpack .../python3.6-minimal_3.6.9-1~18.04ubuntu1.12_amd64.deb ...
#16 3882.2 Unpacking python3.6-minimal (3.6.9-1~18.04ubuntu1.12) ...
#16 3882.3 Setting up libpython3.6-minimal:amd64 (3.6.9-1~18.04ubuntu1.12) ...
#16 3882.3 Setting up python3.6-minimal (3.6.9-1~18.04ubuntu1.12) ...
#16 3882.7 Selecting previously unselected package python3-minimal.
#16 3882.7 (Reading database ... (Reading database ... 5%(Reading database ... 10%(Reading database ... 15%(Reading database ... 20%(Reading database ... 25%(Reading database ... 30%(Reading database ... 35%(Reading database ... 40%(Reading database ... 45%(Reading database ... 50%(Reading database ... 55%(Reading database ... 60%(Reading database ... 65%(Reading database ... 70%(Reading database ... 75%(Reading database ... 80%(Reading database ... 85%(Reading database ... 90%(Reading database ... 95%(Reading database ... 100%(Reading database ... 14292 files and directories currently installed.)
#16 3882.8 Preparing to unpack .../0-python3-minimal_3.6.7-1~18.04_amd64.deb ...
#16 3882.8 Unpacking python3-minimal (3.6.7-1~18.04) ...
#16 3882.8 Selecting previously unselected package mime-support.
#16 3882.8 Preparing to unpack .../1-mime-support_3.60ubuntu1_all.deb ...
#16 3882.8 Unpacking mime-support (3.60ubuntu1) ...
#16 3882.8 Selecting previously unselected package libmpdec2:amd64.
#16 3882.8 Preparing to unpack .../2-libmpdec2_2.4.2-1ubuntu1_amd64.deb ...
#16 3882.8 Unpacking libmpdec2:amd64 (2.4.2-1ubuntu1) ...
#16 3882.8 Selecting previously unselected package libpython3.6-stdlib:amd64.
#16 3882.8 Preparing to unpack .../3-libpython3.6-stdlib_3.6.9-1~18.04ubuntu1.12_amd64.deb ...
#16 3882.8 Unpacking libpython3.6-stdlib:amd64 (3.6.9-1~18.04ubuntu1.12) ...
#16 3883.0 Selecting previously unselected package python3.6.
#16 3883.0 Preparing to unpack .../4-python3.6_3.6.9-1~18.04ubuntu1.12_amd64.deb ...
#16 3883.0 Unpacking python3.6 (3.6.9-1~18.04ubuntu1.12) ...
#16 3883.0 Selecting previously unselected package libpython3-stdlib:amd64.
#16 3883.0 Preparing to unpack .../5-libpython3-stdlib_3.6.7-1~18.04_amd64.deb ...
#16 3883.0 Unpacking libpython3-stdlib:amd64 (3.6.7-1~18.04) ...
#16 3883.0 Setting up python3-minimal (3.6.7-1~18.04) ...
#16 3883.2 Selecting previously unselected package python3.
#16 3883.2 (Reading database ... (Reading database ... 5%(Reading database ... 10%(Reading database ... 15%(Reading database ... 20%(Reading database ... 25%(Reading database ... 30%(Reading database ... 35%(Reading database ... 40%(Reading database ... 45%(Reading database ... 50%(Reading database ... 55%(Reading database ... 60%(Reading database ... 65%(Reading database ... 70%(Reading database ... 75%(Reading database ... 80%(Reading database ... 85%(Reading database ... 90%(Reading database ... 95%(Reading database ... 100%(Reading database ... 14722 files and directories currently installed.)
#16 3883.2 Preparing to unpack .../00-python3_3.6.7-1~18.04_amd64.deb ...
#16 3883.2 Unpacking python3 (3.6.7-1~18.04) ...
#16 3883.2 Selecting previously unselected package libmagic-mgc.
#16 3883.2 Preparing to unpack .../01-libmagic-mgc_1%3a5.32-2ubuntu0.4_amd64.deb ...
#16 3883.2 Unpacking libmagic-mgc (1:5.32-2ubuntu0.4) ...
#16 3883.2 Selecting previously unselected package libmagic1:amd64.
#16 3883.2 Preparing to unpack .../02-libmagic1_1%3a5.32-2ubuntu0.4_amd64.deb ...
#16 3883.2 Unpacking libmagic1:amd64 (1:5.32-2ubuntu0.4) ...
#16 3883.2 Selecting previously unselected package file.
#16 3883.2 Preparing to unpack .../03-file_1%3a5.32-2ubuntu0.4_amd64.deb ...
#16 3883.2 Unpacking file (1:5.32-2ubuntu0.4) ...
#16 3883.3 Selecting previously unselected package libglib2.0-0:amd64.
#16 3883.3 Preparing to unpack .../04-libglib2.0-0_2.56.4-0ubuntu0.18.04.9_amd64.deb ...
#16 3883.3 Unpacking libglib2.0-0:amd64 (2.56.4-0ubuntu0.18.04.9) ...
#16 3883.4 Selecting previously unselected package libgirepository-1.0-1:amd64.
#16 3883.4 Preparing to unpack .../05-libgirepository-1.0-1_1.56.1-1_amd64.deb ...
#16 3883.4 Unpacking libgirepository-1.0-1:amd64 (1.56.1-1) ...
#16 3883.4 Selecting previously unselected package gir1.2-glib-2.0:amd64.
#16 3883.4 Preparing to unpack .../06-gir1.2-glib-2.0_1.56.1-1_amd64.deb ...
#16 3883.4 Unpacking gir1.2-glib-2.0:amd64 (1.56.1-1) ...
#16 3883.4 Selecting previously unselected package libelf1:amd64.
#16 3883.4 Preparing to unpack .../07-libelf1_0.170-0.4ubuntu0.1_amd64.deb ...
#16 3883.4 Unpacking libelf1:amd64 (0.170-0.4ubuntu0.1) ...
#16 3883.4 Selecting previously unselected package libglib2.0-data.
#16 3883.4 Preparing to unpack .../08-libglib2.0-data_2.56.4-0ubuntu0.18.04.9_all.deb ...
#16 3883.4 Unpacking libglib2.0-data (2.56.4-0ubuntu0.18.04.9) ...
#16 3883.4 Selecting previously unselected package libicu60:amd64.
#16 3883.4 Preparing to unpack .../09-libicu60_60.2-3ubuntu3.2_amd64.deb ...
#16 3883.4 Unpacking libicu60:amd64 (60.2-3ubuntu3.2) ...
#16 3884.2 Selecting previously unselected package libxml2:amd64.
#16 3884.2 Preparing to unpack .../10-libxml2_2.9.4+dfsg1-6.1ubuntu1.9_amd64.deb ...
#16 3884.2 Unpacking libxml2:amd64 (2.9.4+dfsg1-6.1ubuntu1.9) ...
#16 3884.3 Selecting previously unselected package libyaml-0-2:amd64.
#16 3884.3 Preparing to unpack .../11-libyaml-0-2_0.1.7-2ubuntu3_amd64.deb ...
#16 3884.3 Unpacking libyaml-0-2:amd64 (0.1.7-2ubuntu3) ...
#16 3884.3 Selecting previously unselected package python3-yaml.
#16 3884.3 Preparing to unpack .../12-python3-yaml_3.12-1build2_amd64.deb ...
#16 3884.3 Unpacking python3-yaml (3.12-1build2) ...
#16 3884.3 Selecting previously unselected package shared-mime-info.
#16 3884.3 Preparing to unpack .../13-shared-mime-info_1.9-2_amd64.deb ...
#16 3884.3 Unpacking shared-mime-info (1.9-2) ...
#16 3884.4 Selecting previously unselected package xdg-user-dirs.
#16 3884.4 Preparing to unpack .../14-xdg-user-dirs_0.17-1ubuntu1_amd64.deb ...
#16 3884.4 Unpacking xdg-user-dirs (0.17-1ubuntu1) ...
#16 3884.4 Selecting previously unselected package libpipeline1:amd64.
#16 3884.4 Preparing to unpack .../15-libpipeline1_1.5.0-1_amd64.deb ...
#16 3884.4 Unpacking libpipeline1:amd64 (1.5.0-1) ...
#16 3884.4 Selecting previously unselected package libpng16-16:amd64.
#16 3884.4 Preparing to unpack .../16-libpng16-16_1.6.34-1ubuntu0.18.04.2_amd64.deb ...
#16 3884.4 Unpacking libpng16-16:amd64 (1.6.34-1ubuntu0.18.04.2) ...
#16 3884.4 Selecting previously unselected package binfmt-support.
#16 3884.4 Preparing to unpack .../17-binfmt-support_2.1.8-2_amd64.deb ...
#16 3884.4 Unpacking binfmt-support (2.1.8-2) ...
#16 3884.5 Selecting previously unselected package libllvm18:amd64.
#16 3884.5 Preparing to unpack .../18-libllvm18_1%3a18.1.0~++20240220094926+390dcd4cbbf5-1~exp1~20240220214944.50_amd64.deb ...
#16 3884.5 Unpacking libllvm18:amd64 (1:18.1.0~++20240220094926+390dcd4cbbf5-1~exp1~20240220214944.50) ...
#16 3886.7 Selecting previously unselected package libclang-cpp18.
#16 3886.7 Preparing to unpack .../19-libclang-cpp18_1%3a18.1.0~++20240220094926+390dcd4cbbf5-1~exp1~20240220214944.50_amd64.deb ...
#16 3886.7 Unpacking libclang-cpp18 (1:18.1.0~++20240220094926+390dcd4cbbf5-1~exp1~20240220214944.50) ...
#16 3887.9 Selecting previously unselected package libgc1c2:amd64.
#16 3887.9 Preparing to unpack .../20-libgc1c2_1%3a7.4.2-8ubuntu1_amd64.deb ...
#16 3887.9 Unpacking libgc1c2:amd64 (1:7.4.2-8ubuntu1) ...
#16 3887.9 Selecting previously unselected package libobjc4:amd64.
#16 3887.9 Preparing to unpack .../21-libobjc4_8.4.0-1ubuntu1~18.04_amd64.deb ...
#16 3887.9 Unpacking libobjc4:amd64 (8.4.0-1ubuntu1~18.04) ...
#16 3887.9 Selecting previously unselected package libobjc-7-dev:amd64.
#16 3887.9 Preparing to unpack .../22-libobjc-7-dev_7.5.0-3ubuntu1~18.04_amd64.deb ...
#16 3887.9 Unpacking libobjc-7-dev:amd64 (7.5.0-3ubuntu1~18.04) ...
#16 3888.0 Selecting previously unselected package libclang-common-18-dev.
#16 3888.0 Preparing to unpack .../23-libclang-common-18-dev_1%3a18.1.0~++20240220094926+390dcd4cbbf5-1~exp1~20240220214944.50_all.deb ...
#16 3888.0 Unpacking libclang-common-18-dev (1:18.1.0~++20240220094926+390dcd4cbbf5-1~exp1~20240220214944.50) ...
#16 3888.1 Selecting previously unselected package llvm-18-linker-tools.
#16 3888.1 Preparing to unpack .../24-llvm-18-linker-tools_1%3a18.1.0~++20240220094926+390dcd4cbbf5-1~exp1~20240220214944.50_amd64.deb ...
#16 3888.1 Unpacking llvm-18-linker-tools (1:18.1.0~++20240220094926+390dcd4cbbf5-1~exp1~20240220214944.50) ...
#16 3888.2 Selecting previously unselected package libclang1-18.
#16 3888.2 Preparing to unpack .../25-libclang1-18_1%3a18.1.0~++20240220094926+390dcd4cbbf5-1~exp1~20240220214944.50_amd64.deb ...
#16 3888.2 Unpacking libclang1-18 (1:18.1.0~++20240220094926+390dcd4cbbf5-1~exp1~20240220214944.50) ...
#16 3888.9 Selecting previously unselected package clang-18.
#16 3888.9 Preparing to unpack .../26-clang-18_1%3a18.1.0~++20240220094926+390dcd4cbbf5-1~exp1~20240220214944.50_amd64.deb ...
#16 3888.9 Unpacking clang-18 (1:18.1.0~++20240220094926+390dcd4cbbf5-1~exp1~20240220214944.50) ...
#16 3888.9 Selecting previously unselected package clang-tools-18.
#16 3888.9 Preparing to unpack .../27-clang-tools-18_1%3a18.1.0~++20240220094926+390dcd4cbbf5-1~exp1~20240220214944.50_amd64.deb ...
#16 3888.9 Unpacking clang-tools-18 (1:18.1.0~++20240220094926+390dcd4cbbf5-1~exp1~20240220214944.50) ...
#16 3889.7 Selecting previously unselected package clangd-18.
#16 3889.7 Preparing to unpack .../28-clangd-18_1%3a18.1.0~++20240220094926+390dcd4cbbf5-1~exp1~20240220214944.50_amd64.deb ...
#16 3889.7 Unpacking clangd-18 (1:18.1.0~++20240220094926+390dcd4cbbf5-1~exp1~20240220214944.50) ...
#16 3890.2 Selecting previously unselected package libfreetype6:amd64.
#16 3890.2 Preparing to unpack .../29-libfreetype6_2.8.1-2ubuntu2.2_amd64.deb ...
#16 3890.2 Unpacking libfreetype6:amd64 (2.8.1-2ubuntu2.2) ...
#16 3890.3 Selecting previously unselected package libgraphite2-3:amd64.
#16 3890.3 Preparing to unpack .../30-libgraphite2-3_1.3.11-2_amd64.deb ...
#16 3890.3 Unpacking libgraphite2-3:amd64 (1.3.11-2) ...
#16 3890.3 Selecting previously unselected package libharfbuzz0b:amd64.
#16 3890.3 Preparing to unpack .../31-libharfbuzz0b_1.7.2-1ubuntu1_amd64.deb ...
#16 3890.3 Unpacking libharfbuzz0b:amd64 (1.7.2-1ubuntu1) ...
#16 3890.3 Selecting previously unselected package gir1.2-harfbuzz-0.0:amd64.
#16 3890.3 Preparing to unpack .../32-gir1.2-harfbuzz-0.0_1.7.2-1ubuntu1_amd64.deb ...
#16 3890.3 Unpacking gir1.2-harfbuzz-0.0:amd64 (1.7.2-1ubuntu1) ...
#16 3890.4 Selecting previously unselected package icu-devtools.
#16 3890.4 Preparing to unpack .../33-icu-devtools_60.2-3ubuntu3.2_amd64.deb ...
#16 3890.4 Unpacking icu-devtools (60.2-3ubuntu3.2) ...
#16 3890.4 Selecting previously unselected package libunwind-18:amd64.
#16 3890.4 Preparing to unpack .../34-libunwind-18_1%3a18.1.0~++20240220094926+390dcd4cbbf5-1~exp1~20240220214944.50_amd64.deb ...
#16 3890.4 Unpacking libunwind-18:amd64 (1:18.1.0~++20240220094926+390dcd4cbbf5-1~exp1~20240220214944.50) ...
#16 3890.4 Selecting previously unselected package libc++abi1-18:amd64.
#16 3890.4 Preparing to unpack .../35-libc++abi1-18_1%3a18.1.0~++20240220094926+390dcd4cbbf5-1~exp1~20240220214944.50_amd64.deb ...
#16 3890.4 Unpacking libc++abi1-18:amd64 (1:18.1.0~++20240220094926+390dcd4cbbf5-1~exp1~20240220214944.50) ...
#16 3890.4 Selecting previously unselected package libc++1-18:amd64.
#16 3890.4 Preparing to unpack .../36-libc++1-18_1%3a18.1.0~++20240220094926+390dcd4cbbf5-1~exp1~20240220214944.50_amd64.deb ...
#16 3890.4 Unpacking libc++1-18:amd64 (1:18.1.0~++20240220094926+390dcd4cbbf5-1~exp1~20240220214944.50) ...
#16 3890.5 Selecting previously unselected package libc++abi-18-dev:amd64.
#16 3890.5 Preparing to unpack .../37-libc++abi-18-dev_1%3a18.1.0~++20240220094926+390dcd4cbbf5-1~exp1~20240220214944.50_amd64.deb ...
#16 3890.5 Unpacking libc++abi-18-dev:amd64 (1:18.1.0~++20240220094926+390dcd4cbbf5-1~exp1~20240220214944.50) ...
#16 3890.5 Selecting previously unselected package libunwind-18-dev:amd64.
#16 3890.5 Preparing to unpack .../38-libunwind-18-dev_1%3a18.1.0~++20240220094926+390dcd4cbbf5-1~exp1~20240220214944.50_amd64.deb ...
#16 3890.5 Unpacking libunwind-18-dev:amd64 (1:18.1.0~++20240220094926+390dcd4cbbf5-1~exp1~20240220214944.50) ...
#16 3890.5 Selecting previously unselected package libc++-18-dev:amd64.
#16 3890.5 Preparing to unpack .../39-libc++-18-dev_1%3a18.1.0~++20240220094926+390dcd4cbbf5-1~exp1~20240220214944.50_amd64.deb ...
#16 3890.5 Unpacking libc++-18-dev:amd64 (1:18.1.0~++20240220094926+390dcd4cbbf5-1~exp1~20240220214944.50) ...
#16 3890.7 Selecting previously unselected package libc6-i386.
#16 3890.7 Preparing to unpack .../40-libc6-i386_2.27-3ubuntu1.6_amd64.deb ...
#16 3890.7 Unpacking libc6-i386 (2.27-3ubuntu1.6) ...
#16 3891.0 Selecting previously unselected package libclang-18-dev.
#16 3891.0 Preparing to unpack .../41-libclang-18-dev_1%3a18.1.0~++20240220094926+390dcd4cbbf5-1~exp1~20240220214944.50_amd64.deb ...
#16 3891.0 Unpacking libclang-18-dev (1:18.1.0~++20240220094926+390dcd4cbbf5-1~exp1~20240220214944.50) ...
#16 3893.7 Selecting previously unselected package libclang-cpp18-dev.
#16 3893.7 Preparing to unpack .../42-libclang-cpp18-dev_1%3a18.1.0~++20240220094926+390dcd4cbbf5-1~exp1~20240220214944.50_amd64.deb ...
#16 3893.7 Unpacking libclang-cpp18-dev (1:18.1.0~++20240220094926+390dcd4cbbf5-1~exp1~20240220214944.50) ...
#16 3893.8 Selecting previously unselected package lib32gcc1.
#16 3893.8 Preparing to unpack .../43-lib32gcc1_1%3a8.4.0-1ubuntu1~18.04_amd64.deb ...
#16 3893.8 Unpacking lib32gcc1 (1:8.4.0-1ubuntu1~18.04) ...
#16 3893.8 Selecting previously unselected package lib32stdc++6.
#16 3893.8 Preparing to unpack .../44-lib32stdc++6_8.4.0-1ubuntu1~18.04_amd64.deb ...
#16 3893.8 Unpacking lib32stdc++6 (8.4.0-1ubuntu1~18.04) ...
#16 3893.8 Selecting previously unselected package libclang-rt-18-dev:amd64.
#16 3893.8 Preparing to unpack .../45-libclang-rt-18-dev_1%3a18.1.0~++20240220094926+390dcd4cbbf5-1~exp1~20240220214944.50_amd64.deb ...
#16 3893.8 Unpacking libclang-rt-18-dev:amd64 (1:18.1.0~++20240220094926+390dcd4cbbf5-1~exp1~20240220214944.50) ...
#16 3894.3 Selecting previously unselected package libcurl4:amd64.
#16 3894.3 Preparing to unpack .../46-libcurl4_7.58.0-2ubuntu3.24_amd64.deb ...
#16 3894.3 Unpacking libcurl4:amd64 (7.58.0-2ubuntu3.24) ...
#16 3894.4 Selecting previously unselected package libglib2.0-bin.
#16 3894.4 Preparing to unpack .../47-libglib2.0-bin_2.56.4-0ubuntu0.18.04.9_amd64.deb ...
#16 3894.4 Unpacking libglib2.0-bin (2.56.4-0ubuntu0.18.04.9) ...
#16 3894.4 Selecting previously unselected package python3-lib2to3.
#16 3894.4 Preparing to unpack .../48-python3-lib2to3_3.6.9-1~18.04_all.deb ...
#16 3894.4 Unpacking python3-lib2to3 (3.6.9-1~18.04) ...
#16 3894.4 Selecting previously unselected package python3-distutils.
#16 3894.4 Preparing to unpack .../49-python3-distutils_3.6.9-1~18.04_all.deb ...
#16 3894.4 Unpacking python3-distutils (3.6.9-1~18.04) ...
#16 3894.5 Selecting previously unselected package libglib2.0-dev-bin.
#16 3894.5 Preparing to unpack .../50-libglib2.0-dev-bin_2.56.4-0ubuntu0.18.04.9_amd64.deb ...
#16 3894.5 Unpacking libglib2.0-dev-bin (2.56.4-0ubuntu0.18.04.9) ...
#16 3894.5 Selecting previously unselected package libpcre16-3:amd64.
#16 3894.5 Preparing to unpack .../51-libpcre16-3_2%3a8.39-9ubuntu0.1_amd64.deb ...
#16 3894.5 Unpacking libpcre16-3:amd64 (2:8.39-9ubuntu0.1) ...
#16 3894.5 Selecting previously unselected package libpcre32-3:amd64.
#16 3894.5 Preparing to unpack .../52-libpcre32-3_2%3a8.39-9ubuntu0.1_amd64.deb ...
#16 3894.5 Unpacking libpcre32-3:amd64 (2:8.39-9ubuntu0.1) ...
#16 3894.5 Selecting previously unselected package libpcrecpp0v5:amd64.
#16 3894.5 Preparing to unpack .../53-libpcrecpp0v5_2%3a8.39-9ubuntu0.1_amd64.deb ...
#16 3894.5 Unpacking libpcrecpp0v5:amd64 (2:8.39-9ubuntu0.1) ...
#16 3894.6 Selecting previously unselected package libpcre3-dev:amd64.
#16 3894.6 Preparing to unpack .../54-libpcre3-dev_2%3a8.39-9ubuntu0.1_amd64.deb ...
#16 3894.6 Unpacking libpcre3-dev:amd64 (2:8.39-9ubuntu0.1) ...
#16 3894.6 Selecting previously unselected package pkg-config.
#16 3894.6 Preparing to unpack .../55-pkg-config_0.29.1-0ubuntu2_amd64.deb ...
#16 3894.6 Unpacking pkg-config (0.29.1-0ubuntu2) ...
#16 3894.6 Selecting previously unselected package zlib1g-dev:amd64.
#16 3894.6 Preparing to unpack .../56-zlib1g-dev_1%3a1.2.11.dfsg-0ubuntu2.2_amd64.deb ...
#16 3894.6 Unpacking zlib1g-dev:amd64 (1:1.2.11.dfsg-0ubuntu2.2) ...
#16 3894.7 Selecting previously unselected package libglib2.0-dev:amd64.
#16 3894.7 Preparing to unpack .../57-libglib2.0-dev_2.56.4-0ubuntu0.18.04.9_amd64.deb ...
#16 3894.7 Unpacking libglib2.0-dev:amd64 (2.56.4-0ubuntu0.18.04.9) ...
#16 3894.8 Selecting previously unselected package libgraphite2-dev:amd64.
#16 3894.8 Preparing to unpack .../58-libgraphite2-dev_1.3.11-2_amd64.deb ...
#16 3894.8 Unpacking libgraphite2-dev:amd64 (1.3.11-2) ...
#16 3894.8 Selecting previously unselected package libharfbuzz-icu0:amd64.
#16 3894.8 Preparing to unpack .../59-libharfbuzz-icu0_1.7.2-1ubuntu1_amd64.deb ...
#16 3894.8 Unpacking libharfbuzz-icu0:amd64 (1.7.2-1ubuntu1) ...
#16 3894.9 Selecting previously unselected package libharfbuzz-gobject0:amd64.
#16 3894.9 Preparing to unpack .../60-libharfbuzz-gobject0_1.7.2-1ubuntu1_amd64.deb ...
#16 3894.9 Unpacking libharfbuzz-gobject0:amd64 (1.7.2-1ubuntu1) ...
#16 3894.9 Selecting previously unselected package libicu-le-hb0:amd64.
#16 3894.9 Preparing to unpack .../61-libicu-le-hb0_1.0.3+git161113-4_amd64.deb ...
#16 3894.9 Unpacking libicu-le-hb0:amd64 (1.0.3+git161113-4) ...
#16 3894.9 Selecting previously unselected package libiculx60:amd64.
#16 3894.9 Preparing to unpack .../62-libiculx60_60.2-3ubuntu3.2_amd64.deb ...
#16 3894.9 Unpacking libiculx60:amd64 (60.2-3ubuntu3.2) ...
#16 3894.9 Selecting previously unselected package libicu-le-hb-dev:amd64.
#16 3894.9 Preparing to unpack .../63-libicu-le-hb-dev_1.0.3+git161113-4_amd64.deb ...
#16 3894.9 Unpacking libicu-le-hb-dev:amd64 (1.0.3+git161113-4) ...
#16 3894.9 Selecting previously unselected package libicu-dev.
#16 3894.9 Preparing to unpack .../64-libicu-dev_60.2-3ubuntu3.2_amd64.deb ...
#16 3894.9 Unpacking libicu-dev (60.2-3ubuntu3.2) ...
#16 3895.8 Selecting previously unselected package libharfbuzz-dev:amd64.
#16 3895.8 Preparing to unpack .../65-libharfbuzz-dev_1.7.2-1ubuntu1_amd64.deb ...
#16 3895.8 Unpacking libharfbuzz-dev:amd64 (1.7.2-1ubuntu1) ...
#16 3895.8 Selecting previously unselected package liblld-18.
#16 3895.8 Preparing to unpack .../66-liblld-18_1%3a18.1.0~++20240220094926+390dcd4cbbf5-1~exp1~20240220214944.50_amd64.deb ...
#16 3895.8 Unpacking liblld-18 (1:18.1.0~++20240220094926+390dcd4cbbf5-1~exp1~20240220214944.50) ...
#16 3896.0 Selecting previously unselected package lld-18.
#16 3896.0 Preparing to unpack .../67-lld-18_1%3a18.1.0~++20240220094926+390dcd4cbbf5-1~exp1~20240220214944.50_amd64.deb ...
#16 3896.0 Unpacking lld-18 (1:18.1.0~++20240220094926+390dcd4cbbf5-1~exp1~20240220214944.50) ...
#16 3896.1 Selecting previously unselected package libzstd-dev:amd64.
#16 3896.1 Preparing to unpack .../68-libzstd-dev_1.3.3+dfsg-2ubuntu1.2_amd64.deb ...
#16 3896.1 Unpacking libzstd-dev:amd64 (1.3.3+dfsg-2ubuntu1.2) ...
#16 3896.1 Selecting previously unselected package liblld-18-dev.
#16 3896.2 Preparing to unpack .../69-liblld-18-dev_1%3a18.1.0~++20240220094926+390dcd4cbbf5-1~exp1~20240220214944.50_amd64.deb ...
#16 3896.2 Unpacking liblld-18-dev (1:18.1.0~++20240220094926+390dcd4cbbf5-1~exp1~20240220214944.50) ...
#16 3896.2 Selecting previously unselected package liblldb-18.
#16 3896.2 Preparing to unpack .../70-liblldb-18_1%3a18.1.0~++20240220094926+390dcd4cbbf5-1~exp1~20240220214944.50_amd64.deb ...
#16 3896.2 Unpacking liblldb-18 (1:18.1.0~++20240220094926+390dcd4cbbf5-1~exp1~20240220214944.50) ...
#16 3896.5 Selecting previously unselected package python3-lldb-18.
#16 3896.5 Preparing to unpack .../71-python3-lldb-18_1%3a18.1.0~++20240220094926+390dcd4cbbf5-1~exp1~20240220214944.50_amd64.deb ...
#16 3896.5 Unpacking python3-lldb-18 (1:18.1.0~++20240220094926+390dcd4cbbf5-1~exp1~20240220214944.50) ...
#16 3896.5 Selecting previously unselected package lldb-18.
#16 3896.5 Preparing to unpack .../72-lldb-18_1%3a18.1.0~++20240220094926+390dcd4cbbf5-1~exp1~20240220214944.50_amd64.deb ...
#16 3896.5 Unpacking lldb-18 (1:18.1.0~++20240220094926+390dcd4cbbf5-1~exp1~20240220214944.50) ...
#16 3896.7 Selecting previously unselected package liblldb-18-dev.
#16 3896.7 Preparing to unpack .../73-liblldb-18-dev_1%3a18.1.0~++20240220094926+390dcd4cbbf5-1~exp1~20240220214944.50_amd64.deb ...
#16 3896.7 Unpacking liblldb-18-dev (1:18.1.0~++20240220094926+390dcd4cbbf5-1~exp1~20240220214944.50) ...
#16 3896.7 Selecting previously unselected package libtinfo-dev:amd64.
#16 3896.7 Preparing to unpack .../74-libtinfo-dev_6.1-1ubuntu1.18.04.1_amd64.deb ...
#16 3896.7 Unpacking libtinfo-dev:amd64 (6.1-1ubuntu1.18.04.1) ...
#16 3896.8 Selecting previously unselected package libncurses5-dev:amd64.
#16 3896.8 Preparing to unpack .../75-libncurses5-dev_6.1-1ubuntu1.18.04.1_amd64.deb ...
#16 3896.8 Unpacking libncurses5-dev:amd64 (6.1-1ubuntu1.18.04.1) ...
#16 3896.8 Selecting previously unselected package libomp5-18:amd64.
#16 3896.8 Preparing to unpack .../76-libomp5-18_1%3a18.1.0~++20240220094926+390dcd4cbbf5-1~exp1~20240220214944.50_amd64.deb ...
#16 3896.8 Unpacking libomp5-18:amd64 (1:18.1.0~++20240220094926+390dcd4cbbf5-1~exp1~20240220214944.50) ...
#16 3896.9 Selecting previously unselected package libpython3.6:amd64.
#16 3896.9 Preparing to unpack .../77-libpython3.6_3.6.9-1~18.04ubuntu1.12_amd64.deb ...
#16 3896.9 Unpacking libpython3.6:amd64 (3.6.9-1~18.04ubuntu1.12) ...
#16 3897.0 Selecting previously unselected package libomp-18-dev.
#16 3897.0 Preparing to unpack .../78-libomp-18-dev_1%3a18.1.0~++20240220094926+390dcd4cbbf5-1~exp1~20240220214944.50_amd64.deb ...
#16 3897.0 Unpacking libomp-18-dev (1:18.1.0~++20240220094926+390dcd4cbbf5-1~exp1~20240220214944.50) ...
#16 3897.4 Selecting previously unselected package libxml2-dev:amd64.
#16 3897.4 Preparing to unpack .../79-libxml2-dev_2.9.4+dfsg1-6.1ubuntu1.9_amd64.deb ...
#16 3897.4 Unpacking libxml2-dev:amd64 (2.9.4+dfsg1-6.1ubuntu1.9) ...
#16 3897.4 Selecting previously unselected package llvm-18-runtime.
#16 3897.4 Preparing to unpack .../80-llvm-18-runtime_1%3a18.1.0~++20240220094926+390dcd4cbbf5-1~exp1~20240220214944.50_amd64.deb ...
#16 3897.4 Unpacking llvm-18-runtime (1:18.1.0~++20240220094926+390dcd4cbbf5-1~exp1~20240220214944.50) ...
#16 3897.5 Selecting previously unselected package libpfm4:amd64.
#16 3897.5 Preparing to unpack .../81-libpfm4_4.9.0-2_amd64.deb ...
#16 3897.5 Unpacking libpfm4:amd64 (4.9.0-2) ...
#16 3897.5 Selecting previously unselected package llvm-18.
#16 3897.5 Preparing to unpack .../82-llvm-18_1%3a18.1.0~++20240220094926+390dcd4cbbf5-1~exp1~20240220214944.50_amd64.deb ...
#16 3897.5 Unpacking llvm-18 (1:18.1.0~++20240220094926+390dcd4cbbf5-1~exp1~20240220214944.50) ...
#16 3899.7 Selecting previously unselected package libffi-dev:amd64.
#16 3899.7 Preparing to unpack .../83-libffi-dev_3.2.1-8_amd64.deb ...
#16 3899.7 Unpacking libffi-dev:amd64 (3.2.1-8) ...
#16 3899.7 Selecting previously unselected package python3-pygments.
#16 3899.7 Preparing to unpack .../84-python3-pygments_2.2.0+dfsg-1ubuntu0.2_all.deb ...
#16 3899.7 Unpacking python3-pygments (2.2.0+dfsg-1ubuntu0.2) ...
#16 3899.8 Selecting previously unselected package llvm-18-tools.
#16 3899.8 Preparing to unpack .../85-llvm-18-tools_1%3a18.1.0~++20240220094926+390dcd4cbbf5-1~exp1~20240220214944.50_amd64.deb ...
#16 3899.8 Unpacking llvm-18-tools (1:18.1.0~++20240220094926+390dcd4cbbf5-1~exp1~20240220214944.50) ...
#16 3899.9 Selecting previously unselected package libz3-4:amd64.
#16 3899.9 Preparing to unpack .../86-libz3-4_4.4.1-0.3build4_amd64.deb ...
#16 3899.9 Unpacking libz3-4:amd64 (4.4.1-0.3build4) ...
#16 3900.5 Selecting previously unselected package libz3-dev:amd64.
#16 3900.5 Preparing to unpack .../87-libz3-dev_4.4.1-0.3build4_amd64.deb ...
#16 3900.5 Unpacking libz3-dev:amd64 (4.4.1-0.3build4) ...
#16 3900.5 Selecting previously unselected package llvm-18-dev.
#16 3900.5 Preparing to unpack .../88-llvm-18-dev_1%3a18.1.0~++20240220094926+390dcd4cbbf5-1~exp1~20240220214944.50_amd64.deb ...
#16 3900.5 Unpacking llvm-18-dev (1:18.1.0~++20240220094926+390dcd4cbbf5-1~exp1~20240220214944.50) ...
#16 3904.7 Selecting previously unselected package python3-pkg-resources.
#16 3904.7 Preparing to unpack .../89-python3-pkg-resources_39.0.1-2ubuntu0.1_all.deb ...
#16 3904.7 Unpacking python3-pkg-resources (39.0.1-2ubuntu0.1) ...
#16 3904.7 Setting up libicu60:amd64 (60.2-3ubuntu3.2) ...
#16 3904.7 Setting up libclang-common-18-dev (1:18.1.0~++20240220094926+390dcd4cbbf5-1~exp1~20240220214944.50) ...
#16 3904.7 Setting up mime-support (3.60ubuntu1) ...
#16 3904.7 Setting up libpng16-16:amd64 (1.6.34-1ubuntu0.18.04.2) ...
#16 3904.7 Setting up libelf1:amd64 (0.170-0.4ubuntu0.1) ...
#16 3904.7 Setting up libglib2.0-0:amd64 (2.56.4-0ubuntu0.18.04.9) ...
#16 3904.7 No schema files found: doing nothing.
#16 3904.7 Setting up libcurl4:amd64 (7.58.0-2ubuntu3.24) ...
#16 3904.7 Setting up libtinfo-dev:amd64 (6.1-1ubuntu1.18.04.1) ...
#16 3904.7 Setting up libgc1c2:amd64 (1:7.4.2-8ubuntu1) ...
#16 3904.7 Setting up libffi-dev:amd64 (3.2.1-8) ...
#16 3904.7 Setting up libpipeline1:amd64 (1.5.0-1) ...
#16 3904.8 Setting up libc6-i386 (2.27-3ubuntu1.6) ...
#16 3904.8 Setting up libunwind-18:amd64 (1:18.1.0~++20240220094926+390dcd4cbbf5-1~exp1~20240220214944.50) ...
#16 3904.8 Setting up libgirepository-1.0-1:amd64 (1.56.1-1) ...
#16 3904.8 Setting up libxml2:amd64 (2.9.4+dfsg1-6.1ubuntu1.9) ...
#16 3904.8 Setting up libfreetype6:amd64 (2.8.1-2ubuntu2.2) ...
#16 3904.8 Setting up libmagic-mgc (1:5.32-2ubuntu0.4) ...
#16 3904.8 Setting up libllvm18:amd64 (1:18.1.0~++20240220094926+390dcd4cbbf5-1~exp1~20240220214944.50) ...
#16 3904.8 Setting up libmagic1:amd64 (1:5.32-2ubuntu0.4) ...
#16 3904.8 Setting up libgraphite2-3:amd64 (1.3.11-2) ...
#16 3904.8 Setting up libncurses5-dev:amd64 (6.1-1ubuntu1.18.04.1) ...
#16 3904.8 Setting up pkg-config (0.29.1-0ubuntu2) ...
#16 3904.8 Setting up libyaml-0-2:amd64 (0.1.7-2ubuntu3) ...
#16 3904.8 Setting up gir1.2-glib-2.0:amd64 (1.56.1-1) ...
#16 3904.8 Setting up libglib2.0-data (2.56.4-0ubuntu0.18.04.9) ...
#16 3904.8 Setting up libpfm4:amd64 (4.9.0-2) ...
#16 3904.8 Setting up libzstd-dev:amd64 (1.3.3+dfsg-2ubuntu1.2) ...
#16 3904.8 Setting up llvm-18-runtime (1:18.1.0~++20240220094926+390dcd4cbbf5-1~exp1~20240220214944.50) ...
#16 3904.8 mount: /proc/sys/fs/binfmt_misc: permission denied.
#16 3904.8 update-binfmts: warning: Couldn't mount the binfmt_misc filesystem on /proc/sys/fs/binfmt_misc.
#16 3904.8 Setting up shared-mime-info (1.9-2) ...
#16 3905.1 Setting up libpcrecpp0v5:amd64 (2:8.39-9ubuntu0.1) ...
#16 3905.1 Setting up libpcre32-3:amd64 (2:8.39-9ubuntu0.1) ...
#16 3905.1 Setting up icu-devtools (60.2-3ubuntu3.2) ...
#16 3905.1 Setting up libpcre16-3:amd64 (2:8.39-9ubuntu0.1) ...
#16 3905.1 Setting up libglib2.0-bin (2.56.4-0ubuntu0.18.04.9) ...
#16 3905.1 Setting up libgraphite2-dev:amd64 (1.3.11-2) ...
#16 3905.1 Setting up xdg-user-dirs (0.17-1ubuntu1) ...
#16 3905.1 Setting up libz3-4:amd64 (4.4.1-0.3build4) ...
#16 3905.1 Setting up libmpdec2:amd64 (2.4.2-1ubuntu1) ...
#16 3905.1 Setting up libunwind-18-dev:amd64 (1:18.1.0~++20240220094926+390dcd4cbbf5-1~exp1~20240220214944.50) ...
#16 3905.1 Setting up lib32gcc1 (1:8.4.0-1ubuntu1~18.04) ...
#16 3905.1 Setting up llvm-18-linker-tools (1:18.1.0~++20240220094926+390dcd4cbbf5-1~exp1~20240220214944.50) ...
#16 3905.1 Setting up zlib1g-dev:amd64 (1:1.2.11.dfsg-0ubuntu2.2) ...
#16 3905.1 Setting up libpython3.6-stdlib:amd64 (3.6.9-1~18.04ubuntu1.12) ...
#16 3905.1 Setting up binfmt-support (2.1.8-2) ...
#16 3905.1 mount: /proc/sys/fs/binfmt_misc: permission denied.
#16 3905.1 update-binfmts: warning: Couldn't mount the binfmt_misc filesystem on /proc/sys/fs/binfmt_misc.
#16 3905.1 mount: /proc/sys/fs/binfmt_misc: permission denied.
#16 3905.1 update-binfmts: warning: Couldn't mount the binfmt_misc filesystem on /proc/sys/fs/binfmt_misc.
#16 3905.2 invoke-rc.d: could not determine current runlevel
#16 3905.2 invoke-rc.d: policy-rc.d denied execution of start.
#16 3905.2 Setting up libobjc4:amd64 (8.4.0-1ubuntu1~18.04) ...
#16 3905.2 Setting up libclang-cpp18 (1:18.1.0~++20240220094926+390dcd4cbbf5-1~exp1~20240220214944.50) ...
#16 3905.2 Setting up libpcre3-dev:amd64 (2:8.39-9ubuntu0.1) ...
#16 3905.2 Setting up python3.6 (3.6.9-1~18.04ubuntu1.12) ...
#16 3905.8 Setting up clangd-18 (1:18.1.0~++20240220094926+390dcd4cbbf5-1~exp1~20240220214944.50) ...
#16 3905.8 Setting up lld-18 (1:18.1.0~++20240220094926+390dcd4cbbf5-1~exp1~20240220214944.50) ...
#16 3905.8 Setting up liblld-18 (1:18.1.0~++20240220094926+390dcd4cbbf5-1~exp1~20240220214944.50) ...
#16 3905.8 Setting up libclang1-18 (1:18.1.0~++20240220094926+390dcd4cbbf5-1~exp1~20240220214944.50) ...
#16 3905.8 Setting up libomp5-18:amd64 (1:18.1.0~++20240220094926+390dcd4cbbf5-1~exp1~20240220214944.50) ...
#16 3905.8 Setting up libc++abi1-18:amd64 (1:18.1.0~++20240220094926+390dcd4cbbf5-1~exp1~20240220214944.50) ...
#16 3905.8 Setting up liblldb-18 (1:18.1.0~++20240220094926+390dcd4cbbf5-1~exp1~20240220214944.50) ...
#16 3905.8 Setting up libc++abi-18-dev:amd64 (1:18.1.0~++20240220094926+390dcd4cbbf5-1~exp1~20240220214944.50) ...
#16 3905.8 Setting up libharfbuzz0b:amd64 (1.7.2-1ubuntu1) ...
#16 3905.8 Setting up python3-lldb-18 (1:18.1.0~++20240220094926+390dcd4cbbf5-1~exp1~20240220214944.50) ...
#16 3905.8 Setting up file (1:5.32-2ubuntu0.4) ...
#16 3905.8 Setting up libobjc-7-dev:amd64 (7.5.0-3ubuntu1~18.04) ...
#16 3905.8 Setting up libclang-18-dev (1:18.1.0~++20240220094926+390dcd4cbbf5-1~exp1~20240220214944.50) ...
#16 3905.8 Setting up gir1.2-harfbuzz-0.0:amd64 (1.7.2-1ubuntu1) ...
#16 3905.8 Setting up liblld-18-dev (1:18.1.0~++20240220094926+390dcd4cbbf5-1~exp1~20240220214944.50) ...
#16 3905.8 Setting up libz3-dev:amd64 (4.4.1-0.3build4) ...
#16 3905.8 Setting up lib32stdc++6 (8.4.0-1ubuntu1~18.04) ...
#16 3905.8 Setting up llvm-18 (1:18.1.0~++20240220094926+390dcd4cbbf5-1~exp1~20240220214944.50) ...
#16 3905.8 Setting up libclang-cpp18-dev (1:18.1.0~++20240220094926+390dcd4cbbf5-1~exp1~20240220214944.50) ...
#16 3905.8 Setting up libharfbuzz-gobject0:amd64 (1.7.2-1ubuntu1) ...
#16 3905.8 Setting up clang-18 (1:18.1.0~++20240220094926+390dcd4cbbf5-1~exp1~20240220214944.50) ...
#16 3905.8 Setting up libpython3.6:amd64 (3.6.9-1~18.04ubuntu1.12) ...
#16 3905.8 Setting up libc++1-18:amd64 (1:18.1.0~++20240220094926+390dcd4cbbf5-1~exp1~20240220214944.50) ...
#16 3905.8 Setting up libpython3-stdlib:amd64 (3.6.7-1~18.04) ...
#16 3905.8 Setting up lldb-18 (1:18.1.0~++20240220094926+390dcd4cbbf5-1~exp1~20240220214944.50) ...
#16 3905.8 Setting up libharfbuzz-icu0:amd64 (1.7.2-1ubuntu1) ...
#16 3905.9 Setting up python3 (3.6.7-1~18.04) ...
#16 3905.9 running python rtupdate hooks for python3.6...
#16 3906.1 running python post-rtupdate hooks for python3.6...
#16 3906.2 Setting up libomp-18-dev (1:18.1.0~++20240220094926+390dcd4cbbf5-1~exp1~20240220214944.50) ...
#16 3906.2 Setting up libicu-le-hb0:amd64 (1.0.3+git161113-4) ...
#16 3906.2 Setting up clang-tools-18 (1:18.1.0~++20240220094926+390dcd4cbbf5-1~exp1~20240220214944.50) ...
#16 3906.2 Setting up python3-pkg-resources (39.0.1-2ubuntu0.1) ...
#16 3906.4 Setting up libiculx60:amd64 (60.2-3ubuntu3.2) ...
#16 3906.4 Setting up libclang-rt-18-dev:amd64 (1:18.1.0~++20240220094926+390dcd4cbbf5-1~exp1~20240220214944.50) ...
#16 3906.4 Setting up python3-lib2to3 (3.6.9-1~18.04) ...
#16 3906.4 Setting up liblldb-18-dev (1:18.1.0~++20240220094926+390dcd4cbbf5-1~exp1~20240220214944.50) ...
#16 3906.4 Setting up python3-distutils (3.6.9-1~18.04) ...
#16 3906.5 Setting up libc++-18-dev:amd64 (1:18.1.0~++20240220094926+390dcd4cbbf5-1~exp1~20240220214944.50) ...
#16 3906.5 Setting up python3-pygments (2.2.0+dfsg-1ubuntu0.2) ...
#16 3907.0 Setting up python3-yaml (3.12-1build2) ...
#16 3907.1 Setting up libglib2.0-dev-bin (2.56.4-0ubuntu0.18.04.9) ...
#16 3907.2 Setting up libglib2.0-dev:amd64 (2.56.4-0ubuntu0.18.04.9) ...
#16 3907.2 Setting up llvm-18-tools (1:18.1.0~++20240220094926+390dcd4cbbf5-1~exp1~20240220214944.50) ...
#16 3907.2 Setting up libicu-le-hb-dev:amd64 (1.0.3+git161113-4) ...
#16 3907.2 Setting up libicu-dev (60.2-3ubuntu3.2) ...
#16 3907.2 Setting up libxml2-dev:amd64 (2.9.4+dfsg1-6.1ubuntu1.9) ...
#16 3907.2 Setting up libharfbuzz-dev:amd64 (1.7.2-1ubuntu1) ...
#16 3907.2 Setting up llvm-18-dev (1:18.1.0~++20240220094926+390dcd4cbbf5-1~exp1~20240220214944.50) ...
#16 3907.2 Processing triggers for libc-bin (2.27-3ubuntu1.6) ...
#16 3907.3 update-alternatives: using /usr/lib/llvm-18 to provide /usr/lib/llvm (llvm) in auto mode
#16 3907.3 update-alternatives: using /usr/bin/clang-18 to provide /usr/bin/clang (clang) in auto mode
#16 DONE 3908.2s

#17 [13/19] RUN /magma/fuzzers/aflplusplus_lto_entropy/build.sh
#17 0.225 [*] Compiling AFL++ for OS Linux on ARCH x86_64
#17 0.702 [+] ZLIB detected
#17 0.718 [!] Note: skipping x86 compilation checks (AFL_NO_X86 set).
#17 0.719 [+] shmat seems to be working.
#17 0.720 [-] You seem to need to install the package python3-dev or python-dev (and perhaps python[3]-apt), but it is optional so we continue
#17 0.748 [+] Everything seems to be working, ready to compile. (Ubuntu clang version 18.1.0 (++20240220094926+390dcd4cbbf5-1~exp1~20240220214944.50))
#17 0.749 clang -O2   -g -Wno-pointer-sign -Wno-variadic-macros -Wall -Wextra -Wno-pointer-arith -fPIC -I include/ -DAFL_PATH=\"/usr/local/lib/afl\" -DBIN_PATH=\"/usr/local/bin\" -DDOC_PATH=\"/usr/local/share/doc/afl\" -flto=full  -DHAVE_ZLIB -c src/afl-common.c -o src/afl-common.o
#17 0.926 clang -O2   -g -Wno-pointer-sign -Wno-variadic-macros -Wall -Wextra -Wno-pointer-arith -fPIC -I include/ -DAFL_PATH=\"/usr/local/lib/afl\" -DBIN_PATH=\"/usr/local/bin\" -DDOC_PATH=\"/usr/local/share/doc/afl\" -flto=full  -DHAVE_ZLIB -c src/afl-sharedmem.c -o src/afl-sharedmem.o
#17 0.996 clang -O2   -g -Wno-pointer-sign -Wno-variadic-macros -Wall -Wextra -Wno-pointer-arith -fPIC -I include/ -DAFL_PATH=\"/usr/local/lib/afl\" -DBIN_PATH=\"/usr/local/bin\" -DDOC_PATH=\"/usr/local/share/doc/afl\" -flto=full  -DHAVE_ZLIB -c src/afl-forkserver.c -o src/afl-forkserver.o
#17 1.162 clang -O2   -g -Wno-pointer-sign -Wno-variadic-macros -Wall -Wextra -Wno-pointer-arith -fPIC -I include/ -DAFL_PATH=\"/usr/local/lib/afl\" -DBIN_PATH=\"/usr/local/bin\" -DDOC_PATH=\"/usr/local/share/doc/afl\"   -DHAVE_ZLIB -Iinclude -c src/afl-performance.c -o src/afl-performance.o
#17 1.413 clang -O2   -g -Wno-pointer-sign -Wno-variadic-macros -Wall -Wextra -Wno-pointer-arith -fPIC -I include/ -DAFL_PATH=\"/usr/local/lib/afl\" -DBIN_PATH=\"/usr/local/bin\" -DDOC_PATH=\"/usr/local/share/doc/afl\"  -flto=full  -DHAVE_ZLIB src/afl-fuzz-redqueen.c src/afl-fuzz-statsd.c src/afl-fuzz-extras.c src/afl-fuzz-queue.c src/afl-fuzz-cmplog.c src/afl-fuzz-state.c src/afl-fuzz-one.c src/afl-fuzz-python.c src/afl-fuzz-mutators.c src/afl-fuzz-stats.c src/afl-fuzz.c src/afl-fuzz-skipdet.c src/afl-fuzz-init.c src/afl-fuzz-sanfuzz.c src/afl-fuzz-bitmap.c src/afl-fuzz-run.c src/afl-common.o src/afl-sharedmem.o src/afl-forkserver.o src/afl-performance.o -o afl-fuzz  -ldl -lrt -lm -lz -lm
#17 8.703 clang -O2   -g -Wno-pointer-sign -Wno-variadic-macros -Wall -Wextra -Wno-pointer-arith -fPIC -I include/ -DAFL_PATH=\"/usr/local/lib/afl\" -DBIN_PATH=\"/usr/local/bin\" -DDOC_PATH=\"/usr/local/share/doc/afl\"  -flto=full  -DHAVE_ZLIB src/afl-showmap.c src/afl-fuzz-mutators.c src/afl-fuzz-python.c src/afl-common.o src/afl-sharedmem.o src/afl-forkserver.o src/afl-performance.o -o afl-showmap  -ldl -lrt -lm -lz
#17 9.907 clang -O2   -g -Wno-pointer-sign -Wno-variadic-macros -Wall -Wextra -Wno-pointer-arith -fPIC -I include/ -DAFL_PATH=\"/usr/local/lib/afl\" -DBIN_PATH=\"/usr/local/bin\" -DDOC_PATH=\"/usr/local/share/doc/afl\"  -flto=full  -DHAVE_ZLIB src/afl-tmin.c src/afl-common.o src/afl-sharedmem.o src/afl-forkserver.o src/afl-performance.o -o afl-tmin -ldl -lrt -lm -lz
#17 10.61 clang -O2   -g -Wno-pointer-sign -Wno-variadic-macros -Wall -Wextra -Wno-pointer-arith -fPIC -I include/ -DAFL_PATH=\"/usr/local/lib/afl\" -DBIN_PATH=\"/usr/local/bin\" -DDOC_PATH=\"/usr/local/share/doc/afl\"  -flto=full  -DHAVE_ZLIB src/afl-gotcpu.c src/afl-common.o -o afl-gotcpu -ldl -lrt -lm -lz
#17 10.76 clang -O2   -g -Wno-pointer-sign -Wno-variadic-macros -Wall -Wextra -Wno-pointer-arith -fPIC -I include/ -DAFL_PATH=\"/usr/local/lib/afl\" -DBIN_PATH=\"/usr/local/bin\" -DDOC_PATH=\"/usr/local/share/doc/afl\"  -flto=full  -DHAVE_ZLIB src/afl-analyze.c src/afl-common.o src/afl-sharedmem.o src/afl-performance.o src/afl-forkserver.o -o afl-analyze -ldl -lrt -lm -lz
#17 11.39 make -j -f GNUmakefile.llvm
#17 11.39 make[1]: Entering directory '/magma/fuzzers/aflplusplus_lto_entropy/repo'
#17 11.41 [+] llvm_mode detected llvm 10+, enabling neverZero implementation and c++14
#17 11.41 [+] llvm_mode detected llvm 16+, enabling c++17
#17 11.41 [+] llvm_mode detected llvm 12+, enabling afl-lto LTO implementation
#17 11.87 [+] shmat seems to be working.
#17 11.89 [*] Checking for working 'llvm-config'...
#17 11.89 [*] Checking for working '/usr/lib/llvm-18/bin/clang'...
#17 11.90 [*] Checking for matching versions of '/usr/lib/llvm-18/bin/clang' and 'llvm-config'
#17 11.90 [*] We have llvm-config version 18.1.0 with a clang version 18.1.0, good.
#17 11.90 [*] Checking for './afl-showmap'...
#17 11.90 [+] All set and ready to build.
#17 11.90 /usr/lib/llvm-18/bin/clang -O3 -funroll-loops -fPIC -Wall -g -Wno-cast-qual -Wno-variadic-macros -Wno-pointer-sign -I ./include/ -I ./instrumentation/ -DAFL_PATH=\"/usr/local/lib/afl\" -DBIN_PATH=\"/usr/local/bin\" -DLLVM_BINDIR=\"/usr/lib/llvm-18/bin\" -DVERSION=\"++4.31c\" -DLLVM_LIBDIR=\"/usr/lib/llvm-18/lib\" -DLLVM_VERSION=\"18.1.0\" -DAFL_CLANG_FLTO=\"-flto=full\" -DAFL_REAL_LD=\"/usr/lib/llvm-18/bin/ld.lld\" -DAFL_CLANG_LDPATH=\"1\" -DAFL_CLANG_FUSELD=\"1\" -DCLANG_BIN=\"/usr/lib/llvm-18/bin/clang\" -DCLANGPP_BIN=\"/usr/lib/llvm-18/bin/clang++\" -DUSE_BINDIR=1 -Wno-unused-function -fdebug-prefix-map="/magma/fuzzers/aflplusplus_lto_entropy/repo=llvm_mode" -Wno-deprecated  -c src/afl-common.c -o instrumentation/afl-common.o 
#17 12.23 /usr/lib/llvm-18/bin/clang -I/usr/lib/llvm-18/include -I./../include -O3 -funroll-loops -fPIC -Wall -g -Wno-cast-qual -Wno-variadic-macros -Wno-pointer-sign -I ./include/ -I ./instrumentation/ -DAFL_PATH=\"/usr/local/lib/afl\" -DBIN_PATH=\"/usr/local/bin\" -DLLVM_BINDIR=\"/usr/lib/llvm-18/bin\" -DVERSION=\"++4.31c\" -DLLVM_LIBDIR=\"/usr/lib/llvm-18/lib\" -DLLVM_VERSION=\"18.1.0\" -DAFL_CLANG_FLTO=\"-flto=full\" -DAFL_REAL_LD=\"/usr/lib/llvm-18/bin/ld.lld\" -DAFL_CLANG_LDPATH=\"1\" -DAFL_CLANG_FUSELD=\"1\" -DCLANG_BIN=\"/usr/lib/llvm-18/bin/clang\" -DCLANGPP_BIN=\"/usr/lib/llvm-18/bin/clang++\" -DUSE_BINDIR=1 -Wno-unused-function -fdebug-prefix-map="/magma/fuzzers/aflplusplus_lto_entropy/repo=llvm_mode" -Wno-deprecated  src/afl-cc.c instrumentation/afl-common.o -o afl-cc -DLLVM_MINOR=1 -DLLVM_MAJOR=18  -DCFLAGS_OPT=\"\" -lm
#17 12.77 /usr/lib/llvm-18/bin/clang -I/usr/lib/llvm-18/include -I./../include -Wall -g -Wno-cast-qual -Wno-variadic-macros -Wno-pointer-sign -I ./include/ -I ./instrumentation/ -DAFL_PATH=\"/usr/local/lib/afl\" -DBIN_PATH=\"/usr/local/bin\" -DLLVM_BINDIR=\"/usr/lib/llvm-18/bin\" -DVERSION=\"++4.31c\" -DLLVM_LIBDIR=\"/usr/lib/llvm-18/lib\" -DLLVM_VERSION=\"18.1.0\" -DAFL_CLANG_FLTO=\"-flto=full\" -DAFL_REAL_LD=\"/usr/lib/llvm-18/bin/ld.lld\" -DAFL_CLANG_LDPATH=\"1\" -DAFL_CLANG_FUSELD=\"1\" -DCLANG_BIN=\"/usr/lib/llvm-18/bin/clang\" -DCLANGPP_BIN=\"/usr/lib/llvm-18/bin/clang++\" -DUSE_BINDIR=1 -Wno-unused-function -fdebug-prefix-map="/magma/fuzzers/aflplusplus_lto_entropy/repo=llvm_mode" -Wno-deprecated  -O3 -Wno-unused-result -fPIC -c instrumentation/afl-compiler-rt.o.c -o afl-compiler-rt.o
#17 13.14 [*] Building 32-bit variant of the runtime (-m32)... failed (that's fine)
#17 13.19 [*] Building 64-bit variant of the runtime (-m64)... success!
#17 13.56 /usr/lib/llvm-18/bin/clang++ -O3 -funroll-loops -fPIC -Wall -g -Wno-cast-qual -Wno-variadic-macros -Wno-pointer-sign -I ./include/ -I ./instrumentation/ -DAFL_PATH=\"/usr/local/lib/afl\" -DBIN_PATH=\"/usr/local/bin\" -DLLVM_BINDIR=\"/usr/lib/llvm-18/bin\" -DVERSION=\"++4.31c\" -DLLVM_LIBDIR=\"/usr/lib/llvm-18/lib\" -DLLVM_VERSION=\"18.1.0\" -DAFL_CLANG_FLTO=\"-flto=full\" -DAFL_REAL_LD=\"/usr/lib/llvm-18/bin/ld.lld\" -DAFL_CLANG_LDPATH=\"1\" -DAFL_CLANG_FUSELD=\"1\" -DCLANG_BIN=\"/usr/lib/llvm-18/bin/clang\" -DCLANGPP_BIN=\"/usr/lib/llvm-18/bin/clang++\" -DUSE_BINDIR=1 -Wno-unused-function -fdebug-prefix-map="/magma/fuzzers/aflplusplus_lto_entropy/repo=llvm_mode" -Wno-deprecated  $(llvm-config --cxxflags) -fno-rtti -fPIC -std=c++17 -c instrumentation/afl-llvm-common.cc -o instrumentation/afl-llvm-common.o 
#17 16.77 /usr/lib/llvm-18/bin/clang++ $(llvm-config --cxxflags) -fno-rtti -fno-exceptions -fPIC -O3 -funroll-loops -fPIC -Wall -g -I ./include/ -DVERSION=\"++4.31c\" -Wno-variadic-macros -Wno-deprecated-copy-with-dtor -DLLVM_MINOR=1 -DLLVM_MAJOR=18  -Wno-deprecated-declarations -Wl,-znodelete -Wdeprecated -fno-rtti -fPIC -std=c++17 -shared instrumentation/afl-llvm-pass.so.cc -o afl-llvm-pass.so $(llvm-config --ldflags)  instrumentation/afl-llvm-common.o
#17 17.82 In file included from instrumentation/afl-llvm-pass.so.cc:43:
#17 17.82 In file included from /usr/lib/llvm-18/include/llvm/Passes/PassBuilder.h:18:
#17 17.82 In file included from /usr/lib/llvm-18/include/llvm/Analysis/CGSCCPassManager.h:92:
#17 17.82 In file included from /usr/lib/llvm-18/include/llvm/Analysis/LazyCallGraph.h:45:
#17 17.82 In file included from /usr/lib/llvm-18/include/llvm/Analysis/TargetLibraryInfo.h:14:
#17 17.82 In file included from /usr/lib/llvm-18/include/llvm/IR/InstrTypes.h:24:
#17 17.82 /usr/lib/llvm-18/include/llvm/IR/Attributes.h:315:3: warning: definition of implicit copy assignment operator for 'AttributeSet' is deprecated because it has a user-declared destructor [-Wdeprecated-copy-with-dtor]
#17 17.82   315 |   ~AttributeSet() = default;
#17 17.82       |   ^
#17 17.82 /usr/lib/llvm-18/include/llvm/IR/GlobalVariable.h:194:11: note: in implicit copy assignment operator for 'llvm::AttributeSet' first required here
#17 17.82   194 |     Attrs = Attrs.addAttribute(getContext(), Kind);
#17 17.82       |           ^
#17 18.57 In file included from instrumentation/afl-llvm-pass.so.cc:43:
#17 18.57 In file included from /usr/lib/llvm-18/include/llvm/Passes/PassBuilder.h:27:
#17 18.57 In file included from /usr/lib/llvm-18/include/llvm/Transforms/Instrumentation.h:18:
#17 18.57 /usr/lib/llvm-18/include/llvm/IR/DebugInfoMetadata.h:600:5: warning: definition of implicit copy constructor for 'ChecksumInfo<llvm::MDString *>' is deprecated because it has a user-declared destructor [-Wdeprecated-copy-with-dtor]
#17 18.57   600 |     ~ChecksumInfo() = default;
#17 18.57       |     ^
#17 18.57 /usr/lib/gcc/x86_64-linux-gnu/7/../../../../include/c++/7/optional:129:4: note: in implicit copy constructor for 'llvm::DIFile::ChecksumInfo<llvm::MDString *>' first required here
#17 18.57   129 |         : _M_payload(__other),
#17 18.57       |           ^
#17 18.57 /usr/lib/gcc/x86_64-linux-gnu/7/../../../../include/c++/7/optional:145:8: note: in instantiation of member function 'std::_Optional_payload<llvm::DIFile::ChecksumInfo<llvm::MDString *>>::_Optional_payload' requested here
#17 18.57   145 |                             _Optional_payload(__ctor_tag<bool>{},
#17 18.57       |                             ^
#17 18.57 /usr/lib/gcc/x86_64-linux-gnu/7/../../../../include/c++/7/optional:339:4: note: in instantiation of member function 'std::_Optional_payload<llvm::DIFile::ChecksumInfo<llvm::MDString *>>::_Optional_payload' requested here
#17 18.57   339 |         : _M_payload(__other._M_payload._M_engaged,
#17 18.57       |           ^
#17 18.57 /usr/lib/gcc/x86_64-linux-gnu/7/../../../../include/c++/7/optional:453:11: note: in instantiation of member function 'std::_Optional_base<llvm::DIFile::ChecksumInfo<llvm::MDString *>>::_Optional_base' requested here
#17 18.57   453 |     class optional
#17 18.57       |           ^
#17 18.57 /usr/lib/llvm-18/include/llvm/IR/DebugInfoMetadata.h:627:62: note: in implicit copy constructor for 'std::optional<llvm::DIFile::ChecksumInfo<llvm::MDString *>>' first required here
#17 18.57   627 |                    getCanonicalMDString(Context, Directory), MDChecksum,
#17 18.57       |                                                              ^
#17 18.58 /usr/lib/llvm-18/include/llvm/IR/DebugInfoMetadata.h:600:5: warning: definition of implicit copy constructor for 'ChecksumInfo<llvm::StringRef>' is deprecated because it has a user-declared destructor [-Wdeprecated-copy-with-dtor]
#17 18.58   600 |     ~ChecksumInfo() = default;
#17 18.58       |     ^
#17 18.58 /usr/lib/gcc/x86_64-linux-gnu/7/../../../../include/c++/7/optional:129:4: note: in implicit copy constructor for 'llvm::DIFile::ChecksumInfo<llvm::StringRef>' first required here
#17 18.58   129 |         : _M_payload(__other),
#17 18.58       |           ^
#17 18.58 /usr/lib/gcc/x86_64-linux-gnu/7/../../../../include/c++/7/optional:145:8: note: in instantiation of member function 'std::_Optional_payload<llvm::DIFile::ChecksumInfo<llvm::StringRef>>::_Optional_payload' requested here
#17 18.58   145 |                             _Optional_payload(__ctor_tag<bool>{},
#17 18.58       |                             ^
#17 18.58 /usr/lib/gcc/x86_64-linux-gnu/7/../../../../include/c++/7/optional:339:4: note: in instantiation of member function 'std::_Optional_payload<llvm::DIFile::ChecksumInfo<llvm::StringRef>>::_Optional_payload' requested here
#17 18.58   339 |         : _M_payload(__other._M_payload._M_engaged,
#17 18.58       |           ^
#17 18.58 /usr/lib/gcc/x86_64-linux-gnu/7/../../../../include/c++/7/optional:453:11: note: in instantiation of member function 'std::_Optional_base<llvm::DIFile::ChecksumInfo<llvm::StringRef>>::_Optional_base' requested here
#17 18.58   453 |     class optional
#17 18.58       |           ^
#17 18.58 /usr/lib/llvm-18/include/llvm/IR/DebugInfoMetadata.h:647:43: note: in implicit copy constructor for 'std::optional<llvm::DIFile::ChecksumInfo<llvm::StringRef>>' first required here
#17 18.58   647 |                     (Filename, Directory, CS, Source))
#17 18.58       |                                           ^
#17 20.11 In file included from instrumentation/afl-llvm-pass.so.cc:43:
#17 20.11 In file included from /usr/lib/llvm-18/include/llvm/Passes/PassBuilder.h:25:
#17 20.11 In file included from /usr/lib/llvm-18/include/llvm/Transforms/IPO/Inliner.h:13:
#17 20.11 In file included from /usr/lib/llvm-18/include/llvm/Analysis/InlineAdvisor.h:13:
#17 20.11 In file included from /usr/lib/llvm-18/include/llvm/Analysis/InlineCost.h:18:
#17 20.11 In file included from /usr/lib/llvm-18/include/llvm/Analysis/InlineModelFeatureMaps.h:13:
#17 20.11 In file included from /usr/lib/llvm-18/include/llvm/Analysis/TensorSpec.h:16:
#17 20.11 In file included from /usr/lib/llvm-18/include/llvm/Support/JSON.h:55:
#17 20.11 In file included from /usr/lib/llvm-18/include/llvm/Support/FormatVariadic.h:33:
#17 20.11 In file included from /usr/lib/llvm-18/include/llvm/Support/FormatCommon.h:13:
#17 20.11 /usr/lib/llvm-18/include/llvm/Support/FormatVariadicDetails.h:27:11: warning: definition of implicit copy constructor for 'format_adapter' is deprecated because it has a user-declared destructor [-Wdeprecated-copy-with-dtor]
#17 20.11    27 |   virtual ~format_adapter() = default;
#17 20.11       |           ^
#17 20.11 /usr/lib/llvm-18/include/llvm/Support/FormatVariadicDetails.h:33:29: note: in implicit copy constructor for 'llvm::detail::format_adapter' first required here
#17 20.11    33 | template <typename T> class provider_format_adapter : public format_adapter {
#17 20.11       |                             ^
#17 20.11 /usr/lib/gcc/x86_64-linux-gnu/7/../../../../include/c++/7/tuple:133:4: note: in implicit move constructor for 'llvm::detail::provider_format_adapter<const char *const &>' first required here
#17 20.11   133 |         : _M_head_impl(std::forward<_UHead>(__h)) { }
#17 20.11       |           ^
#17 20.11 /usr/lib/gcc/x86_64-linux-gnu/7/../../../../include/c++/7/tuple:366:4: note: in instantiation of function template specialization 'std::_Head_base<3, llvm::detail::provider_format_adapter<const char *const &>>::_Head_base<llvm::detail::provider_format_adapter<const char *const &>>' requested here
#17 20.11   366 |         : _Base(std::forward<_UHead>(__head)) { }
#17 20.11       |           ^
#17 20.11 /usr/lib/gcc/x86_64-linux-gnu/7/../../../../include/c++/7/tuple:217:4: note: in instantiation of function template specialization 'std::_Tuple_impl<3, llvm::detail::provider_format_adapter<const char *const &>>::_Tuple_impl<llvm::detail::provider_format_adapter<const char *const &>>' requested here
#17 20.11   217 |         : _Inherited(std::forward<_UTail>(__tail)...),
#17 20.11       |           ^
#17 20.11 /usr/lib/gcc/x86_64-linux-gnu/7/../../../../include/c++/7/tuple:217:4: note: in instantiation of function template specialization 'std::_Tuple_impl<2, llvm::detail::provider_format_adapter<const unsigned int &>, llvm::detail::provider_format_adapter<const char *const &>>::_Tuple_impl<llvm::detail::provider_format_adapter<const unsigned int &>, llvm::detail::provider_format_adapter<const char *const &>, void>' requested here
#17 20.11 /usr/lib/gcc/x86_64-linux-gnu/7/../../../../include/c++/7/tuple:217:4: note: in instantiation of function template specialization 'std::_Tuple_impl<1, llvm::detail::provider_format_adapter<const unsigned int &>, llvm::detail::provider_format_adapter<const unsigned int &>, llvm::detail::provider_format_adapter<const char *const &>>::_Tuple_impl<llvm::detail::provider_format_adapter<const unsigned int &>, llvm::detail::provider_format_adapter<const unsigned int &>, llvm::detail::provider_format_adapter<const char *const &>, void>' requested here
#17 20.11 /usr/lib/gcc/x86_64-linux-gnu/7/../../../../include/c++/7/tuple:647:11: note: in instantiation of function template specialization 'std::_Tuple_impl<0, llvm::detail::provider_format_adapter<const unsigned int &>, llvm::detail::provider_format_adapter<const unsigned int &>, llvm::detail::provider_format_adapter<const unsigned int &>, llvm::detail::provider_format_adapter<const char *const &>>::_Tuple_impl<llvm::detail::provider_format_adapter<const unsigned int &>, llvm::detail::provider_format_adapter<const unsigned int &>, llvm::detail::provider_format_adapter<const unsigned int &>, llvm::detail::provider_format_adapter<const char *const &>, void>' requested here
#17 20.11   647 |         : _Inherited(std::forward<_UElements>(__elements)...) { }
#17 20.11       |           ^
#17 20.11 /usr/lib/gcc/x86_64-linux-gnu/7/../../../../include/c++/7/tuple:1452:14: note: in instantiation of function template specialization 'std::tuple<llvm::detail::provider_format_adapter<const unsigned int &>, llvm::detail::provider_format_adapter<const unsigned int &>, llvm::detail::provider_format_adapter<const unsigned int &>, llvm::detail::provider_format_adapter<const char *const &>>::tuple<llvm::detail::provider_format_adapter<const unsigned int &>, llvm::detail::provider_format_adapter<const unsigned int &>, llvm::detail::provider_format_adapter<const unsigned int &>, llvm::detail::provider_format_adapter<const char *const &>, true>' requested here
#17 20.11  1452 |       return __result_type(std::forward<_Elements>(__args)...);
#17 20.11       |              ^
#17 20.11 /usr/lib/llvm-18/include/llvm/Support/FormatVariadic.h:257:12: note: in instantiation of function template specialization 'std::make_tuple<llvm::detail::provider_format_adapter<const unsigned int &>, llvm::detail::provider_format_adapter<const unsigned int &>, llvm::detail::provider_format_adapter<const unsigned int &>, llvm::detail::provider_format_adapter<const char *const &>>' requested here
#17 20.11   257 |       std::make_tuple(detail::build_format_adapter(std::forward<Ts>(Vals))...));
#17 20.11       |            ^
#17 20.11 /usr/lib/llvm-18/include/llvm/Support/JSON.h:902:17: note: in instantiation of function template specialization 'llvm::formatv<const unsigned int &, const unsigned int &, const unsigned int &, const char *const &>' requested here
#17 20.11   902 |     OS << llvm::formatv("[{0}:{1}, byte={2}]: {3}", Line, Column, Offset, Msg);
#17 20.11       |                 ^
#17 22.66 4 warnings generated.
#17 22.74 /usr/lib/llvm-18/bin/clang++ $(llvm-config --cxxflags) -fno-rtti -fno-exceptions -fPIC -O3 -funroll-loops -fPIC -Wall -g -I ./include/ -DVERSION=\"++4.31c\" -Wno-variadic-macros -Wno-deprecated-copy-with-dtor -DLLVM_MINOR=1 -DLLVM_MAJOR=18  -Wno-deprecated-declarations -Wl,-znodelete -fno-rtti -fPIC -std=c++17 -shared instrumentation/SanitizerCoveragePCGUARD.so.cc -o SanitizerCoveragePCGUARD.so $(llvm-config --ldflags)  -Wno-deprecated-copy-dtor -Wdeprecated instrumentation/afl-llvm-common.o
#17 23.55 In file included from instrumentation/SanitizerCoveragePCGUARD.so.cc:13:
#17 23.55 In file included from /usr/lib/llvm-18/include/llvm/Transforms/Instrumentation/SanitizerCoverage.h:18:
#17 23.55 In file included from /usr/lib/llvm-18/include/llvm/IR/PassManager.h:45:
#17 23.55 In file included from /usr/lib/llvm-18/include/llvm/IR/Function.h:25:
#17 23.55 In file included from /usr/lib/llvm-18/include/llvm/IR/Argument.h:17:
#17 23.55 /usr/lib/llvm-18/include/llvm/IR/Attributes.h:315:3: warning: definition of implicit copy assignment operator for 'AttributeSet' is deprecated because it has a user-declared destructor [-Wdeprecated-copy-with-dtor]
#17 23.55   315 |   ~AttributeSet() = default;
#17 23.55       |   ^
#17 23.55 /usr/lib/llvm-18/include/llvm/IR/GlobalVariable.h:194:11: note: in implicit copy assignment operator for 'llvm::AttributeSet' first required here
#17 23.55   194 |     Attrs = Attrs.addAttribute(getContext(), Kind);
#17 23.55       |           ^
#17 24.22 In file included from instrumentation/SanitizerCoveragePCGUARD.so.cc:13:
#17 24.22 In file included from /usr/lib/llvm-18/include/llvm/Transforms/Instrumentation/SanitizerCoverage.h:21:
#17 24.22 In file included from /usr/lib/llvm-18/include/llvm/Transforms/Instrumentation.h:18:
#17 24.22 /usr/lib/llvm-18/include/llvm/IR/DebugInfoMetadata.h:600:5: warning: definition of implicit copy constructor for 'ChecksumInfo<llvm::MDString *>' is deprecated because it has a user-declared destructor [-Wdeprecated-copy-with-dtor]
#17 24.22   600 |     ~ChecksumInfo() = default;
#17 24.22       |     ^
#17 24.22 /usr/lib/gcc/x86_64-linux-gnu/7/../../../../include/c++/7/optional:129:4: note: in implicit copy constructor for 'llvm::DIFile::ChecksumInfo<llvm::MDString *>' first required here
#17 24.22   129 |         : _M_payload(__other),
#17 24.22       |           ^
#17 24.22 /usr/lib/gcc/x86_64-linux-gnu/7/../../../../include/c++/7/optional:145:8: note: in instantiation of member function 'std::_Optional_payload<llvm::DIFile::ChecksumInfo<llvm::MDString *>>::_Optional_payload' requested here
#17 24.22   145 |                             _Optional_payload(__ctor_tag<bool>{},
#17 24.22       |                             ^
#17 24.22 /usr/lib/gcc/x86_64-linux-gnu/7/../../../../include/c++/7/optional:339:4: note: in instantiation of member function 'std::_Optional_payload<llvm::DIFile::ChecksumInfo<llvm::MDString *>>::_Optional_payload' requested here
#17 24.22   339 |         : _M_payload(__other._M_payload._M_engaged,
#17 24.22       |           ^
#17 24.22 /usr/lib/gcc/x86_64-linux-gnu/7/../../../../include/c++/7/optional:453:11: note: in instantiation of member function 'std::_Optional_base<llvm::DIFile::ChecksumInfo<llvm::MDString *>>::_Optional_base' requested here
#17 24.22   453 |     class optional
#17 24.22       |           ^
#17 24.22 /usr/lib/llvm-18/include/llvm/IR/DebugInfoMetadata.h:627:62: note: in implicit copy constructor for 'std::optional<llvm::DIFile::ChecksumInfo<llvm::MDString *>>' first required here
#17 24.22   627 |                    getCanonicalMDString(Context, Directory), MDChecksum,
#17 24.22       |                                                              ^
#17 24.23 /usr/lib/llvm-18/include/llvm/IR/DebugInfoMetadata.h:600:5: warning: definition of implicit copy constructor for 'ChecksumInfo<llvm::StringRef>' is deprecated because it has a user-declared destructor [-Wdeprecated-copy-with-dtor]
#17 24.23   600 |     ~ChecksumInfo() = default;
#17 24.23       |     ^
#17 24.23 /usr/lib/gcc/x86_64-linux-gnu/7/../../../../include/c++/7/optional:129:4: note: in implicit copy constructor for 'llvm::DIFile::ChecksumInfo<llvm::StringRef>' first required here
#17 24.23   129 |         : _M_payload(__other),
#17 24.23       |           ^
#17 24.23 /usr/lib/gcc/x86_64-linux-gnu/7/../../../../include/c++/7/optional:145:8: note: in instantiation of member function 'std::_Optional_payload<llvm::DIFile::ChecksumInfo<llvm::StringRef>>::_Optional_payload' requested here
#17 24.23   145 |                             _Optional_payload(__ctor_tag<bool>{},
#17 24.23       |                             ^
#17 24.23 /usr/lib/gcc/x86_64-linux-gnu/7/../../../../include/c++/7/optional:339:4: note: in instantiation of member function 'std::_Optional_payload<llvm::DIFile::ChecksumInfo<llvm::StringRef>>::_Optional_payload' requested here
#17 24.23   339 |         : _M_payload(__other._M_payload._M_engaged,
#17 24.23       |           ^
#17 24.23 /usr/lib/gcc/x86_64-linux-gnu/7/../../../../include/c++/7/optional:453:11: note: in instantiation of member function 'std::_Optional_base<llvm::DIFile::ChecksumInfo<llvm::StringRef>>::_Optional_base' requested here
#17 24.23   453 |     class optional
#17 24.23       |           ^
#17 24.23 /usr/lib/llvm-18/include/llvm/IR/DebugInfoMetadata.h:647:43: note: in implicit copy constructor for 'std::optional<llvm::DIFile::ChecksumInfo<llvm::StringRef>>' first required here
#17 24.23   647 |                     (Filename, Directory, CS, Source))
#17 24.23       |                                           ^
#17 26.49 In file included from instrumentation/SanitizerCoveragePCGUARD.so.cc:13:
#17 26.49 In file included from /usr/lib/llvm-18/include/llvm/Transforms/Instrumentation/SanitizerCoverage.h:20:
#17 26.49 In file included from /usr/lib/llvm-18/include/llvm/Support/VirtualFileSystem.h:21:
#17 26.49 In file included from /usr/lib/llvm-18/include/llvm/Support/Chrono.h:13:
#17 26.49 In file included from /usr/lib/llvm-18/include/llvm/Support/FormatProviders.h:20:
#17 26.49 /usr/lib/llvm-18/include/llvm/Support/FormatVariadicDetails.h:27:11: warning: definition of implicit copy constructor for 'format_adapter' is deprecated because it has a user-declared destructor [-Wdeprecated-copy-with-dtor]
#17 26.49    27 |   virtual ~format_adapter() = default;
#17 26.49       |           ^
#17 26.49 /usr/lib/llvm-18/include/llvm/Support/FormatVariadicDetails.h:33:29: note: in implicit copy constructor for 'llvm::detail::format_adapter' first required here
#17 26.49    33 | template <typename T> class provider_format_adapter : public format_adapter {
#17 26.49       |                             ^
#17 26.49 /usr/lib/gcc/x86_64-linux-gnu/7/../../../../include/c++/7/tuple:133:4: note: in implicit move constructor for 'llvm::detail::provider_format_adapter<const char *const &>' first required here
#17 26.49   133 |         : _M_head_impl(std::forward<_UHead>(__h)) { }
#17 26.49       |           ^
#17 26.49 /usr/lib/gcc/x86_64-linux-gnu/7/../../../../include/c++/7/tuple:366:4: note: in instantiation of function template specialization 'std::_Head_base<3, llvm::detail::provider_format_adapter<const char *const &>>::_Head_base<llvm::detail::provider_format_adapter<const char *const &>>' requested here
#17 26.49   366 |         : _Base(std::forward<_UHead>(__head)) { }
#17 26.49       |           ^
#17 26.49 /usr/lib/gcc/x86_64-linux-gnu/7/../../../../include/c++/7/tuple:217:4: note: in instantiation of function template specialization 'std::_Tuple_impl<3, llvm::detail::provider_format_adapter<const char *const &>>::_Tuple_impl<llvm::detail::provider_format_adapter<const char *const &>>' requested here
#17 26.49   217 |         : _Inherited(std::forward<_UTail>(__tail)...),
#17 26.49       |           ^
#17 26.49 /usr/lib/gcc/x86_64-linux-gnu/7/../../../../include/c++/7/tuple:217:4: note: in instantiation of function template specialization 'std::_Tuple_impl<2, llvm::detail::provider_format_adapter<const unsigned int &>, llvm::detail::provider_format_adapter<const char *const &>>::_Tuple_impl<llvm::detail::provider_format_adapter<const unsigned int &>, llvm::detail::provider_format_adapter<const char *const &>, void>' requested here
#17 26.49 /usr/lib/gcc/x86_64-linux-gnu/7/../../../../include/c++/7/tuple:217:4: note: in instantiation of function template specialization 'std::_Tuple_impl<1, llvm::detail::provider_format_adapter<const unsigned int &>, llvm::detail::provider_format_adapter<const unsigned int &>, llvm::detail::provider_format_adapter<const char *const &>>::_Tuple_impl<llvm::detail::provider_format_adapter<const unsigned int &>, llvm::detail::provider_format_adapter<const unsigned int &>, llvm::detail::provider_format_adapter<const char *const &>, void>' requested here
#17 26.49 /usr/lib/gcc/x86_64-linux-gnu/7/../../../../include/c++/7/tuple:647:11: note: in instantiation of function template specialization 'std::_Tuple_impl<0, llvm::detail::provider_format_adapter<const unsigned int &>, llvm::detail::provider_format_adapter<const unsigned int &>, llvm::detail::provider_format_adapter<const unsigned int &>, llvm::detail::provider_format_adapter<const char *const &>>::_Tuple_impl<llvm::detail::provider_format_adapter<const unsigned int &>, llvm::detail::provider_format_adapter<const unsigned int &>, llvm::detail::provider_format_adapter<const unsigned int &>, llvm::detail::provider_format_adapter<const char *const &>, void>' requested here
#17 26.49   647 |         : _Inherited(std::forward<_UElements>(__elements)...) { }
#17 26.49       |           ^
#17 26.49 /usr/lib/gcc/x86_64-linux-gnu/7/../../../../include/c++/7/tuple:1452:14: note: in instantiation of function template specialization 'std::tuple<llvm::detail::provider_format_adapter<const unsigned int &>, llvm::detail::provider_format_adapter<const unsigned int &>, llvm::detail::provider_format_adapter<const unsigned int &>, llvm::detail::provider_format_adapter<const char *const &>>::tuple<llvm::detail::provider_format_adapter<const unsigned int &>, llvm::detail::provider_format_adapter<const unsigned int &>, llvm::detail::provider_format_adapter<const unsigned int &>, llvm::detail::provider_format_adapter<const char *const &>, true>' requested here
#17 26.49  1452 |       return __result_type(std::forward<_Elements>(__args)...);
#17 26.49       |              ^
#17 26.49 /usr/lib/llvm-18/include/llvm/Support/FormatVariadic.h:257:12: note: in instantiation of function template specialization 'std::make_tuple<llvm::detail::provider_format_adapter<const unsigned int &>, llvm::detail::provider_format_adapter<const unsigned int &>, llvm::detail::provider_format_adapter<const unsigned int &>, llvm::detail::provider_format_adapter<const char *const &>>' requested here
#17 26.49   257 |       std::make_tuple(detail::build_format_adapter(std::forward<Ts>(Vals))...));
#17 26.49       |            ^
#17 26.49 /usr/lib/llvm-18/include/llvm/Support/JSON.h:902:17: note: in instantiation of function template specialization 'llvm::formatv<const unsigned int &, const unsigned int &, const unsigned int &, const char *const &>' requested here
#17 26.49   902 |     OS << llvm::formatv("[{0}:{1}, byte={2}]: {3}", Line, Column, Offset, Msg);
#17 26.49       |                 ^
#17 28.70 4 warnings generated.
#17 28.81 /usr/lib/llvm-18/bin/clang++ $(llvm-config --cxxflags) -fno-rtti -fno-exceptions -fPIC -O3 -funroll-loops -fPIC -Wall -g -I ./include/ -DVERSION=\"++4.31c\" -Wno-variadic-macros -Wno-deprecated-copy-with-dtor -DLLVM_MINOR=1 -DLLVM_MAJOR=18  -Wno-deprecated-declarations -Wl,-znodelete -shared instrumentation/split-compares-pass.so.cc -o split-compares-pass.so $(llvm-config --ldflags)  instrumentation/afl-llvm-common.o
#17 33.87 /usr/lib/llvm-18/bin/clang++ $(llvm-config --cxxflags) -fno-rtti -fno-exceptions -fPIC -O3 -funroll-loops -fPIC -Wall -g -I ./include/ -DVERSION=\"++4.31c\" -Wno-variadic-macros -Wno-deprecated-copy-with-dtor -DLLVM_MINOR=1 -DLLVM_MAJOR=18  -Wno-deprecated-declarations -Wl,-znodelete -shared instrumentation/split-switches-pass.so.cc -o split-switches-pass.so $(llvm-config --ldflags)  instrumentation/afl-llvm-common.o
#17 38.83 /usr/lib/llvm-18/bin/clang++ $(llvm-config --cxxflags) -fno-rtti -fno-exceptions -fPIC -O3 -funroll-loops -fPIC -Wall -g -I ./include/ -DVERSION=\"++4.31c\" -Wno-variadic-macros -Wno-deprecated-copy-with-dtor -DLLVM_MINOR=1 -DLLVM_MAJOR=18  -Wno-deprecated-declarations -Wl,-znodelete -shared instrumentation/cmplog-routines-pass.cc -o cmplog-routines-pass.so $(llvm-config --ldflags)  instrumentation/afl-llvm-common.o
#17 44.31 /usr/lib/llvm-18/bin/clang++ $(llvm-config --cxxflags) -fno-rtti -fno-exceptions -fPIC -O3 -funroll-loops -fPIC -Wall -g -I ./include/ -DVERSION=\"++4.31c\" -Wno-variadic-macros -Wno-deprecated-copy-with-dtor -DLLVM_MINOR=1 -DLLVM_MAJOR=18  -Wno-deprecated-declarations -Wl,-znodelete -shared instrumentation/cmplog-instructions-pass.cc -o cmplog-instructions-pass.so $(llvm-config --ldflags)  instrumentation/afl-llvm-common.o
#17 49.22 /usr/lib/llvm-18/bin/clang++ $(llvm-config --cxxflags) -fno-rtti -fno-exceptions -fPIC -O3 -funroll-loops -fPIC -Wall -g -I ./include/ -DVERSION=\"++4.31c\" -Wno-variadic-macros -Wno-deprecated-copy-with-dtor -DLLVM_MINOR=1 -DLLVM_MAJOR=18  -Wno-deprecated-declarations -Wl,-znodelete -shared instrumentation/cmplog-switches-pass.cc -o cmplog-switches-pass.so $(llvm-config --ldflags)  instrumentation/afl-llvm-common.o
#17 54.01 /usr/lib/llvm-18/bin/clang++ $(llvm-config --cxxflags) -fno-rtti -fno-exceptions -fPIC -O3 -funroll-loops -fPIC -Wall -g -I ./include/ -DVERSION=\"++4.31c\" -Wno-variadic-macros -Wno-deprecated-copy-with-dtor -DLLVM_MINOR=1 -DLLVM_MAJOR=18  -Wno-deprecated-declarations -Wl,-znodelete -shared instrumentation/afl-llvm-dict2file.so.cc -o afl-llvm-dict2file.so $(llvm-config --ldflags)  instrumentation/afl-llvm-common.o
#17 59.18 /usr/lib/llvm-18/bin/clang++ $(llvm-config --cxxflags) -fno-rtti -fno-exceptions -fPIC -O3 -funroll-loops -fPIC -Wall -g -I ./include/ -DVERSION=\"++4.31c\" -Wno-variadic-macros -Wno-deprecated-copy-with-dtor -DLLVM_MINOR=1 -DLLVM_MAJOR=18  -Wno-deprecated-declarations -Wl,-znodelete -shared instrumentation/compare-transform-pass.so.cc -o compare-transform-pass.so $(llvm-config --ldflags)  instrumentation/afl-llvm-common.o
#17 64.69 /usr/lib/llvm-18/bin/clang -O3 -funroll-loops -fPIC -Wall -g -Wno-cast-qual -Wno-variadic-macros -Wno-pointer-sign -I ./include/ -I ./instrumentation/ -DAFL_PATH=\"/usr/local/lib/afl\" -DBIN_PATH=\"/usr/local/bin\" -DLLVM_BINDIR=\"/usr/lib/llvm-18/bin\" -DVERSION=\"++4.31c\" -DLLVM_LIBDIR=\"/usr/lib/llvm-18/lib\" -DLLVM_VERSION=\"18.1.0\" -DAFL_CLANG_FLTO=\"-flto=full\" -DAFL_REAL_LD=\"/usr/lib/llvm-18/bin/ld.lld\" -DAFL_CLANG_LDPATH=\"1\" -DAFL_CLANG_FUSELD=\"1\" -DCLANG_BIN=\"/usr/lib/llvm-18/bin/clang\" -DCLANGPP_BIN=\"/usr/lib/llvm-18/bin/clang++\" -DUSE_BINDIR=1 -Wno-unused-function -fdebug-prefix-map="/magma/fuzzers/aflplusplus_lto_entropy/repo=llvm_mode" -Wno-deprecated  src/afl-ld-lto.c -o afl-ld-lto
#17 64.84 /usr/lib/llvm-18/bin/clang++ $(llvm-config --cxxflags) -fno-rtti -fno-exceptions -fPIC -O3 -funroll-loops -fPIC -Wall -g -I ./include/ -DVERSION=\"++4.31c\" -Wno-variadic-macros -Wno-deprecated-copy-with-dtor -DLLVM_MINOR=1 -DLLVM_MAJOR=18  -Wno-deprecated-declarations -Wl,-znodelete -fno-rtti -fPIC -std=c++17 -shared instrumentation/afl-llvm-lto-instrumentlist.so.cc -o afl-llvm-lto-instrumentlist.so $(llvm-config --ldflags)  instrumentation/afl-llvm-common.o
#17 68.98 /usr/lib/llvm-18/bin/clang++ $(llvm-config --cxxflags) -fno-rtti -fno-exceptions -fPIC -O3 -funroll-loops -fPIC -Wall -g -I ./include/ -DVERSION=\"++4.31c\" -Wno-variadic-macros -Wno-deprecated-copy-with-dtor -DLLVM_MINOR=1 -DLLVM_MAJOR=18  -Wno-deprecated-declarations -Wl,-znodelete -Wno-writable-strings -fno-rtti -fPIC -std=c++17 -shared instrumentation/SanitizerCoverageLTO.so.cc -o SanitizerCoverageLTO.so $(llvm-config --ldflags)  instrumentation/afl-llvm-common.o
#17 78.23 /usr/lib/llvm-18/bin/clang -Wall -g -Wno-cast-qual -Wno-variadic-macros -Wno-pointer-sign -I ./include/ -I ./instrumentation/ -DAFL_PATH=\"/usr/local/lib/afl\" -DBIN_PATH=\"/usr/local/bin\" -DLLVM_BINDIR=\"/usr/lib/llvm-18/bin\" -DVERSION=\"++4.31c\" -DLLVM_LIBDIR=\"/usr/lib/llvm-18/lib\" -DLLVM_VERSION=\"18.1.0\" -DAFL_CLANG_FLTO=\"-flto=full\" -DAFL_REAL_LD=\"/usr/lib/llvm-18/bin/ld.lld\" -DAFL_CLANG_LDPATH=\"1\" -DAFL_CLANG_FUSELD=\"1\" -DCLANG_BIN=\"/usr/lib/llvm-18/bin/clang\" -DCLANGPP_BIN=\"/usr/lib/llvm-18/bin/clang++\" -DUSE_BINDIR=1 -Wno-unused-function -fdebug-prefix-map="/magma/fuzzers/aflplusplus_lto_entropy/repo=llvm_mode" -Wno-deprecated  -Wno-unused-result -O0 -flto=full -fPIC -c instrumentation/afl-llvm-rt-lto.o.c -o ./afl-llvm-rt-lto.o
#17 78.34 /usr/lib/llvm-18/bin/clang++ $(llvm-config --cxxflags) -fno-rtti -fno-exceptions -fPIC -O3 -funroll-loops -fPIC -Wall -g -I ./include/ -DVERSION=\"++4.31c\" -Wno-variadic-macros -Wno-deprecated-copy-with-dtor -DLLVM_MINOR=1 -DLLVM_MAJOR=18  -Wno-deprecated-declarations -Wl,-znodelete -shared instrumentation/injection-pass.cc -o injection-pass.so $(llvm-config --ldflags)  instrumentation/afl-llvm-common.o
#17 83.16 [*] Testing the CC wrapper and instrumentation output...
#17 83.16 unset AFL_USE_ASAN AFL_USE_MSAN AFL_INST_RATIO AFL_LLVM_ALLOWLIST AFL_LLVM_DENYLIST; ASAN_OPTIONS=detect_leaks=0 AFL_QUIET=1 AFL_PATH=. AFL_LLVM_LAF_ALL=1 ./afl-cc -O3 -funroll-loops -fPIC -Wall -g -Wno-cast-qual -Wno-variadic-macros -Wno-pointer-sign -I ./include/ -I ./instrumentation/ -DAFL_PATH=\"/usr/local/lib/afl\" -DBIN_PATH=\"/usr/local/bin\" -DLLVM_BINDIR=\"/usr/lib/llvm-18/bin\" -DVERSION=\"++4.31c\" -DLLVM_LIBDIR=\"/usr/lib/llvm-18/lib\" -DLLVM_VERSION=\"18.1.0\" -DAFL_CLANG_FLTO=\"-flto=full\" -DAFL_REAL_LD=\"/usr/lib/llvm-18/bin/ld.lld\" -DAFL_CLANG_LDPATH=\"1\" -DAFL_CLANG_FUSELD=\"1\" -DCLANG_BIN=\"/usr/lib/llvm-18/bin/clang\" -DCLANGPP_BIN=\"/usr/lib/llvm-18/bin/clang++\" -DUSE_BINDIR=1 -Wno-unused-function -fdebug-prefix-map="/magma/fuzzers/aflplusplus_lto_entropy/repo=llvm_mode" -Wno-deprecated  ./test-instr.c -o test-instr 
#17 83.26 ASAN_OPTIONS=detect_leaks=0 ./afl-showmap -m none -q -o .test-instr0 ./test-instr < /dev/null
#17 83.27 echo 1 | ASAN_OPTIONS=detect_leaks=0 ./afl-showmap -m none -q -o .test-instr1 ./test-instr
#17 83.27 [+] All right, the instrumentation seems to be working!
#17 83.27 [+] All done! You can now use './afl-cc' to compile programs.
#17 83.27 make[1]: Leaving directory '/magma/fuzzers/aflplusplus_lto_entropy/repo'
#17 83.27 make -f GNUmakefile.gcc_plugin
#17 83.27 make[1]: Entering directory '/magma/fuzzers/aflplusplus_lto_entropy/repo'
#17 83.32 [+] shmat seems to be working.
#17 83.32 [*] Checking for working 'gcc'...
#17 83.32 [*] Checking for gcc plugin development header files...
#17 83.32 [-] Oops, can't find gcc header files. Be sure to install 'gcc-X-plugin-dev'.
#17 83.32 GNUmakefile.gcc_plugin:124: recipe for target 'test_deps' failed
#17 83.32 make[1]: Leaving directory '/magma/fuzzers/aflplusplus_lto_entropy/repo'
#17 83.32 make[1]: *** [test_deps] Error 1
#17 83.32 make: [gcc_plugin] Error 2 (ignored)
#17 83.32 GNUmakefile:353: recipe for target 'gcc_plugin' failed
#17 83.32 [!] Note: skipping build tests (you may need to use LLVM or QEMU mode).
#17 83.33 [+] Main compiler 'afl-cc' successfully built!
#17 83.33 [+] LLVM mode for 'afl-cc' successfully built!
#17 83.33 [+] LLVM LTO mode for 'afl-cc' successfully built!
#17 83.33 [-] gcc_plugin for 'afl-cc'  failed to build, unless you really need it that is fine - or read instrumentation/README.gcc_plugin.md how to build it
#17 83.33 [+] All done! Be sure to review the README.md - it's pretty short and useful.
#17 83.33 make -C utils/aflpp_driver
#17 83.33 make[1]: Entering directory '/magma/fuzzers/aflplusplus_lto_entropy/repo/utils/aflpp_driver'
#17 83.34 /usr/lib/llvm-18/bin/clang -I. -I../../include -O3 -funroll-loops -g -fPIC -c aflpp_driver.c
#17 83.34 /usr/lib/llvm-18/bin/clang -O3 -funroll-loops -g -fPIC -O0 -funroll-loops -c aflpp_qemu_driver.c
#17 83.34 Note: Optional aflpp_qemu_driver_hook.o not built.
#17 83.35 Note: Optional aflpp_qemu_driver_hook.so not built.
#17 83.41 'libAFLQemuDriver.a' -> '../../libAFLQemuDriver.a'
#17 83.45 'libAFLDriver.a' -> '../../libAFLDriver.a'
#17 83.45 make[1]: Leaving directory '/magma/fuzzers/aflplusplus_lto_entropy/repo/utils/aflpp_driver'
#17 83.45 
#17 83.45 
#17 83.46 
#17 83.46 
#17 83.46 Build Summary:
#17 83.46 [+] afl-fuzz and supporting tools successfully built
#17 83.46 [+] LLVM basic mode successfully built
#17 83.46 [+] LLVM mode successfully built
#17 83.46 [+] LLVM LTO mode successfully built
#17 83.46 [-] gcc_mode could not be built, it is optional, install gcc-VERSION-plugin-dev to enable this
#17 83.46 
#17 83.46 make: Entering directory '/magma/fuzzers/aflplusplus_lto_entropy/repo/utils/aflpp_driver'
#17 83.47 Note: Optional aflpp_qemu_driver_hook.o not built.
#17 83.47 Note: Optional aflpp_qemu_driver_hook.so not built.
#17 83.47 make: Leaving directory '/magma/fuzzers/aflplusplus_lto_entropy/repo/utils/aflpp_driver'
#17 DONE 83.5s

#18 [14/19] RUN mkdir -p /magma/targets/php && chown magma:magma /magma/targets/php
#18 DONE 0.5s

#19 [15/19] COPY --chown=magma:magma .//targets/php /magma/targets/php/
#19 DONE 0.0s

#20 [16/19] RUN /magma/targets/php/preinstall.sh
#20 0.818 Hit:1 http://archive.ubuntu.com/ubuntu bionic InRelease
#20 0.994 Hit:3 http://archive.ubuntu.com/ubuntu bionic-updates InRelease
#20 1.067 Hit:4 http://security.ubuntu.com/ubuntu bionic-security InRelease
#20 1.176 Hit:5 http://archive.ubuntu.com/ubuntu bionic-backports InRelease
#20 1.504 Hit:2 https://apt.llvm.org/bionic llvm-toolchain-bionic-18 InRelease
#20 1.590 Reading package lists...
#20 2.733 Reading package lists...
#20 3.834 Building dependency tree...
#20 4.009 Reading state information...
#20 4.133 make is already the newest version (4.1-9.1ubuntu1).
#20 4.133 pkg-config is already the newest version (0.29.1-0ubuntu2).
#20 4.133 pkg-config set to manually installed.
#20 4.133 git is already the newest version (1:2.17.1-1ubuntu0.18).
#20 4.133 libicu-dev is already the newest version (60.2-3ubuntu3.2).
#20 4.133 libicu-dev set to manually installed.
#20 4.133 The following additional packages will be installed:
#20 4.134   autotools-dev libbison-dev libltdl-dev libltdl7 libsigsegv2 m4
#20 4.134 Suggested packages:
#20 4.134   autoconf-archive gnu-standards autoconf-doc gettext bison-doc libtool-doc
#20 4.134   gfortran | fortran95-compiler gcj-jdk m4-doc
#20 4.161 The following NEW packages will be installed:
#20 4.161   autoconf automake autotools-dev bison libbison-dev libltdl-dev libltdl7
#20 4.162   libsigsegv2 libtool m4 re2c
#20 4.836 0 upgraded, 11 newly installed, 0 to remove and 1 not upgraded.
#20 4.836 Need to get 2356 kB of archives.
#20 4.836 After this operation, 9097 kB of additional disk space will be used.
#20 4.836 Get:1 http://archive.ubuntu.com/ubuntu bionic/main amd64 libsigsegv2 amd64 2.12-1 [14.7 kB]
#20 5.460 Get:2 http://archive.ubuntu.com/ubuntu bionic/main amd64 m4 amd64 1.4.18-1 [197 kB]
#20 6.207 Get:3 http://archive.ubuntu.com/ubuntu bionic/main amd64 autoconf all 2.69-11 [322 kB]
#20 6.547 Get:4 http://archive.ubuntu.com/ubuntu bionic/main amd64 autotools-dev all 20180224.1 [39.6 kB]
#20 6.555 Get:5 http://archive.ubuntu.com/ubuntu bionic/main amd64 automake all 1:1.15.1-3ubuntu2 [509 kB]
#20 6.779 Get:6 http://archive.ubuntu.com/ubuntu bionic/main amd64 libbison-dev amd64 2:3.0.4.dfsg-1build1 [339 kB]
#20 6.953 Get:7 http://archive.ubuntu.com/ubuntu bionic/main amd64 bison amd64 2:3.0.4.dfsg-1build1 [266 kB]
#20 7.021 Get:8 http://archive.ubuntu.com/ubuntu bionic/main amd64 libltdl7 amd64 2.4.6-2 [38.8 kB]
#20 7.021 Get:9 http://archive.ubuntu.com/ubuntu bionic/main amd64 libltdl-dev amd64 2.4.6-2 [162 kB]
#20 7.091 Get:10 http://archive.ubuntu.com/ubuntu bionic/main amd64 libtool all 2.4.6-2 [194 kB]
#20 7.122 Get:11 http://archive.ubuntu.com/ubuntu bionic/main amd64 re2c amd64 1.0.1-1 [274 kB]
#20 7.331 debconf: unable to initialize frontend: Dialog
#20 7.331 debconf: (TERM is not set, so the dialog frontend is not usable.)
#20 7.331 debconf: falling back to frontend: Readline
#20 7.337 debconf: unable to initialize frontend: Readline
#20 7.337 debconf: (This frontend requires a controlling tty.)
#20 7.337 debconf: falling back to frontend: Teletype
#20 7.341 dpkg-preconfigure: unable to re-open stdin: 
#20 7.368 Fetched 2356 kB in 3s (779 kB/s)
#20 7.385 Selecting previously unselected package libsigsegv2:amd64.
#20 7.385 (Reading database ... (Reading database ... 5%(Reading database ... 10%(Reading database ... 15%(Reading database ... 20%(Reading database ... 25%(Reading database ... 30%(Reading database ... 35%(Reading database ... 40%(Reading database ... 45%(Reading database ... 50%(Reading database ... 55%(Reading database ... 60%(Reading database ... 65%(Reading database ... 70%(Reading database ... 75%(Reading database ... 80%(Reading database ... 85%(Reading database ... 90%(Reading database ... 95%(Reading database ... 100%(Reading database ... 24447 files and directories currently installed.)
#20 7.398 Preparing to unpack .../00-libsigsegv2_2.12-1_amd64.deb ...
#20 7.399 Unpacking libsigsegv2:amd64 (2.12-1) ...
#20 7.414 Selecting previously unselected package m4.
#20 7.416 Preparing to unpack .../01-m4_1.4.18-1_amd64.deb ...
#20 7.417 Unpacking m4 (1.4.18-1) ...
#20 7.447 Selecting previously unselected package autoconf.
#20 7.449 Preparing to unpack .../02-autoconf_2.69-11_all.deb ...
#20 7.449 Unpacking autoconf (2.69-11) ...
#20 7.491 Selecting previously unselected package autotools-dev.
#20 7.492 Preparing to unpack .../03-autotools-dev_20180224.1_all.deb ...
#20 7.493 Unpacking autotools-dev (20180224.1) ...
#20 7.509 Selecting previously unselected package automake.
#20 7.511 Preparing to unpack .../04-automake_1%3a1.15.1-3ubuntu2_all.deb ...
#20 7.513 Unpacking automake (1:1.15.1-3ubuntu2) ...
#20 7.565 Selecting previously unselected package libbison-dev:amd64.
#20 7.567 Preparing to unpack .../05-libbison-dev_2%3a3.0.4.dfsg-1build1_amd64.deb ...
#20 7.568 Unpacking libbison-dev:amd64 (2:3.0.4.dfsg-1build1) ...
#20 7.595 Selecting previously unselected package bison.
#20 7.597 Preparing to unpack .../06-bison_2%3a3.0.4.dfsg-1build1_amd64.deb ...
#20 7.600 Unpacking bison (2:3.0.4.dfsg-1build1) ...
#20 7.637 Selecting previously unselected package libltdl7:amd64.
#20 7.639 Preparing to unpack .../07-libltdl7_2.4.6-2_amd64.deb ...
#20 7.639 Unpacking libltdl7:amd64 (2.4.6-2) ...
#20 7.655 Selecting previously unselected package libltdl-dev:amd64.
#20 7.657 Preparing to unpack .../08-libltdl-dev_2.4.6-2_amd64.deb ...
#20 7.658 Unpacking libltdl-dev:amd64 (2.4.6-2) ...
#20 7.684 Selecting previously unselected package libtool.
#20 7.685 Preparing to unpack .../09-libtool_2.4.6-2_all.deb ...
#20 7.686 Unpacking libtool (2.4.6-2) ...
#20 7.716 Selecting previously unselected package re2c.
#20 7.718 Preparing to unpack .../10-re2c_1.0.1-1_amd64.deb ...
#20 7.718 Unpacking re2c (1.0.1-1) ...
#20 7.765 Setting up libsigsegv2:amd64 (2.12-1) ...
#20 7.766 Setting up re2c (1.0.1-1) ...
#20 7.769 Setting up m4 (1.4.18-1) ...
#20 7.769 Setting up autotools-dev (20180224.1) ...
#20 7.770 Setting up libltdl7:amd64 (2.4.6-2) ...
#20 7.771 Setting up libbison-dev:amd64 (2:3.0.4.dfsg-1build1) ...
#20 7.772 Setting up bison (2:3.0.4.dfsg-1build1) ...
#20 7.775 update-alternatives: using /usr/bin/bison.yacc to provide /usr/bin/yacc (yacc) in auto mode
#20 7.775 update-alternatives: warning: skip creation of /usr/share/man/man1/yacc.1.gz because associated file /usr/share/man/man1/bison.yacc.1.gz (of link group yacc) doesn't exist
#20 7.776 Setting up libtool (2.4.6-2) ...
#20 7.777 Setting up libltdl-dev:amd64 (2.4.6-2) ...
#20 7.778 Setting up autoconf (2.69-11) ...
#20 7.779 Setting up automake (1:1.15.1-3ubuntu2) ...
#20 7.782 update-alternatives: using /usr/bin/automake-1.15 to provide /usr/bin/automake (automake) in auto mode
#20 7.782 update-alternatives: warning: skip creation of /usr/share/man/man1/automake.1.gz because associated file /usr/share/man/man1/automake-1.15.1.gz (of link group automake) doesn't exist
#20 7.782 update-alternatives: warning: skip creation of /usr/share/man/man1/aclocal.1.gz because associated file /usr/share/man/man1/aclocal-1.15.1.gz (of link group automake) doesn't exist
#20 7.784 Processing triggers for libc-bin (2.27-3ubuntu1.6) ...
#20 DONE 7.8s

#21 [17/19] RUN /magma/targets/php/fetch.sh
#21 0.539 Cloning into '/magma/targets/php/repo'...
#21 105.9 Note: checking out 'bc39abe8c3c492e29bc5d60ca58442040bbf063b'.
#21 105.9 
#21 105.9 You are in 'detached HEAD' state. You can look around, make experimental
#21 105.9 changes and commit them, and you can discard any commits you make in this
#21 105.9 state without impacting any branches by performing another checkout.
#21 105.9 
#21 105.9 If you want to create a new branch to retain commits you create, you may
#21 105.9 do so (now or later) by using -b with the checkout command again. Example:
#21 105.9 
#21 105.9   git checkout -b <new-branch-name>
#21 105.9 
#21 105.9 HEAD is now at bc39abe8c3 Fix #80097: Have ReflectionAttribute implement Reflector and __toString
#21 105.9 Cloning into '/magma/targets/php/repo/oniguruma'...
#21 111.2 Note: checking out '227ec0bd690207812793c09ad70024707c405376'.
#21 111.2 
#21 111.2 You are in 'detached HEAD' state. You can look around, make experimental
#21 111.2 changes and commit them, and you can discard any commits you make in this
#21 111.2 state without impacting any branches by performing another checkout.
#21 111.2 
#21 111.2 If you want to create a new branch to retain commits you create, you may
#21 111.2 do so (now or later) by using -b with the checkout command again. Example:
#21 111.2 
#21 111.2   git checkout -b <new-branch-name>
#21 111.2 
#21 111.2 HEAD is now at 227ec0b remove unused codes
#21 DONE 111.4s

#22 [18/19] RUN /magma/magma/apply_patches.sh
#22 0.234 Applying /magma/targets/php/patches/setup/setup.patch
#22 0.235 patching file build/php.m4
#22 0.236 patching file sapi/fuzzer/config.m4
#22 0.236 patching file ext/standard/string.c
#22 0.237 Hunk #1 succeeded at 3634 (offset -48 lines).
#22 0.238 patching file ext/standard/base64.c
#22 0.238 patching file build/php.m4
#22 0.238 Hunk #1 succeeded at 2702 (offset 64 lines).
#22 0.239 Applying /magma/targets/php/patches/bugs/PHP013.patch
#22 0.240 patching file ext/intl/msgformat/msgformat_parse.c
#22 0.240 Hunk #1 succeeded at 93 (offset -9 lines).
#22 0.240 Applying /magma/targets/php/patches/bugs/PHP006.patch
#22 0.242 patching file ext/exif/exif.c
#22 0.243 Hunk #1 succeeded at 3970 (offset 32 lines).
#22 0.244 Applying /magma/targets/php/patches/bugs/PHP015.patch
#22 0.245 patching file ext/phar/phar.c
#22 0.245 Hunk #1 succeeded at 1122 (offset 61 lines).
#22 0.245 Hunk #2 succeeded at 1146 (offset 61 lines).
#22 0.246 Applying /magma/targets/php/patches/bugs/PHP016.patch
#22 0.248 patching file ext/phar/util.c
#22 0.248 Hunk #1 succeeded at 1603 (offset 4 lines).
#22 0.248 Hunk #2 succeeded at 1648 (offset 4 lines).
#22 0.248 Hunk #3 succeeded at 1693 (offset 4 lines).
#22 0.248 Hunk #4 succeeded at 1739 (offset 4 lines).
#22 0.248 patching file ext/phar/zip.c
#22 0.248 Hunk #1 succeeded at 447 (offset 22 lines).
#22 0.249 Applying /magma/targets/php/patches/bugs/PHP003.patch
#22 0.251 patching file ext/exif/exif.c
#22 0.252 Hunk #1 succeeded at 3941 (offset 32 lines).
#22 0.253 Applying /magma/targets/php/patches/bugs/PHP014.patch
#22 0.254 patching file ext/intl/locale/locale_methods.c
#22 0.254 Hunk #1 succeeded at 484 (offset -20 lines).
#22 0.254 Hunk #2 succeeded at 492 (offset -20 lines).
#22 0.255 Applying /magma/targets/php/patches/bugs/PHP001.patch
#22 0.257 patching file ext/phar/phar.c
#22 0.257 Hunk #1 succeeded at 2068 (offset 60 lines).
#22 0.257 Applying /magma/targets/php/patches/bugs/PHP011.patch
#22 0.259 patching file ext/exif/exif.c
#22 0.259 Hunk #1 succeeded at 2054 (offset -8 lines).
#22 0.259 Hunk #2 succeeded at 2071 with fuzz 1 (offset -8 lines).
#22 0.260 Applying /magma/targets/php/patches/bugs/PHP008.patch
#22 0.261 patching file ext/standard/dns.c
#22 0.262 Hunk #1 succeeded at 481 (offset 18 lines).
#22 0.262 Hunk #2 succeeded at 581 (offset 18 lines).
#22 0.263 Applying /magma/targets/php/patches/bugs/PHP004.patch
#22 0.264 patching file ext/exif/exif.c
#22 0.264 Hunk #1 succeeded at 3218 with fuzz 2 (offset 24 lines).
#22 0.265 Applying /magma/targets/php/patches/bugs/PHP005.patch
#22 0.266 patching file ext/iconv/iconv.c
#22 0.266 Hunk #1 succeeded at 1371 (offset -61 lines).
#22 0.268 Applying /magma/targets/php/patches/bugs/PHP007.patch
#22 0.269 patching file ext/phar/phar.c
#22 0.269 Hunk #1 succeeded at 802 (offset 63 lines).
#22 0.269 Hunk #2 succeeded at 837 (offset 63 lines).
#22 0.269 Hunk #3 succeeded at 1053 (offset 63 lines).
#22 0.269 Hunk #4 succeeded at 1107 (offset 63 lines).
#22 0.269 Hunk #5 succeeded at 1120 (offset 63 lines).
#22 0.270 Applying /magma/targets/php/patches/bugs/PHP009.patch
#22 0.272 patching file ext/exif/exif.c
#22 0.272 Hunk #1 succeeded at 3177 (offset 26 lines).
#22 0.272 Applying /magma/targets/php/patches/bugs/PHP012.patch
#22 0.274 patching file ext/standard/http_fopen_wrapper.c
#22 0.274 Hunk #1 succeeded at 708 (offset -4 lines).
#22 0.274 Applying /magma/targets/php/patches/bugs/PHP002.patch
#22 0.276 patching file ext/exif/exif.c
#22 0.277 Hunk #1 succeeded at 4083 with fuzz 2 (offset 64 lines).
#22 0.278 Applying /magma/targets/php/patches/bugs/PHP010.patch
#22 0.279 patching file ext/exif/exif.c
#22 0.279 Hunk #1 succeeded at 4023 with fuzz 2 (offset 82 lines).
#22 0.279 Hunk #2 succeeded at 4053 (offset 82 lines).
#22 0.280 Hunk #3 succeeded at 4822 (offset 104 lines).
#22 DONE 0.5s

#23 [19/19] RUN /magma/fuzzers/aflplusplus_lto_entropy/Calculate.sh
#23 0.485 buildconf: Checking installation
#23 0.518 buildconf: autoconf version 2.69 (ok)
#23 0.518 buildconf: Cleaning cache and configure files
#23 0.519 buildconf: Rebuilding configure
#23 2.143 buildconf: Rebuilding main/php_config.h.in
#23 2.345 buildconf: Run ./configure to proceed with customizing the PHP build.
#23 2.513 checking for grep that handles long lines and -e... /bin/grep
#23 2.515 checking for egrep... /bin/grep -E
#23 2.516 checking for a sed that does not truncate output... /bin/sed
#23 2.573 checking build system type... x86_64-pc-linux-gnu
#23 2.657 checking host system type... x86_64-pc-linux-gnu
#23 2.657 checking target system type... x86_64-pc-linux-gnu
#23 2.687 shtool:echo:Warning: unable to determine terminal sequence for bold mode
#23 2.720 shtool:echo:Warning: unable to determine terminal sequence for bold mode
#23 2.769 checking for pkg-config... /usr/bin/pkg-config
#23 2.769 checking pkg-config is at least version 0.9.0... yes
#23 2.897 checking whether the C compiler works... yes
#23 2.983 checking for C compiler default output file name... a.out
#23 2.984 checking for suffix of executables... 
#23 3.073 checking whether we are cross compiling... no
#23 3.175 checking for suffix of object files... o
#23 3.214 checking whether we are using the GNU C compiler... yes
#23 3.247 checking whether /magma/fuzzers/aflplusplus_lto_entropy/repo/afl-clang-lto accepts -g... yes
#23 3.291 checking for /magma/fuzzers/aflplusplus_lto_entropy/repo/afl-clang-lto option to accept ISO C89... none needed
#23 3.338 checking how to run the C preprocessor... /magma/fuzzers/aflplusplus_lto_entropy/repo/afl-clang-lto -E
#23 3.474 checking for icc... no
#23 3.508 checking for suncc... no
#23 3.535 checking for /magma/fuzzers/aflplusplus_lto_entropy/repo/afl-clang-lto option to accept ISO C99... none needed
#23 3.593 checking how to run the C preprocessor... /magma/fuzzers/aflplusplus_lto_entropy/repo/afl-clang-lto -E
#23 3.656 checking for ANSI C header files... yes
#23 3.871 checking for sys/types.h... yes
#23 3.918 checking for sys/stat.h... yes
#23 3.966 checking for stdlib.h... yes
#23 4.014 checking for string.h... yes
#23 4.062 checking for memory.h... yes
#23 4.111 checking for strings.h... yes
#23 4.157 checking for inttypes.h... yes
#23 4.216 checking for stdint.h... yes
#23 4.264 checking for unistd.h... yes
#23 4.310 checking minix/config.h usability... no
#23 4.357 checking minix/config.h presence... no
#23 4.395 checking for minix/config.h... no
#23 4.395 checking whether it is safe to define __EXTENSIONS__... yes
#23 4.450 checking whether ln -s works... yes
#23 4.451 checking for system library directory... lib
#23 4.451 checking whether to enable runpaths... yes
#23 4.451 checking if compiler supports -R... no
#23 4.536 checking if compiler supports -Wl,-rpath,... yes
#23 4.626 checking for gawk... no
#23 4.626 checking for nawk... nawk
#23 4.626 checking if nawk is broken... no
#23 4.627 checking for bison... bison
#23 4.628 checking for bison version... 3.0.4 (ok)
#23 4.633 checking for re2c... re2c
#23 4.633 checking for re2c version... 1.0.1 (ok)
#23 4.638 checking for php... no
#23 4.638 checking whether to enable computed goto gcc extension with re2c... no
#23 4.638 checking whether C compiler accepts -fvisibility=hidden... yes
#23 4.671 checking whether to force non-PIC code in shared modules... no
#23 4.671 checking whether we are using musl libc... no
#23 4.673 checking whether /dev/urandom exists... yes
#23 4.673 checking for global register variables support... no
#23 4.710 checking whether __cpuid_count is available... yes
#23 4.805 checking for pthreads_cflags... -pthread
#23 4.943 checking for pthreads_lib... pthread
#23 5.046 
#23 5.046 Configuring SAPI modules
#23 5.046 checking for Apache 2 handler module support via DSO through APXS... no
#23 5.048 checking for setproctitle... no
#23 5.148 checking sys/pstat.h usability... no
#23 5.195 checking sys/pstat.h presence... no
#23 5.228 checking for sys/pstat.h... no
#23 5.228 checking for PS_STRINGS... no
#23 5.285 checking for CLI build... yes
#23 5.296 checking for embedded SAPI library support... no
#23 5.297 checking for FPM build... no
#23 5.299 checking for clang fuzzer SAPI... yes
#23 5.435 checking whether we are using the GNU C++ compiler... yes
#23 5.468 checking whether /magma/fuzzers/aflplusplus_lto_entropy/repo/afl-clang-lto++ accepts -g... yes
#23 5.500 checking how to run the C++ preprocessor... /magma/fuzzers/aflplusplus_lto_entropy/repo/afl-clang-lto++ -E
#23 5.628 checking whether C compiler accepts -stdlib=libstdc++... yes
#23 5.684 yes
#23 5.684 checking for LiteSpeed support... no
#23 5.684 checking for phpdbg support... no
#23 5.684 checking for phpdbg debug build... no
#23 5.684 checking for phpdbg readline support... no
#23 5.685 checking for CGI build... no
#23 5.685 checking for chosen SAPI module... none
#23 5.685 checking for executable SAPI binaries...  cli fuzzer
#23 5.685 
#23 5.685 Running system checks
#23 5.685 checking for sendmail... /usr/sbin/sendmail
#23 5.686 checking whether system uses EBCDIC... no
#23 5.776 checking whether byte ordering is bigendian... no
#23 5.864 checking whether writing to stdout works... This is the test message -- yes
#23 5.956 checking for socket... yes
#23 6.045 checking for socketpair... yes
#23 6.135 checking for htonl... yes
#23 6.226 checking for gethostname... yes
#23 6.316 checking for gethostbyaddr... yes
#23 6.409 checking for dlopen... no
#23 6.520 checking for __dlopen... no
#23 6.618 checking for dlopen in -ldl... yes
#23 6.799 checking for dlsym... yes
#23 6.900 checking for sin in -lm... yes
#23 6.993 checking for inet_aton... yes
#23 7.088 checking for stdint.h... (cached) yes
#23 7.097 checking for dirent.h... yes
#23 7.140 checking for sys/param.h... yes
#23 7.184 checking for sys/types.h... (cached) yes
#23 7.192 checking for sys/time.h... yes
#23 7.236 checking for netinet/in.h... yes
#23 7.284 checking for alloca.h... yes
#23 7.330 checking for arpa/inet.h... yes
#23 7.376 checking for arpa/nameser.h... yes
#23 7.423 checking for crypt.h... yes
#23 7.471 checking for dns.h... no
#23 7.517 checking for fcntl.h... yes
#23 7.565 checking for grp.h... yes
#23 7.612 checking for ieeefp.h... no
#23 7.659 checking for langinfo.h... yes
#23 7.707 checking for malloc.h... yes
#23 7.757 checking for poll.h... yes
#23 7.804 checking for pty.h... yes
#23 7.852 checking for pwd.h... yes
#23 7.899 checking for resolv.h... yes
#23 7.949 checking for strings.h... (cached) yes
#23 7.957 checking for syslog.h... yes
#23 8.004 checking for sysexits.h... yes
#23 8.051 checking for sys/ioctl.h... yes
#23 8.098 checking for sys/file.h... yes
#23 8.147 checking for sys/mman.h... yes
#23 8.194 checking for sys/mount.h... yes
#23 8.241 checking for sys/poll.h... yes
#23 8.291 checking for sys/resource.h... yes
#23 8.340 checking for sys/select.h... yes
#23 8.388 checking for sys/socket.h... yes
#23 8.434 checking for sys/stat.h... (cached) yes
#23 8.441 checking for sys/statfs.h... yes
#23 8.489 checking for sys/statvfs.h... yes
#23 8.540 checking for sys/vfs.h... yes
#23 8.586 checking for sys/sysexits.h... no
#23 8.633 checking for sys/uio.h... yes
#23 8.680 checking for sys/wait.h... yes
#23 8.727 checking for sys/loadavg.h... no
#23 8.774 checking for unistd.h... (cached) yes
#23 8.782 checking for unix.h... no
#23 8.828 checking for utime.h... yes
#23 8.876 checking for sys/utsname.h... yes
#23 8.930 checking for sys/ipc.h... yes
#23 8.976 checking for dlfcn.h... yes
#23 9.030 checking for tmmintrin.h... yes
#23 9.092 checking for nmmintrin.h... yes
#23 9.155 checking for wmmintrin.h... yes
#23 9.216 checking for immintrin.h... yes
#23 9.414 checking for fopencookie... yes
#23 9.654 checking for broken getcwd... no
#23 9.656 checking for broken gcc optimize-strlen... no
#23 9.757 checking whether struct tm is in sys/time.h or time.h... time.h
#23 9.794 checking for struct tm.tm_zone... yes
#23 9.833 checking for missing declarations of reentrant functions... done
#23 10.02 checking for fclose declaration... ok
#23 10.06 checking for struct flock... yes
#23 10.10 checking for socklen_t... yes
#23 10.18 checking size of intmax_t... 8
#23 10.28 checking size of ssize_t... 8
#23 10.39 checking size of ptrdiff_t... 8
#23 10.49 checking size of short... 2
#23 10.61 checking size of int... 4
#23 10.72 checking size of long... 8
#23 10.84 checking size of long long... 8
#23 10.96 checking size of size_t... 8
#23 11.08 checking size of off_t... 8
#23 11.19 checking for int8_t... yes
#23 11.26 checking for int16_t... yes
#23 11.34 checking for int32_t... yes
#23 11.42 checking for int64_t... yes
#23 11.50 checking for uint8_t... yes
#23 11.57 checking for uint16_t... yes
#23 11.65 checking for uint32_t... yes
#23 11.73 checking for uint64_t... yes
#23 11.81 checking for __builtin_expect... yes
#23 11.90 checking for __builtin_clz... yes
#23 12.01 checking for __builtin_clzl... yes
#23 12.10 checking for __builtin_clzll... yes
#23 12.20 checking for __builtin_ctzl... yes
#23 12.29 checking for __builtin_ctzll... yes
#23 12.39 checking for __builtin_smull_overflow... yes
#23 12.48 checking for __builtin_smulll_overflow... yes
#23 12.57 checking for __builtin_saddl_overflow... yes
#23 12.66 checking for __builtin_saddll_overflow... yes
#23 12.75 checking for __builtin_ssubl_overflow... yes
#23 12.84 checking for __builtin_ssubll_overflow... yes
#23 12.93 checking for __builtin_cpu_init... yes
#23 13.02 checking for __builtin_cpu_supports... yes
#23 13.12 checking whether the compiler supports __alignof__... yes
#23 13.16 checking for struct tm.tm_gmtoff... yes
#23 13.19 checking for struct stat.st_blksize... yes
#23 13.24 checking for struct stat.st_rdev... yes
#23 13.29 checking for struct stat.st_blocks... yes
#23 13.34 checking for size_t... yes
#23 13.43 checking for uid_t in sys/types.h... yes
#23 13.47 checking for struct sockaddr_storage... yes
#23 13.51 checking for field sa_len in struct sockaddr... no
#23 13.55 checking for __attribute__((ifunc))... no
#23 13.64 checking for __attribute__((target))... no
#23 13.73 checking for IPv6 support... yes
#23 13.83 checking for alphasort... yes
#23 13.93 checking for asctime_r... yes
#23 14.03 checking for chroot... yes
#23 14.13 checking for ctime_r... yes
#23 14.23 checking for explicit_memset... no
#23 14.33 checking for fdatasync... yes
#23 14.43 checking for flock... yes
#23 14.54 checking for ftok... yes
#23 14.64 checking for funopen... no
#23 14.74 checking for gai_strerror... yes
#23 14.84 checking for getcwd... yes
#23 14.94 checking for getloadavg... yes
#23 15.04 checking for getlogin... yes
#23 15.14 checking for getprotobyname... yes
#23 15.24 checking for getprotobynumber... yes
#23 15.34 checking for getservbyname... yes
#23 15.44 checking for getservbyport... yes
#23 15.54 checking for getrusage... yes
#23 15.64 checking for gettimeofday... yes
#23 15.74 checking for gmtime_r... yes
#23 15.84 checking for getpwnam_r... yes
#23 15.95 checking for getgrnam_r... yes
#23 16.05 checking for getpwuid_r... yes
#23 16.15 checking for getwd... yes
#23 16.25 checking for glob... yes
#23 16.36 checking for inet_ntoa... yes
#23 16.46 checking for inet_ntop... yes
#23 16.56 checking for inet_pton... yes
#23 16.66 checking for localtime_r... yes
#23 16.76 checking for lchown... yes
#23 16.86 checking for memmove... yes
#23 16.96 checking for mkstemp... yes
#23 17.06 checking for mmap... yes
#23 17.16 checking for nice... yes
#23 17.27 checking for nl_langinfo... yes
#23 17.37 checking for poll... yes
#23 17.47 checking for putenv... yes
#23 17.57 checking for scandir... yes
#23 17.66 checking for setitimer... yes
#23 17.76 checking for setenv... yes
#23 17.86 checking for shutdown... yes
#23 17.96 checking for sigprocmask... yes
#23 18.05 checking for statfs... yes
#23 18.15 checking for statvfs... yes
#23 18.25 checking for std_syslog... no
#23 18.36 checking for strcasecmp... yes
#23 18.46 checking for strnlen... yes
#23 18.57 checking for strptime... yes
#23 18.67 checking for strtok_r... yes
#23 18.77 checking for symlink... yes
#23 18.87 checking for tzset... yes
#23 18.97 checking for unsetenv... yes
#23 19.07 checking for usleep... yes
#23 19.17 checking for utime... yes
#23 19.27 checking for vasprintf... yes
#23 19.37 checking for asprintf... yes
#23 19.47 checking for nanosleep... yes
#23 19.57 checking for memmem... yes
#23 19.66 checking how many arguments gethostbyname_r() takes... six
#23 19.74 checking for nanosleep in -lrt... yes
#23 19.92 checking for setsockopt in -lnetwork... no
#23 19.99 checking for __setsockopt in -lnetwork... no
#23 20.07 checking for getaddrinfo... yes
#23 20.28 checking for strlcat... no
#23 20.37 checking for strlcpy... no
#23 20.46 checking for explicit_bzero... yes
#23 20.56 checking for getopt... yes
#23 20.65 checking for working alloca.h... yes
#23 20.74 checking for alloca... yes
#23 20.83 checking for type of reentrant time-related functions... POSIX
#23 20.94 checking for in_addr_t... yes
#23 20.98 checking for aarch64 CRC32 API... no
#23 21.04 checking for asm goto... yes
#23 21.12 checking whether to enable valgrind support... yes
#23 21.13 checking for valgrind... no
#23 21.13 checking for openpty... no
#23 21.23 checking for __openpty... no
#23 21.33 checking for openpty in -lutil... yes
#23 21.51 
#23 21.51 General settings
#23 21.51 checking whether to include gcov symbols... no
#23 21.51 checking whether to include debugging symbols... no
#23 21.51 checking whether to enable debug assertions in release mode... no
#23 21.51 checking whether to dlopen extensions with RTLD_NOW instead of RTLD_LAZY... no
#23 21.51 checking layout of installed files... PHP
#23 21.51 checking path to configuration file... DEFAULT
#23 21.51 checking where to scan for configuration files... 
#23 21.51 checking whether to enable PHP's own SIGCHLD handler... no
#23 21.51 checking whether to explicitly link against libgcc... no
#23 21.51 checking whether to enable short tags by default... yes
#23 21.51 checking whether to enable dmalloc... no
#23 21.51 checking whether to enable IPv6 support... yes
#23 21.51 checking whether to enable DTrace support... no
#23 21.51 checking how big to make fd sets... using system default
#23 21.51 
#23 21.51 Configuring extensions
#23 21.51 checking io.h usability... no
#23 21.56 checking io.h presence... no
#23 21.59 checking for io.h... no
#23 21.60 checking for strtoll... yes
#23 21.69 checking for atoll... yes
#23 21.85 checking whether to build with LIBXML support... no
#23 21.85 checking for OpenSSL support... no
#23 21.85 checking for Kerberos support... no
#23 21.85 checking whether to use system default cipher list instead of hardcoded value... no
#23 21.85 checking for PCRE library to use... bundled
#23 21.85 checking whether to enable PCRE JIT functionality... no
#23 21.89 checking whether to enable the SQLite3 extension... no
#23 21.90 checking for ZLIB support... no
#23 21.90 checking whether to enable bc style precision math functions... no
#23 21.90 checking for BZip2 support... no
#23 21.90 checking whether to enable calendar conversion support... no
#23 21.90 checking whether to enable ctype functions... no
#23 21.90 checking for cURL support... no
#23 21.90 checking for QDBM support... no
#23 21.90 checking for GDBM support... no
#23 21.90 checking for NDBM support... no
#23 21.90 checking for TCADB support... no
#23 21.90 checking for LMDB support... no
#23 21.90 checking for Berkeley DB4 support... no
#23 21.91 checking for Berkeley DB3 support... no
#23 21.91 checking for Berkeley DB2 support... no
#23 21.91 checking for DB1 support... no
#23 21.91 checking for DBM support... no
#23 21.91 checking for CDB support... no
#23 21.91 checking for INI File support... no
#23 21.91 checking for FlatFile support... no
#23 21.91 checking whether to enable DBA interface... no
#23 21.91 checking whether to enable DOM support... no
#23 21.91 checking whether to build with Enchant support... no
#23 21.91 checking whether to enable EXIF (metadata from images) support... yes
#23 21.92 checking for FFI support... no
#23 21.92 checking for fileinfo support... no
#23 21.92 checking whether to enable input filter support... no
#23 21.92 checking whether to enable FTP support... no
#23 21.92 checking whether to explicitly enable FTP SSL support... no
#23 21.92 checking for GD support... no
#23 21.92 checking for external libgd... no
#23 21.92 checking for libavif... no
#23 21.92 checking for libwebp... no
#23 21.92 checking for libjpeg... no
#23 21.92 checking for libXpm... no
#23 21.92 checking for FreeType 2... no
#23 21.92 checking whether to enable JIS-mapped Japanese font support in GD... no
#23 21.93 checking for GNU gettext support... no
#23 21.93 checking for GNU MP support... no
#23 21.93 checking for mhash support... no
#23 21.93 checking size of long... (cached) 8
#23 21.93 checking if we're at 64-bit platform... yes
#23 22.04 checking for iconv support... no
#23 22.04 checking for IMAP support... no
#23 22.04 checking for IMAP Kerberos support... no
#23 22.04 checking for IMAP SSL support... no
#23 22.05 checking whether to enable internationalization support... yes
#23 22.05 checking for icu-uc >= 50.1 icu-io icu-i18n... yes
#23 22.27 checking whether we are using the GNU C++ compiler... (cached) yes
#23 22.27 checking whether /magma/fuzzers/aflplusplus_lto_entropy/repo/afl-clang-lto++ accepts -g... (cached) yes
#23 22.27 checking how to run the C++ preprocessor... /magma/fuzzers/aflplusplus_lto_entropy/repo/afl-clang-lto++ -E
#23 22.34 checking whether /magma/fuzzers/aflplusplus_lto_entropy/repo/afl-clang-lto++ supports C++11 features with -std=c++11... yes
#23 22.44 checking for LDAP support... no
#23 22.44 checking whether to build with LDAP Cyrus SASL support... no
#23 22.44 checking whether to enable multibyte string support... yes
#23 22.44 checking whether to enable multibyte regex support (requires oniguruma)... yes
#23 22.44 checking for oniguruma... yes
#23 22.45 checking if oniguruma has an invalid entry for KOI8 encoding... yes
#23 22.73 checking for MySQLi support... no
#23 22.73 checking for specified location of the MySQL UNIX socket... no
#23 22.74 checking for Oracle Database OCI8 support... no
#23 22.74 checking for Adabas support... no
#23 22.74 checking for SAP DB support... no
#23 22.74 checking for Solid support... no
#23 22.74 checking for IBM DB2 support... no
#23 22.74 checking for Empress support... no
#23 22.74 checking for Empress local access support... no
#23 22.74 checking for a custom ODBC support... no
#23 22.74 checking whether to build with iODBC support... no
#23 22.74 checking for Easysoft ODBC-ODBC Bridge support... no
#23 22.74 checking whether to build with unixODBC support... no
#23 22.74 checking for DBMaker support... no
#23 22.74 checking for any ODBC driver support... no
#23 22.74 checking whether to enable Zend OPcache support... no
#23 22.74 checking whether to enable copying PHP CODE pages into HUGE PAGES... yes
#23 22.74 checking whether to enable JIT... yes
#23 22.75 checking whether to enable pcntl support... no
#23 22.75 checking whether to enable PDO support... no
#23 22.75 checking for PDO_DBLIB support via FreeTDS... no
#23 22.75 checking for Firebird support for PDO... no
#23 22.75 checking for MySQL support for PDO... no
#23 22.75 checking for the location of libz... no
#23 22.76 checking Oracle OCI support for PDO... no
#23 22.76 checking for ODBC v3 support for PDO... no
#23 22.76 checking for PostgreSQL support for PDO... no
#23 22.76 checking for sqlite 3 support for PDO... no
#23 22.76 checking for PostgreSQL support... no
#23 22.76 checking for phar archive support... yes
#23 22.78 checking for phar openssl support... no
#23 22.79 checking whether to enable POSIX-like functions... no
#23 22.79 checking for PSPELL support... no
#23 22.79 checking for libedit readline replacement... no
#23 22.79 checking for readline support... no
#23 22.80 checking whether to enable PHP sessions... no
#23 22.80 checking for mm support... no
#23 22.80 checking whether to enable shmop support... no
#23 22.80 checking whether to enable SimpleXML support... no
#23 22.80 checking for SNMP support... no
#23 22.80 checking whether to enable SOAP support... no
#23 22.80 checking whether to enable sockets support... no
#23 22.80 checking for sodium support... no
#23 22.86 checking whether flush should be called explicitly after a buffered io... yes
#23 22.94 checking for crypt... no
#23 23.02 checking for __crypt... no
#23 23.11 checking for crypt in -lcrypt... no
#23 23.18 checking for __crypt in -lcrypt... no
#23 23.26 checking for crypt_r... no
#23 23.34 checking for __crypt_r... no
#23 23.41 checking for crypt_r in -lcrypt... no
#23 23.49 checking for __crypt_r in -lcrypt... no
#23 23.56 checking for standard DES crypt... no
#23 23.64 checking for extended DES crypt... no
#23 23.73 checking for MD5 crypt... no
#23 23.80 checking for Blowfish crypt... no
#23 23.89 checking for SHA512 crypt... no
#23 23.97 checking for SHA256 crypt... no
#23 24.07 checking whether the compiler supports aligned attribute... yes
#23 24.10 checking for working POSIX fnmatch... no
#23 24.18 checking for fork... no
#23 24.26 checking for CreateProcess... no
#23 24.34 checking if your OS can spawn processes with inherited handles... no
#23 24.34 checking for res_nsearch... no
#23 24.42 checking for __res_nsearch... no
#23 24.51 checking for res_nsearch in -lresolv... no
#23 24.60 checking for __res_nsearch in -lresolv... no
#23 24.68 checking for res_nsearch in -lbind... no
#23 24.76 checking for __res_nsearch in -lbind... no
#23 24.84 checking for res_nsearch in -lsocket... no
#23 24.92 checking for __res_nsearch in -lsocket... no
#23 25.00 checking for res_ndestroy... no
#23 25.07 checking for __res_ndestroy... no
#23 25.15 checking for res_ndestroy in -lresolv... no
#23 25.23 checking for __res_ndestroy in -lresolv... no
#23 25.31 checking for res_ndestroy in -lbind... no
#23 25.39 checking for __res_ndestroy in -lbind... no
#23 25.46 checking for res_ndestroy in -lsocket... no
#23 25.54 checking for __res_ndestroy in -lsocket... no
#23 25.62 checking for dns_search... no
#23 25.69 checking for __dns_search... no
#23 25.78 checking for dns_search in -lresolv... no
#23 25.85 checking for __dns_search in -lresolv... no
#23 25.93 checking for dns_search in -lbind... no
#23 26.02 checking for __dns_search in -lbind... no
#23 26.11 checking for dns_search in -lsocket... no
#23 26.20 checking for __dns_search in -lsocket... no
#23 26.28 checking for dn_expand... no
#23 26.37 checking for __dn_expand... no
#23 26.46 checking for dn_expand in -lresolv... no
#23 26.54 checking for __dn_expand in -lresolv... no
#23 26.62 checking for dn_expand in -lbind... no
#23 26.70 checking for __dn_expand in -lbind... no
#23 26.78 checking for dn_expand in -lsocket... no
#23 26.85 checking for __dn_expand in -lsocket... no
#23 26.93 checking for dn_skipname... no
#23 27.00 checking for __dn_skipname... no
#23 27.08 checking for dn_skipname in -lresolv... no
#23 27.16 checking for __dn_skipname in -lresolv... no
#23 27.23 checking for dn_skipname in -lbind... no
#23 27.31 checking for __dn_skipname in -lbind... no
#23 27.39 checking for dn_skipname in -lsocket... no
#23 27.47 checking for __dn_skipname in -lsocket... no
#23 27.55 checking for res_search... no
#23 27.63 checking for __res_search... no
#23 27.71 checking for res_search in -lresolv... no
#23 27.79 checking for __res_search in -lresolv... no
#23 27.87 checking for res_search in -lbind... no
#23 27.95 checking for __res_search in -lbind... no
#23 28.03 checking for res_search in -lsocket... no
#23 28.11 checking for __res_search in -lsocket... no
#23 28.19 checking whether strptime() declaration fails... yes
#23 28.23 checking whether arc4random_buf is declared... no
#23 28.28 checking for Argon2 support... no
#23 28.28 checking for net/if.h... yes
#23 28.32 checking for usable getifaddrs... no
#23 28.50 checking whether to enable System V IPC support... no
#23 28.50 checking whether to enable System V semaphore support... no
#23 28.50 checking whether to enable System V shared memory support... no
#23 28.50 checking for TIDY support... no
#23 28.50 checking whether to enable tokenizer support... no
#23 28.50 checking whether to enable XML support... no
#23 28.50 checking whether to build with expat support... no
#23 28.51 checking whether to enable XMLReader support... no
#23 28.51 checking whether to enable XMLWriter support... no
#23 28.51 checking whether to build with XSL support... no
#23 28.51 checking whether to enable zend-test extension... no
#23 28.51 checking for zip archive read/write support... no
#23 28.51 checking whether to enable mysqlnd... no
#23 28.51 checking whether to disable compressed protocol support in mysqlnd... yes
#23 28.51 checking linker support for -zcommon-page-size=2097152... no
#23 28.60 checking linker support for -zmax-page-size=2097152... no
#23 28.68 
#23 28.68 Configuring PEAR
#23 28.68 checking whether to install PEAR... no
#23 28.68 
#23 28.68 Configuring Zend
#23 28.68 checking for fiber switching context... x86_64_sysv_elf_gas
#23 28.68 checking cpuid.h usability... yes
#23 28.73 checking cpuid.h presence... yes
#23 28.75 checking for cpuid.h... yes
#23 28.76 checking for getpid... yes
#23 28.86 checking for kill... yes
#23 28.95 checking for sigsetjmp... no
#23 29.04 checking for usable _FPU_SETCW... yes
#23 29.13 checking for usable fpsetprec... no
#23 29.19 checking for usable _controlfp... no
#23 29.25 checking for usable _controlfp_s... no
#23 29.31 checking whether FPU control word can be manipulated by inline assembler... yes
#23 29.41 checking whether double cast to long preserves least significant bits... yes
#23 29.51 checking for dlfcn.h... (cached) yes
#23 29.51 checking whether dlsym() requires a leading underscore in symbol names... no
#23 29.61 checking whether to enable thread-safety... no
#23 29.61 checking whether to enable Zend debugging... no
#23 29.61 checking whether C compiler accepts -Wno-clobbered... no
#23 29.64 checking whether C compiler accepts -Wimplicit-fallthrough=1... no
#23 29.68 checking whether C compiler accepts -Wduplicated-cond... no
#23 29.71 checking whether C compiler accepts -Wlogical-op... no
#23 29.75 checking whether C compiler accepts -Wformat-truncation... yes
#23 29.78 checking whether C compiler accepts -Wstrict-prototypes... no
#23 29.82 checking whether C compiler accepts -fno-common... yes
#23 29.85 checking for inline... inline
#23 29.89 checking target system is Darwin... no
#23 29.89 checking for MM alignment and log values... done
#23 29.99 checking for mremap... yes
#23 30.08 checking for sigaction... yes
#23 30.17 checking whether to enable zend signal handling... yes
#23 30.17 
#23 30.17 Configuring TSRM
#23 30.22 
#23 30.22 Configuring libtool
#23 30.22 checking for a sed that does not truncate output... /bin/sed
#23 30.22 checking for ld used by /magma/fuzzers/aflplusplus_lto_entropy/repo/afl-clang-lto... /usr/lib/llvm-18/bin/ld.lld
#23 30.25 checking if the linker (/usr/lib/llvm-18/bin/ld.lld) is GNU ld... yes
#23 30.26 checking for /usr/lib/llvm-18/bin/ld.lld option to reload object files... -r
#23 30.26 checking for BSD-compatible nm... /usr/lib/llvm-18/bin/llvm-nm
#23 30.26 checking how to recognize dependent libraries... pass_all
#23 30.30 checking how to run the C++ preprocessor... /magma/fuzzers/aflplusplus_lto_entropy/repo/afl-clang-lto++ -E
#23 30.37 checking the maximum length of command line arguments... 1572864
#23 30.37 checking command to parse /usr/lib/llvm-18/bin/llvm-nm output from /magma/fuzzers/aflplusplus_lto_entropy/repo/afl-clang-lto object... ok
#23 30.54 checking for objdir... .libs
#23 30.55 checking for ar... /usr/lib/llvm-18/bin/llvm-ar
#23 30.55 checking for ranlib... /usr/lib/llvm-18/bin/llvm-ranlib
#23 30.55 checking for strip... strip
#23 30.68 checking if /magma/fuzzers/aflplusplus_lto_entropy/repo/afl-clang-lto supports -fno-rtti -fno-exceptions... yes
#23 30.71 checking for /magma/fuzzers/aflplusplus_lto_entropy/repo/afl-clang-lto option to produce PIC... -fPIC
#23 30.71 checking if /magma/fuzzers/aflplusplus_lto_entropy/repo/afl-clang-lto PIC flag -fPIC works... yes
#23 30.75 checking if /magma/fuzzers/aflplusplus_lto_entropy/repo/afl-clang-lto static flag -static works... yes
#23 30.86 checking if /magma/fuzzers/aflplusplus_lto_entropy/repo/afl-clang-lto supports -c -o file.o... yes
#23 30.90 checking whether the /magma/fuzzers/aflplusplus_lto_entropy/repo/afl-clang-lto linker (/usr/lib/llvm-18/bin/ld.lld) supports shared libraries... yes
#23 30.97 checking dynamic linker characteristics... GNU/Linux ld.so
#23 31.05 checking how to hardcode library paths into programs... immediate
#23 31.05 checking whether stripping libraries is possible... yes
#23 31.05 checking if libtool supports shared libraries... yes
#23 31.05 checking whether to build shared libraries... no
#23 31.05 checking whether to build static libraries... yes
#23 31.22 
#23 31.22 creating libtool
#23 31.25 appending configuration tag "CXX" to libtool
#23 31.38 checking for ld used by /magma/fuzzers/aflplusplus_lto_entropy/repo/afl-clang-lto++... /usr/lib/llvm-18/bin/ld.lld
#23 31.40 checking if the linker (/usr/lib/llvm-18/bin/ld.lld) is GNU ld... yes
#23 31.45 checking whether the /magma/fuzzers/aflplusplus_lto_entropy/repo/afl-clang-lto++ linker (/usr/lib/llvm-18/bin/ld.lld) supports shared libraries... yes
#23 31.59 checking for /magma/fuzzers/aflplusplus_lto_entropy/repo/afl-clang-lto++ option to produce PIC... -fPIC
#23 31.59 checking if /magma/fuzzers/aflplusplus_lto_entropy/repo/afl-clang-lto++ PIC flag -fPIC works... yes
#23 31.63 checking if /magma/fuzzers/aflplusplus_lto_entropy/repo/afl-clang-lto++ static flag -static works... yes
#23 31.74 checking if /magma/fuzzers/aflplusplus_lto_entropy/repo/afl-clang-lto++ supports -c -o file.o... yes
#23 31.79 checking whether the /magma/fuzzers/aflplusplus_lto_entropy/repo/afl-clang-lto++ linker (/usr/lib/llvm-18/bin/ld.lld) supports shared libraries... yes
#23 31.79 checking dynamic linker characteristics... GNU/Linux ld.so
#23 31.80 (cached) (cached) checking how to hardcode library paths into programs... immediate
#23 31.97 
#23 31.97 Generating files
#23 32.31 configure: patching main/php_config.h.in
#23 32.31 configure: creating ./config.status
#23 32.39 creating main/internal_functions.c
#23 32.43 creating main/internal_functions_cli.c
#23 32.48 config.status: creating main/build-defs.h
#23 32.50 config.status: creating scripts/phpize
#23 32.51 config.status: creating scripts/man1/phpize.1
#23 32.53 config.status: creating scripts/php-config
#23 32.54 config.status: creating scripts/man1/php-config.1
#23 32.56 config.status: creating sapi/cli/php.1
#23 32.57 config.status: creating ext/phar/phar.1
#23 32.59 config.status: creating ext/phar/phar.phar.1
#23 32.60 config.status: creating main/php_config.h
#23 32.61 config.status: executing default commands
#23 32.61 
#23 32.61 +--------------------------------------------------------------------+
#23 32.61 | License:                                                           |
#23 32.61 | This software is subject to the PHP License, available in this     |
#23 32.61 | distribution in the file LICENSE. By continuing this installation  |
#23 32.61 | process, you are bound by the terms of this license agreement.     |
#23 32.61 | If you do not agree with the terms of this license, you must abort |
#23 32.61 | the installation process at this point.                            |
#23 32.61 +--------------------------------------------------------------------+
#23 32.61 
#23 32.61 Thank you for using PHP.
#23 32.61 
#23 32.77 find . -name \*.gcno -o -name \*.gcda | xargs rm -f
#23 32.79 find . -name \*.lo -o -name \*.o -o -name \*.dep | xargs rm -f
#23 32.82 find . -name \*.la -o -name \*.a | xargs rm -f
#23 32.85 find . -name \*.so | xargs rm -f
#23 32.87 find . -name .libs -a -type d|xargs rm -rf
#23 32.89 rm -f libphp.la sapi/cli/php     modules/* libs/*
#23 32.90 rm -f ext/opcache/jit/zend_jit_x86.c
#23 32.90 rm -f ext/opcache/jit/zend_jit_arm64.c
#23 32.90 /magma/targets/php/repo/oniguruma /magma/targets/php/repo
#23 33.07 autoreconf: Entering directory `.'
#23 33.07 autoreconf: configure.ac: not using Gettext
#23 34.07 autoreconf: running: aclocal --force -I m4
#23 34.93 autoreconf: configure.ac: tracing
#23 35.23 autoreconf: running: libtoolize --copy --force
#23 35.39 libtoolize: putting auxiliary files in '.'.
#23 35.39 libtoolize: copying file './ltmain.sh'
#23 35.41 libtoolize: putting macros in AC_CONFIG_MACRO_DIRS, 'm4'.
#23 35.41 libtoolize: copying file 'm4/libtool.m4'
#23 35.43 libtoolize: copying file 'm4/ltoptions.m4'
#23 35.45 libtoolize: copying file 'm4/ltsugar.m4'
#23 35.47 libtoolize: copying file 'm4/ltversion.m4'
#23 35.49 libtoolize: copying file 'm4/lt~obsolete.m4'
#23 36.40 autoreconf: running: /usr/bin/autoconf --force
#23 36.76 autoreconf: running: /usr/bin/autoheader --force
#23 37.05 autoreconf: running: automake --add-missing --copy --force-missing
#23 37.50 configure.ac:58: installing './compile'
#23 37.51 configure.ac:6: installing './missing'
#23 37.56 sample/Makefile.am: installing './depcomp'
#23 37.68 autoreconf: Leaving directory `.'
#23 37.80 checking for a BSD-compatible install... /usr/bin/install -c
#23 37.81 checking whether build environment is sane... yes
#23 37.82 checking for a thread-safe mkdir -p... /bin/mkdir -p
#23 37.82 checking for gawk... no
#23 37.82 checking for mawk... mawk
#23 37.82 checking whether make sets $(MAKE)... yes
#23 37.83 checking whether make supports nested variables... yes
#23 37.84 checking for gcc... /magma/fuzzers/aflplusplus_lto_entropy/repo/afl-clang-lto
#23 37.97 checking whether the C compiler works... yes
#23 38.05 checking for C compiler default output file name... a.out
#23 38.05 checking for suffix of executables... 
#23 38.14 checking whether we are cross compiling... no
#23 38.23 checking for suffix of object files... o
#23 38.26 checking whether we are using the GNU C compiler... yes
#23 38.29 checking whether /magma/fuzzers/aflplusplus_lto_entropy/repo/afl-clang-lto accepts -g... yes
#23 38.32 checking for /magma/fuzzers/aflplusplus_lto_entropy/repo/afl-clang-lto option to accept ISO C89... none needed
#23 38.37 checking whether /magma/fuzzers/aflplusplus_lto_entropy/repo/afl-clang-lto understands -c and -o together... yes
#23 38.43 checking for style of include used by make... GNU
#23 38.44 checking dependency style of /magma/fuzzers/aflplusplus_lto_entropy/repo/afl-clang-lto... gcc3
#23 38.50 checking build system type... x86_64-pc-linux-gnu
#23 38.55 checking host system type... x86_64-pc-linux-gnu
#23 38.55 checking how to print strings... printf
#23 38.57 checking for a sed that does not truncate output... /bin/sed
#23 38.58 checking for grep that handles long lines and -e... /bin/grep
#23 38.58 checking for egrep... /bin/grep -E
#23 38.58 checking for fgrep... /bin/grep -F
#23 38.59 checking for ld used by /magma/fuzzers/aflplusplus_lto_entropy/repo/afl-clang-lto... /usr/lib/llvm-18/bin/ld.lld
#23 38.61 checking if the linker (/usr/lib/llvm-18/bin/ld.lld) is GNU ld... yes
#23 38.63 checking for BSD- or MS-compatible name lister (nm)... /usr/lib/llvm-18/bin/llvm-nm
#23 38.63 checking the name lister (/usr/lib/llvm-18/bin/llvm-nm) interface... BSD nm
#23 38.68 checking whether ln -s works... yes
#23 38.68 checking the maximum length of command line arguments... 1572864
#23 38.69 checking how to convert x86_64-pc-linux-gnu file names to x86_64-pc-linux-gnu format... func_convert_file_noop
#23 38.69 checking how to convert x86_64-pc-linux-gnu file names to toolchain format... func_convert_file_noop
#23 38.69 checking for /usr/lib/llvm-18/bin/ld.lld option to reload object files... -r
#23 38.69 checking for objdump... objdump
#23 38.69 checking how to recognize dependent libraries... pass_all
#23 38.69 checking for dlltool... no
#23 38.69 checking how to associate runtime and link libraries... printf %s\n
#23 38.69 checking for archiver @FILE support... @
#23 38.75 checking for strip... strip
#23 38.75 checking for ranlib... /usr/lib/llvm-18/bin/llvm-ranlib
#23 38.75 checking command to parse /usr/lib/llvm-18/bin/llvm-nm output from /magma/fuzzers/aflplusplus_lto_entropy/repo/afl-clang-lto object... ok
#23 38.93 checking for sysroot... no
#23 38.93 checking for a working dd... /bin/dd
#23 38.93 checking how to truncate binary pipes... /bin/dd bs=4096 count=1
#23 38.97 checking for mt... no
#23 38.97 checking if : is a manifest tool... no
#23 38.97 checking how to run the C preprocessor... /magma/fuzzers/aflplusplus_lto_entropy/repo/afl-clang-lto -E
#23 39.09 checking for ANSI C header files... yes
#23 39.32 checking for sys/types.h... yes
#23 39.37 checking for sys/stat.h... yes
#23 39.42 checking for stdlib.h... yes
#23 39.46 checking for string.h... yes
#23 39.51 checking for memory.h... yes
#23 39.56 checking for strings.h... yes
#23 39.61 checking for inttypes.h... yes
#23 39.66 checking for stdint.h... yes
#23 39.71 checking for unistd.h... yes
#23 39.75 checking for dlfcn.h... yes
#23 39.80 checking for objdir... .libs
#23 39.93 checking if /magma/fuzzers/aflplusplus_lto_entropy/repo/afl-clang-lto supports -fno-rtti -fno-exceptions... yes
#23 39.97 checking for /magma/fuzzers/aflplusplus_lto_entropy/repo/afl-clang-lto option to produce PIC... -fPIC -DPIC
#23 39.97 checking if /magma/fuzzers/aflplusplus_lto_entropy/repo/afl-clang-lto PIC flag -fPIC -DPIC works... yes
#23 40.01 checking if /magma/fuzzers/aflplusplus_lto_entropy/repo/afl-clang-lto static flag -static works... yes
#23 40.11 checking if /magma/fuzzers/aflplusplus_lto_entropy/repo/afl-clang-lto supports -c -o file.o... yes
#23 40.16 checking if /magma/fuzzers/aflplusplus_lto_entropy/repo/afl-clang-lto supports -c -o file.o... (cached) yes
#23 40.16 checking whether the /magma/fuzzers/aflplusplus_lto_entropy/repo/afl-clang-lto linker (/usr/lib/llvm-18/bin/ld.lld) supports shared libraries... yes
#23 40.22 checking dynamic linker characteristics... GNU/Linux ld.so
#23 40.39 checking how to hardcode library paths into programs... immediate
#23 40.39 checking whether stripping libraries is possible... yes
#23 40.39 checking if libtool supports shared libraries... yes
#23 40.39 checking whether to build shared libraries... no
#23 40.39 checking whether to build static libraries... yes
#23 40.39 checking whether make sets $(MAKE)... (cached) yes
#23 40.40 checking sys/time.h usability... yes
#23 40.44 checking sys/time.h presence... yes
#23 40.47 checking for sys/time.h... yes
#23 40.48 checking for unistd.h... (cached) yes
#23 40.49 checking sys/times.h usability... yes
#23 40.53 checking sys/times.h presence... yes
#23 40.57 checking for sys/times.h... yes
#23 40.57 checking size of int... 4
#23 40.68 checking size of long... 8
#23 40.79 checking size of long long... 8
#23 40.89 checking size of void*... 8
#23 41.00 checking for size_t... yes
#23 41.09 checking for working alloca.h... yes
#23 41.18 checking for alloca... yes
#23 41.30 checking that generated files are newer than configure... done
#23 41.30 configure: creating ./config.status
#23 41.76 config.status: creating Makefile
#23 41.77 config.status: creating src/Makefile
#23 41.78 config.status: creating test/Makefile
#23 41.80 config.status: creating sample/Makefile
#23 41.81 config.status: creating onig-config
#23 41.82 config.status: creating src/config.h
#23 41.83 config.status: executing depfiles commands
#23 41.99 config.status: executing libtool commands
#23 42.00 config.status: executing default commands
#23 42.03 Making all in src
#23 42.03 make[1]: Entering directory '/magma/targets/php/repo/oniguruma/src'
#23 42.03 make  all-am
#23 42.04 make[2]: Entering directory '/magma/targets/php/repo/oniguruma/src'
#23 42.04 /bin/bash ../libtool  --tag=CC   --mode=compile /magma/fuzzers/aflplusplus_lto_entropy/repo/afl-clang-lto -DHAVE_CONFIG_H -I.  -I..  -Wall   -g -O2 -MT regparse.lo -MD -MP -MF .deps/regparse.Tpo -c -o regparse.lo regparse.c
#23 42.04 /bin/bash ../libtool  --tag=CC   --mode=compile /magma/fuzzers/aflplusplus_lto_entropy/repo/afl-clang-lto -DHAVE_CONFIG_H -I.  -I..  -Wall   -g -O2 -MT regcomp.lo -MD -MP -MF .deps/regcomp.Tpo -c -o regcomp.lo regcomp.c
#23 42.04 /bin/bash ../libtool  --tag=CC   --mode=compile /magma/fuzzers/aflplusplus_lto_entropy/repo/afl-clang-lto -DHAVE_CONFIG_H -I.  -I..  -Wall   -g -O2 -MT regexec.lo -MD -MP -MF .deps/regexec.Tpo -c -o regexec.lo regexec.c
#23 42.04 /bin/bash ../libtool  --tag=CC   --mode=compile /magma/fuzzers/aflplusplus_lto_entropy/repo/afl-clang-lto -DHAVE_CONFIG_H -I.  -I..  -Wall   -g -O2 -MT regenc.lo -MD -MP -MF .deps/regenc.Tpo -c -o regenc.lo regenc.c
#23 42.04 /bin/bash ../libtool  --tag=CC   --mode=compile /magma/fuzzers/aflplusplus_lto_entropy/repo/afl-clang-lto -DHAVE_CONFIG_H -I.  -I..  -Wall   -g -O2 -MT regerror.lo -MD -MP -MF .deps/regerror.Tpo -c -o regerror.lo regerror.c
#23 42.04 /bin/bash ../libtool  --tag=CC   --mode=compile /magma/fuzzers/aflplusplus_lto_entropy/repo/afl-clang-lto -DHAVE_CONFIG_H -I.  -I..  -Wall   -g -O2 -MT regext.lo -MD -MP -MF .deps/regext.Tpo -c -o regext.lo regext.c
#23 42.04 /bin/bash ../libtool  --tag=CC   --mode=compile /magma/fuzzers/aflplusplus_lto_entropy/repo/afl-clang-lto -DHAVE_CONFIG_H -I.  -I..  -Wall   -g -O2 -MT regsyntax.lo -MD -MP -MF .deps/regsyntax.Tpo -c -o regsyntax.lo regsyntax.c
#23 42.04 /bin/bash ../libtool  --tag=CC   --mode=compile /magma/fuzzers/aflplusplus_lto_entropy/repo/afl-clang-lto -DHAVE_CONFIG_H -I.  -I..  -Wall   -g -O2 -MT regtrav.lo -MD -MP -MF .deps/regtrav.Tpo -c -o regtrav.lo regtrav.c
#23 42.04 /bin/bash ../libtool  --tag=CC   --mode=compile /magma/fuzzers/aflplusplus_lto_entropy/repo/afl-clang-lto -DHAVE_CONFIG_H -I.  -I..  -Wall   -g -O2 -MT regversion.lo -MD -MP -MF .deps/regversion.Tpo -c -o regversion.lo regversion.c
#23 42.04 /bin/bash ../libtool  --tag=CC   --mode=compile /magma/fuzzers/aflplusplus_lto_entropy/repo/afl-clang-lto -DHAVE_CONFIG_H -I.  -I..  -Wall   -g -O2 -MT st.lo -MD -MP -MF .deps/st.Tpo -c -o st.lo st.c
#23 42.04 /bin/bash ../libtool  --tag=CC   --mode=compile /magma/fuzzers/aflplusplus_lto_entropy/repo/afl-clang-lto -DHAVE_CONFIG_H -I.  -I..  -Wall   -g -O2 -MT reggnu.lo -MD -MP -MF .deps/reggnu.Tpo -c -o reggnu.lo reggnu.c
#23 42.04 /bin/bash ../libtool  --tag=CC   --mode=compile /magma/fuzzers/aflplusplus_lto_entropy/repo/afl-clang-lto -DHAVE_CONFIG_H -I.  -I..  -Wall   -g -O2 -MT unicode.lo -MD -MP -MF .deps/unicode.Tpo -c -o unicode.lo unicode.c
#23 42.04 /bin/bash ../libtool  --tag=CC   --mode=compile /magma/fuzzers/aflplusplus_lto_entropy/repo/afl-clang-lto -DHAVE_CONFIG_H -I.  -I..  -Wall   -g -O2 -MT unicode_unfold_key.lo -MD -MP -MF .deps/unicode_unfold_key.Tpo -c -o unicode_unfold_key.lo unicode_unfold_key.c
#23 42.04 /bin/bash ../libtool  --tag=CC   --mode=compile /magma/fuzzers/aflplusplus_lto_entropy/repo/afl-clang-lto -DHAVE_CONFIG_H -I.  -I..  -Wall   -g -O2 -MT unicode_fold1_key.lo -MD -MP -MF .deps/unicode_fold1_key.Tpo -c -o unicode_fold1_key.lo unicode_fold1_key.c
#23 42.04 /bin/bash ../libtool  --tag=CC   --mode=compile /magma/fuzzers/aflplusplus_lto_entropy/repo/afl-clang-lto -DHAVE_CONFIG_H -I.  -I..  -Wall   -g -O2 -MT unicode_fold2_key.lo -MD -MP -MF .deps/unicode_fold2_key.Tpo -c -o unicode_fold2_key.lo unicode_fold2_key.c
#23 42.04 /bin/bash ../libtool  --tag=CC   --mode=compile /magma/fuzzers/aflplusplus_lto_entropy/repo/afl-clang-lto -DHAVE_CONFIG_H -I.  -I..  -Wall   -g -O2 -MT unicode_fold3_key.lo -MD -MP -MF .deps/unicode_fold3_key.Tpo -c -o unicode_fold3_key.lo unicode_fold3_key.c
#23 42.04 /bin/bash ../libtool  --tag=CC   --mode=compile /magma/fuzzers/aflplusplus_lto_entropy/repo/afl-clang-lto -DHAVE_CONFIG_H -I.  -I..  -Wall   -g -O2 -MT ascii.lo -MD -MP -MF .deps/ascii.Tpo -c -o ascii.lo ascii.c
#23 42.04 /bin/bash ../libtool  --tag=CC   --mode=compile /magma/fuzzers/aflplusplus_lto_entropy/repo/afl-clang-lto -DHAVE_CONFIG_H -I.  -I..  -Wall   -g -O2 -MT utf8.lo -MD -MP -MF .deps/utf8.Tpo -c -o utf8.lo utf8.c
#23 42.04 /bin/bash ../libtool  --tag=CC   --mode=compile /magma/fuzzers/aflplusplus_lto_entropy/repo/afl-clang-lto -DHAVE_CONFIG_H -I.  -I..  -Wall   -g -O2 -MT utf16_be.lo -MD -MP -MF .deps/utf16_be.Tpo -c -o utf16_be.lo utf16_be.c
#23 42.04 /bin/bash ../libtool  --tag=CC   --mode=compile /magma/fuzzers/aflplusplus_lto_entropy/repo/afl-clang-lto -DHAVE_CONFIG_H -I.  -I..  -Wall   -g -O2 -MT utf16_le.lo -MD -MP -MF .deps/utf16_le.Tpo -c -o utf16_le.lo utf16_le.c
#23 42.04 /bin/bash ../libtool  --tag=CC   --mode=compile /magma/fuzzers/aflplusplus_lto_entropy/repo/afl-clang-lto -DHAVE_CONFIG_H -I.  -I..  -Wall   -g -O2 -MT utf32_be.lo -MD -MP -MF .deps/utf32_be.Tpo -c -o utf32_be.lo utf32_be.c
#23 42.04 /bin/bash ../libtool  --tag=CC   --mode=compile /magma/fuzzers/aflplusplus_lto_entropy/repo/afl-clang-lto -DHAVE_CONFIG_H -I.  -I..  -Wall   -g -O2 -MT utf32_le.lo -MD -MP -MF .deps/utf32_le.Tpo -c -o utf32_le.lo utf32_le.c
#23 42.04 /bin/bash ../libtool  --tag=CC   --mode=compile /magma/fuzzers/aflplusplus_lto_entropy/repo/afl-clang-lto -DHAVE_CONFIG_H -I.  -I..  -Wall   -g -O2 -MT euc_jp.lo -MD -MP -MF .deps/euc_jp.Tpo -c -o euc_jp.lo euc_jp.c
#23 42.04 /bin/bash ../libtool  --tag=CC   --mode=compile /magma/fuzzers/aflplusplus_lto_entropy/repo/afl-clang-lto -DHAVE_CONFIG_H -I.  -I..  -Wall   -g -O2 -MT euc_jp_prop.lo -MD -MP -MF .deps/euc_jp_prop.Tpo -c -o euc_jp_prop.lo euc_jp_prop.c
#23 42.05 /bin/bash ../libtool  --tag=CC   --mode=compile /magma/fuzzers/aflplusplus_lto_entropy/repo/afl-clang-lto -DHAVE_CONFIG_H -I.  -I..  -Wall   -g -O2 -MT sjis.lo -MD -MP -MF .deps/sjis.Tpo -c -o sjis.lo sjis.c
#23 42.05 /bin/bash ../libtool  --tag=CC   --mode=compile /magma/fuzzers/aflplusplus_lto_entropy/repo/afl-clang-lto -DHAVE_CONFIG_H -I.  -I..  -Wall   -g -O2 -MT sjis_prop.lo -MD -MP -MF .deps/sjis_prop.Tpo -c -o sjis_prop.lo sjis_prop.c
#23 42.05 /bin/bash ../libtool  --tag=CC   --mode=compile /magma/fuzzers/aflplusplus_lto_entropy/repo/afl-clang-lto -DHAVE_CONFIG_H -I.  -I..  -Wall   -g -O2 -MT iso8859_1.lo -MD -MP -MF .deps/iso8859_1.Tpo -c -o iso8859_1.lo iso8859_1.c
#23 42.05 /bin/bash ../libtool  --tag=CC   --mode=compile /magma/fuzzers/aflplusplus_lto_entropy/repo/afl-clang-lto -DHAVE_CONFIG_H -I.  -I..  -Wall   -g -O2 -MT iso8859_2.lo -MD -MP -MF .deps/iso8859_2.Tpo -c -o iso8859_2.lo iso8859_2.c
#23 42.05 /bin/bash ../libtool  --tag=CC   --mode=compile /magma/fuzzers/aflplusplus_lto_entropy/repo/afl-clang-lto -DHAVE_CONFIG_H -I.  -I..  -Wall   -g -O2 -MT iso8859_3.lo -MD -MP -MF .deps/iso8859_3.Tpo -c -o iso8859_3.lo iso8859_3.c
#23 42.05 /bin/bash ../libtool  --tag=CC   --mode=compile /magma/fuzzers/aflplusplus_lto_entropy/repo/afl-clang-lto -DHAVE_CONFIG_H -I.  -I..  -Wall   -g -O2 -MT iso8859_4.lo -MD -MP -MF .deps/iso8859_4.Tpo -c -o iso8859_4.lo iso8859_4.c
#23 42.05 /bin/bash ../libtool  --tag=CC   --mode=compile /magma/fuzzers/aflplusplus_lto_entropy/repo/afl-clang-lto -DHAVE_CONFIG_H -I.  -I..  -Wall   -g -O2 -MT iso8859_5.lo -MD -MP -MF .deps/iso8859_5.Tpo -c -o iso8859_5.lo iso8859_5.c
#23 42.05 /bin/bash ../libtool  --tag=CC   --mode=compile /magma/fuzzers/aflplusplus_lto_entropy/repo/afl-clang-lto -DHAVE_CONFIG_H -I.  -I..  -Wall   -g -O2 -MT iso8859_6.lo -MD -MP -MF .deps/iso8859_6.Tpo -c -o iso8859_6.lo iso8859_6.c
#23 42.05 /bin/bash ../libtool  --tag=CC   --mode=compile /magma/fuzzers/aflplusplus_lto_entropy/repo/afl-clang-lto -DHAVE_CONFIG_H -I.  -I..  -Wall   -g -O2 -MT iso8859_7.lo -MD -MP -MF .deps/iso8859_7.Tpo -c -o iso8859_7.lo iso8859_7.c
#23 42.05 /bin/bash ../libtool  --tag=CC   --mode=compile /magma/fuzzers/aflplusplus_lto_entropy/repo/afl-clang-lto -DHAVE_CONFIG_H -I.  -I..  -Wall   -g -O2 -MT iso8859_8.lo -MD -MP -MF .deps/iso8859_8.Tpo -c -o iso8859_8.lo iso8859_8.c
#23 42.05 /bin/bash ../libtool  --tag=CC   --mode=compile /magma/fuzzers/aflplusplus_lto_entropy/repo/afl-clang-lto -DHAVE_CONFIG_H -I.  -I..  -Wall   -g -O2 -MT iso8859_9.lo -MD -MP -MF .deps/iso8859_9.Tpo -c -o iso8859_9.lo iso8859_9.c
#23 42.05 /bin/bash ../libtool  --tag=CC   --mode=compile /magma/fuzzers/aflplusplus_lto_entropy/repo/afl-clang-lto -DHAVE_CONFIG_H -I.  -I..  -Wall   -g -O2 -MT iso8859_10.lo -MD -MP -MF .deps/iso8859_10.Tpo -c -o iso8859_10.lo iso8859_10.c
#23 42.05 /bin/bash ../libtool  --tag=CC   --mode=compile /magma/fuzzers/aflplusplus_lto_entropy/repo/afl-clang-lto -DHAVE_CONFIG_H -I.  -I..  -Wall   -g -O2 -MT iso8859_11.lo -MD -MP -MF .deps/iso8859_11.Tpo -c -o iso8859_11.lo iso8859_11.c
#23 42.05 /bin/bash ../libtool  --tag=CC   --mode=compile /magma/fuzzers/aflplusplus_lto_entropy/repo/afl-clang-lto -DHAVE_CONFIG_H -I.  -I..  -Wall   -g -O2 -MT iso8859_13.lo -MD -MP -MF .deps/iso8859_13.Tpo -c -o iso8859_13.lo iso8859_13.c
#23 42.05 /bin/bash ../libtool  --tag=CC   --mode=compile /magma/fuzzers/aflplusplus_lto_entropy/repo/afl-clang-lto -DHAVE_CONFIG_H -I.  -I..  -Wall   -g -O2 -MT iso8859_14.lo -MD -MP -MF .deps/iso8859_14.Tpo -c -o iso8859_14.lo iso8859_14.c
#23 42.05 /bin/bash ../libtool  --tag=CC   --mode=compile /magma/fuzzers/aflplusplus_lto_entropy/repo/afl-clang-lto -DHAVE_CONFIG_H -I.  -I..  -Wall   -g -O2 -MT iso8859_15.lo -MD -MP -MF .deps/iso8859_15.Tpo -c -o iso8859_15.lo iso8859_15.c
#23 42.05 /bin/bash ../libtool  --tag=CC   --mode=compile /magma/fuzzers/aflplusplus_lto_entropy/repo/afl-clang-lto -DHAVE_CONFIG_H -I.  -I..  -Wall   -g -O2 -MT iso8859_16.lo -MD -MP -MF .deps/iso8859_16.Tpo -c -o iso8859_16.lo iso8859_16.c
#23 42.05 /bin/bash ../libtool  --tag=CC   --mode=compile /magma/fuzzers/aflplusplus_lto_entropy/repo/afl-clang-lto -DHAVE_CONFIG_H -I.  -I..  -Wall   -g -O2 -MT euc_tw.lo -MD -MP -MF .deps/euc_tw.Tpo -c -o euc_tw.lo euc_tw.c
#23 42.05 /bin/bash ../libtool  --tag=CC   --mode=compile /magma/fuzzers/aflplusplus_lto_entropy/repo/afl-clang-lto -DHAVE_CONFIG_H -I.  -I..  -Wall   -g -O2 -MT euc_kr.lo -MD -MP -MF .deps/euc_kr.Tpo -c -o euc_kr.lo euc_kr.c
#23 42.05 /bin/bash ../libtool  --tag=CC   --mode=compile /magma/fuzzers/aflplusplus_lto_entropy/repo/afl-clang-lto -DHAVE_CONFIG_H -I.  -I..  -Wall   -g -O2 -MT big5.lo -MD -MP -MF .deps/big5.Tpo -c -o big5.lo big5.c
#23 42.05 /bin/bash ../libtool  --tag=CC   --mode=compile /magma/fuzzers/aflplusplus_lto_entropy/repo/afl-clang-lto -DHAVE_CONFIG_H -I.  -I..  -Wall   -g -O2 -MT gb18030.lo -MD -MP -MF .deps/gb18030.Tpo -c -o gb18030.lo gb18030.c
#23 42.05 /bin/bash ../libtool  --tag=CC   --mode=compile /magma/fuzzers/aflplusplus_lto_entropy/repo/afl-clang-lto -DHAVE_CONFIG_H -I.  -I..  -Wall   -g -O2 -MT koi8_r.lo -MD -MP -MF .deps/koi8_r.Tpo -c -o koi8_r.lo koi8_r.c
#23 42.05 /bin/bash ../libtool  --tag=CC   --mode=compile /magma/fuzzers/aflplusplus_lto_entropy/repo/afl-clang-lto -DHAVE_CONFIG_H -I.  -I..  -Wall   -g -O2 -MT cp1251.lo -MD -MP -MF .deps/cp1251.Tpo -c -o cp1251.lo cp1251.c
#23 42.05 /bin/bash ../libtool  --tag=CC   --mode=compile /magma/fuzzers/aflplusplus_lto_entropy/repo/afl-clang-lto -DHAVE_CONFIG_H -I.  -I..  -Wall   -g -O2 -MT onig_init.lo -MD -MP -MF .deps/onig_init.Tpo -c -o onig_init.lo onig_init.c
#23 42.08 libtool: compile:  /magma/fuzzers/aflplusplus_lto_entropy/repo/afl-clang-lto -DHAVE_CONFIG_H -I. -I.. -Wall -g -O2 -MT regext.lo -MD -MP -MF .deps/regext.Tpo -c regext.c -o regext.o
#23 42.08 libtool: compile:  /magma/fuzzers/aflplusplus_lto_entropy/repo/afl-clang-lto -DHAVE_CONFIG_H -I. -I.. -Wall -g -O2 -MT regversion.lo -MD -MP -MF .deps/regversion.Tpo -c regversion.c -o regversion.o
#23 42.08 libtool: compile:  /magma/fuzzers/aflplusplus_lto_entropy/repo/afl-clang-lto -DHAVE_CONFIG_H -I. -I.. -Wall -g -O2 -MT utf16_le.lo -MD -MP -MF .deps/utf16_le.Tpo -c utf16_le.c -o utf16_le.o
#23 42.08 libtool: compile:  /magma/fuzzers/aflplusplus_lto_entropy/repo/afl-clang-lto -DHAVE_CONFIG_H -I. -I.. -Wall -g -O2 -MT regparse.lo -MD -MP -MF .deps/regparse.Tpo -c regparse.c -o regparse.o
#23 42.09 libtool: compile:  /magma/fuzzers/aflplusplus_lto_entropy/repo/afl-clang-lto -DHAVE_CONFIG_H -I. -I.. -Wall -g -O2 -MT regenc.lo -MD -MP -MF .deps/regenc.Tpo -c regenc.c -o regenc.o
#23 42.09 libtool: compile:  /magma/fuzzers/aflplusplus_lto_entropy/repo/afl-clang-lto -DHAVE_CONFIG_H -I. -I.. -Wall -g -O2 -MT regcomp.lo -MD -MP -MF .deps/regcomp.Tpo -c regcomp.c -o regcomp.o
#23 42.09 libtool: compile:  /magma/fuzzers/aflplusplus_lto_entropy/repo/afl-clang-lto -DHAVE_CONFIG_H -I. -I.. -Wall -g -O2 -MT regsyntax.lo -MD -MP -MF .deps/regsyntax.Tpo -c regsyntax.c -o regsyntax.o
#23 42.09 libtool: compile:  /magma/fuzzers/aflplusplus_lto_entropy/repo/afl-clang-lto -DHAVE_CONFIG_H -I. -I.. -Wall -g -O2 -MT regerror.lo -MD -MP -MF .deps/regerror.Tpo -c regerror.c -o regerror.o
#23 42.09 libtool: compile:  /magma/fuzzers/aflplusplus_lto_entropy/repo/afl-clang-lto -DHAVE_CONFIG_H -I. -I.. -Wall -g -O2 -MT st.lo -MD -MP -MF .deps/st.Tpo -c st.c -o st.o
#23 42.09 libtool: compile:  /magma/fuzzers/aflplusplus_lto_entropy/repo/afl-clang-lto -DHAVE_CONFIG_H -I. -I.. -Wall -g -O2 -MT iso8859_8.lo -MD -MP -MF .deps/iso8859_8.Tpo -c iso8859_8.c -o iso8859_8.o
#23 42.09 libtool: compile:  /magma/fuzzers/aflplusplus_lto_entropy/repo/afl-clang-lto -DHAVE_CONFIG_H -I. -I.. -Wall -g -O2 -MT euc_kr.lo -MD -MP -MF .deps/euc_kr.Tpo -c euc_kr.c -o euc_kr.o
#23 42.09 libtool: compile:  /magma/fuzzers/aflplusplus_lto_entropy/repo/afl-clang-lto -DHAVE_CONFIG_H -I. -I.. -Wall -g -O2 -MT regexec.lo -MD -MP -MF .deps/regexec.Tpo -c regexec.c -o regexec.o
#23 42.09 libtool: compile:  /magma/fuzzers/aflplusplus_lto_entropy/repo/afl-clang-lto -DHAVE_CONFIG_H -I. -I.. -Wall -g -O2 -MT unicode.lo -MD -MP -MF .deps/unicode.Tpo -c unicode.c -o unicode.o
#23 42.09 libtool: compile:  /magma/fuzzers/aflplusplus_lto_entropy/repo/afl-clang-lto -DHAVE_CONFIG_H -I. -I.. -Wall -g -O2 -MT reggnu.lo -MD -MP -MF .deps/reggnu.Tpo -c reggnu.c -o reggnu.o
#23 42.09 libtool: compile:  /magma/fuzzers/aflplusplus_lto_entropy/repo/afl-clang-lto -DHAVE_CONFIG_H -I. -I.. -Wall -g -O2 -MT unicode_fold2_key.lo -MD -MP -MF .deps/unicode_fold2_key.Tpo -c unicode_fold2_key.c -o unicode_fold2_key.o
#23 42.09 libtool: compile:  /magma/fuzzers/aflplusplus_lto_entropy/repo/afl-clang-lto -DHAVE_CONFIG_H -I. -I.. -Wall -g -O2 -MT unicode_fold1_key.lo -MD -MP -MF .deps/unicode_fold1_key.Tpo -c unicode_fold1_key.c -o unicode_fold1_key.o
#23 42.09 libtool: compile:  /magma/fuzzers/aflplusplus_lto_entropy/repo/afl-clang-lto -DHAVE_CONFIG_H -I. -I.. -Wall -g -O2 -MT unicode_unfold_key.lo -MD -MP -MF .deps/unicode_unfold_key.Tpo -c unicode_unfold_key.c -o unicode_unfold_key.o
#23 42.09 libtool: compile:  /magma/fuzzers/aflplusplus_lto_entropy/repo/afl-clang-lto -DHAVE_CONFIG_H -I. -I.. -Wall -g -O2 -MT regtrav.lo -MD -MP -MF .deps/regtrav.Tpo -c regtrav.c -o regtrav.o
#23 42.09 libtool: compile:  /magma/fuzzers/aflplusplus_lto_entropy/repo/afl-clang-lto -DHAVE_CONFIG_H -I. -I.. -Wall -g -O2 -MT sjis.lo -MD -MP -MF .deps/sjis.Tpo -c sjis.c -o sjis.o
#23 42.09 libtool: compile:  /magma/fuzzers/aflplusplus_lto_entropy/repo/afl-clang-lto -DHAVE_CONFIG_H -I. -I.. -Wall -g -O2 -MT euc_jp.lo -MD -MP -MF .deps/euc_jp.Tpo -c euc_jp.c -o euc_jp.o
#23 42.09 libtool: compile:  /magma/fuzzers/aflplusplus_lto_entropy/repo/afl-clang-lto -DHAVE_CONFIG_H -I. -I.. -Wall -g -O2 -MT utf8.lo -MD -MP -MF .deps/utf8.Tpo -c utf8.c -o utf8.o
#23 42.09 libtool: compile:  /magma/fuzzers/aflplusplus_lto_entropy/repo/afl-clang-lto -DHAVE_CONFIG_H -I. -I.. -Wall -g -O2 -MT iso8859_1.lo -MD -MP -MF .deps/iso8859_1.Tpo -c iso8859_1.c -o iso8859_1.o
#23 42.09 libtool: compile:  /magma/fuzzers/aflplusplus_lto_entropy/repo/afl-clang-lto -DHAVE_CONFIG_H -I. -I.. -Wall -g -O2 -MT utf32_be.lo -MD -MP -MF .deps/utf32_be.Tpo -c utf32_be.c -o utf32_be.o
#23 42.09 libtool: compile:  /magma/fuzzers/aflplusplus_lto_entropy/repo/afl-clang-lto -DHAVE_CONFIG_H -I. -I.. -Wall -g -O2 -MT unicode_fold3_key.lo -MD -MP -MF .deps/unicode_fold3_key.Tpo -c unicode_fold3_key.c -o unicode_fold3_key.o
#23 42.09 libtool: compile:  /magma/fuzzers/aflplusplus_lto_entropy/repo/afl-clang-lto -DHAVE_CONFIG_H -I. -I.. -Wall -g -O2 -MT ascii.lo -MD -MP -MF .deps/ascii.Tpo -c ascii.c -o ascii.o
#23 42.09 libtool: compile:  /magma/fuzzers/aflplusplus_lto_entropy/repo/afl-clang-lto -DHAVE_CONFIG_H -I. -I.. -Wall -g -O2 -MT iso8859_4.lo -MD -MP -MF .deps/iso8859_4.Tpo -c iso8859_4.c -o iso8859_4.o
#23 42.09 libtool: compile:  /magma/fuzzers/aflplusplus_lto_entropy/repo/afl-clang-lto -DHAVE_CONFIG_H -I. -I.. -Wall -g -O2 -MT utf16_be.lo -MD -MP -MF .deps/utf16_be.Tpo -c utf16_be.c -o utf16_be.o
#23 42.10 libtool: compile:  /magma/fuzzers/aflplusplus_lto_entropy/repo/afl-clang-lto -DHAVE_CONFIG_H -I. -I.. -Wall -g -O2 -MT sjis_prop.lo -MD -MP -MF .deps/sjis_prop.Tpo -c sjis_prop.c -o sjis_prop.o
#23 42.10 libtool: compile:  /magma/fuzzers/aflplusplus_lto_entropy/repo/afl-clang-lto -DHAVE_CONFIG_H -I. -I.. -Wall -g -O2 -MT iso8859_5.lo -MD -MP -MF .deps/iso8859_5.Tpo -c iso8859_5.c -o iso8859_5.o
#23 42.10 libtool: compile:  /magma/fuzzers/aflplusplus_lto_entropy/repo/afl-clang-lto -DHAVE_CONFIG_H -I. -I.. -Wall -g -O2 -MT utf32_le.lo -MD -MP -MF .deps/utf32_le.Tpo -c utf32_le.c -o utf32_le.o
#23 42.10 libtool: compile:  /magma/fuzzers/aflplusplus_lto_entropy/repo/afl-clang-lto -DHAVE_CONFIG_H -I. -I.. -Wall -g -O2 -MT iso8859_2.lo -MD -MP -MF .deps/iso8859_2.Tpo -c iso8859_2.c -o iso8859_2.o
#23 42.10 libtool: compile:  /magma/fuzzers/aflplusplus_lto_entropy/repo/afl-clang-lto -DHAVE_CONFIG_H -I. -I.. -Wall -g -O2 -MT euc_jp_prop.lo -MD -MP -MF .deps/euc_jp_prop.Tpo -c euc_jp_prop.c -o euc_jp_prop.o
#23 42.10 libtool: compile:  /magma/fuzzers/aflplusplus_lto_entropy/repo/afl-clang-lto -DHAVE_CONFIG_H -I. -I.. -Wall -g -O2 -MT iso8859_7.lo -MD -MP -MF .deps/iso8859_7.Tpo -c iso8859_7.c -o iso8859_7.o
#23 42.10 libtool: compile:  /magma/fuzzers/aflplusplus_lto_entropy/repo/afl-clang-lto -DHAVE_CONFIG_H -I. -I.. -Wall -g -O2 -MT iso8859_3.lo -MD -MP -MF .deps/iso8859_3.Tpo -c iso8859_3.c -o iso8859_3.o
#23 42.10 libtool: compile:  /magma/fuzzers/aflplusplus_lto_entropy/repo/afl-clang-lto -DHAVE_CONFIG_H -I. -I.. -Wall -g -O2 -MT euc_tw.lo -MD -MP -MF .deps/euc_tw.Tpo -c euc_tw.c -o euc_tw.o
#23 42.10 libtool: compile:  /magma/fuzzers/aflplusplus_lto_entropy/repo/afl-clang-lto -DHAVE_CONFIG_H -I. -I.. -Wall -g -O2 -MT iso8859_6.lo -MD -MP -MF .deps/iso8859_6.Tpo -c iso8859_6.c -o iso8859_6.o
#23 42.10 libtool: compile:  /magma/fuzzers/aflplusplus_lto_entropy/repo/afl-clang-lto -DHAVE_CONFIG_H -I. -I.. -Wall -g -O2 -MT iso8859_11.lo -MD -MP -MF .deps/iso8859_11.Tpo -c iso8859_11.c -o iso8859_11.o
#23 42.10 libtool: compile:  /magma/fuzzers/aflplusplus_lto_entropy/repo/afl-clang-lto -DHAVE_CONFIG_H -I. -I.. -Wall -g -O2 -MT iso8859_9.lo -MD -MP -MF .deps/iso8859_9.Tpo -c iso8859_9.c -o iso8859_9.o
#23 42.10 libtool: compile:  /magma/fuzzers/aflplusplus_lto_entropy/repo/afl-clang-lto -DHAVE_CONFIG_H -I. -I.. -Wall -g -O2 -MT iso8859_15.lo -MD -MP -MF .deps/iso8859_15.Tpo -c iso8859_15.c -o iso8859_15.o
#23 42.10 libtool: compile:  /magma/fuzzers/aflplusplus_lto_entropy/repo/afl-clang-lto -DHAVE_CONFIG_H -I. -I.. -Wall -g -O2 -MT iso8859_13.lo -MD -MP -MF .deps/iso8859_13.Tpo -c iso8859_13.c -o iso8859_13.o
#23 42.10 libtool: compile:  /magma/fuzzers/aflplusplus_lto_entropy/repo/afl-clang-lto -DHAVE_CONFIG_H -I. -I.. -Wall -g -O2 -MT gb18030.lo -MD -MP -MF .deps/gb18030.Tpo -c gb18030.c -o gb18030.o
#23 42.10 libtool: compile:  /magma/fuzzers/aflplusplus_lto_entropy/repo/afl-clang-lto -DHAVE_CONFIG_H -I. -I.. -Wall -g -O2 -MT cp1251.lo -MD -MP -MF .deps/cp1251.Tpo -c cp1251.c -o cp1251.o
#23 42.10 libtool: compile:  /magma/fuzzers/aflplusplus_lto_entropy/repo/afl-clang-lto -DHAVE_CONFIG_H -I. -I.. -Wall -g -O2 -MT iso8859_10.lo -MD -MP -MF .deps/iso8859_10.Tpo -c iso8859_10.c -o iso8859_10.o
#23 42.10 libtool: compile:  /magma/fuzzers/aflplusplus_lto_entropy/repo/afl-clang-lto -DHAVE_CONFIG_H -I. -I.. -Wall -g -O2 -MT iso8859_16.lo -MD -MP -MF .deps/iso8859_16.Tpo -c iso8859_16.c -o iso8859_16.o
#23 42.10 libtool: compile:  /magma/fuzzers/aflplusplus_lto_entropy/repo/afl-clang-lto -DHAVE_CONFIG_H -I. -I.. -Wall -g -O2 -MT onig_init.lo -MD -MP -MF .deps/onig_init.Tpo -c onig_init.c -o onig_init.o
#23 42.10 libtool: compile:  /magma/fuzzers/aflplusplus_lto_entropy/repo/afl-clang-lto -DHAVE_CONFIG_H -I. -I.. -Wall -g -O2 -MT iso8859_14.lo -MD -MP -MF .deps/iso8859_14.Tpo -c iso8859_14.c -o iso8859_14.o
#23 42.11 libtool: compile:  /magma/fuzzers/aflplusplus_lto_entropy/repo/afl-clang-lto -DHAVE_CONFIG_H -I. -I.. -Wall -g -O2 -MT koi8_r.lo -MD -MP -MF .deps/koi8_r.Tpo -c koi8_r.c -o koi8_r.o
#23 42.11 libtool: compile:  /magma/fuzzers/aflplusplus_lto_entropy/repo/afl-clang-lto -DHAVE_CONFIG_H -I. -I.. -Wall -g -O2 -MT big5.lo -MD -MP -MF .deps/big5.Tpo -c big5.c -o big5.o
#23 42.13 mv -f .deps/iso8859_8.Tpo .deps/iso8859_8.Plo
#23 42.13 mv -f .deps/euc_kr.Tpo .deps/euc_kr.Plo
#23 42.13 mv -f .deps/iso8859_3.Tpo .deps/iso8859_3.Plo
#23 42.14 st.c:101:1: warning: a function definition without a prototype is deprecated in all versions of C and is not supported in C23 [-Wdeprecated-non-prototype]
#23 42.14   101 | new_size(size)
#23 42.14       | ^
#23 42.14 st.c:140:1: warning: a function definition without a prototype is deprecated in all versions of C and is not supported in C23 [-Wdeprecated-non-prototype]
#23 42.14   140 | st_init_table_with_size(type, size)
#23 42.14       | ^
#23 42.14 ./regint.h:219:37: note: expanded from macro 'st_init_table_with_size'
#23 42.14   219 | #define st_init_table_with_size     onig_st_init_table_with_size
#23 42.14       |                                     ^
#23 42.14 st.c:172:1: warning: a function definition without a prototype is deprecated in all versions of C and is not supported in C23 [-Wdeprecated-non-prototype]
#23 42.14   172 | st_init_table(type)
#23 42.14       | ^
#23 42.14 ./regint.h:218:37: note: expanded from macro 'st_init_table'
#23 42.14   218 | #define st_init_table               onig_st_init_table
#23 42.14       |                                     ^
#23 42.14 st.c:185:1: warning: a function definition without a prototype is deprecated in all versions of C and is not supported in C23 [-Wdeprecated-non-prototype]
#23 42.14   185 | st_init_numtable_with_size(size)
#23 42.14       | ^
#23 42.14 ./regint.h:221:37: note: expanded from macro 'st_init_numtable_with_size'
#23 42.14   221 | #define st_init_numtable_with_size  onig_st_init_numtable_with_size
#23 42.14       |                                     ^
#23 42.14 st.c:198:1: warning: a function definition without a prototype is deprecated in all versions of C and is not supported in C23 [-Wdeprecated-non-prototype]
#23 42.14   198 | st_init_strtable_with_size(size)
#23 42.14       | ^
#23 42.14 ./regint.h:223:37: note: expanded from macro 'st_init_strtable_with_size'
#23 42.14   223 | #define st_init_strtable_with_size  onig_st_init_strtable_with_size
#23 42.14       |                                     ^
#23 42.14 st.c:205:1: warning: a function definition without a prototype is deprecated in all versions of C and is not supported in C23 [-Wdeprecated-non-prototype]
#23 42.14   205 | st_free_table(table)
#23 42.14       | ^
#23 42.14 ./regint.h:230:37: note: expanded from macro 'st_free_table'
#23 42.14   230 | #define st_free_table               onig_st_free_table
#23 42.14       |                                     ^
#23 42.14 st.c:245:1: warning: a function definition without a prototype is deprecated in all versions of C and is not supported in C23 [-Wdeprecated-non-prototype]
#23 42.14   245 | st_lookup(table, key, value)
#23 42.14       | ^
#23 42.14 ./regint.h:227:37: note: expanded from macro 'st_lookup'
#23 42.14   227 | #define st_lookup                   onig_st_lookup
#23 42.14       |                                     ^
#23 42.14 st.c:253:14: warning: passing arguments to a function without a prototype is deprecated in all versions of C and is not supported in C23 [-Wdeprecated-non-prototype]
#23 42.14   253 |   hash_val = do_hash(key, table);
#23 42.14       |              ^
#23 42.14 st.c:56:64: note: expanded from macro 'do_hash'
#23 42.14    56 | #define do_hash(key,table) (unsigned int)(*(table)->type->hash)((key))
#23 42.14       |                                                                ^
#23 42.14 st.c:254:3: warning: passing arguments to a function without a prototype is deprecated in all versions of C and is not supported in C23 [-Wdeprecated-non-prototype]
#23 42.14   254 |   FIND_ENTRY(table, ptr, hash_val, bin_pos);
#23 42.14       |   ^
#23 42.14 st.c:235:9: note: expanded from macro 'FIND_ENTRY'
#23 42.14   235 |     if (PTR_NOT_EQUAL(table, ptr, hash_val, key)) {\
#23 42.14       |         ^
#23 42.14 st.c:224:45: note: expanded from macro 'PTR_NOT_EQUAL'
#23 42.14   224 | ((ptr) != 0 && (ptr->hash != (hash_val) || !EQUAL((table), (key), (ptr)->key)))
#23 42.14       |                                             ^
#23 42.14 st.c:54:62: note: expanded from macro 'EQUAL'
#23 42.14    54 | #define EQUAL(table,x,y) ((x)==(y) || (*table->type->compare)((x),(y)) == 0)
#23 42.14       |                                                              ^
#23 42.14 st.c:254:3: warning: passing arguments to a function without a prototype is deprecated in all versions of C and is not supported in C23 [-Wdeprecated-non-prototype]
#23 42.14 st.c:237:14: note: expanded from macro 'FIND_ENTRY'
#23 42.14   237 |       while (PTR_NOT_EQUAL(table, ptr->next, hash_val, key)) {\
#23 42.14       |              ^
#23 42.14 st.c:224:45: note: expanded from macro 'PTR_NOT_EQUAL'
#23 42.14   224 | ((ptr) != 0 && (ptr->hash != (hash_val) || !EQUAL((table), (key), (ptr)->key)))
#23 42.14       |                                             ^
#23 42.14 st.c:54:62: note: expanded from macro 'EQUAL'
#23 42.14    54 | #define EQUAL(table,x,y) ((x)==(y) || (*table->type->compare)((x),(y)) == 0)
#23 42.14       |                                                              ^
#23 42.14 mv -f .deps/iso8859_6.Tpo .deps/iso8859_6.Plo
#23 42.14 mv -f .deps/iso8859_11.Tpo .deps/iso8859_11.Plo
#23 42.14 st.c:283:1: warning: a function definition without a prototype is deprecated in all versions of C and is not supported in C23 [-Wdeprecated-non-prototype]
#23 42.14   283 | st_insert(table, key, value)
#23 42.14       | ^
#23 42.14 ./regint.h:226:37: note: expanded from macro 'st_insert'
#23 42.14   226 | #define st_insert                   onig_st_insert
#23 42.14       |                                     ^
#23 42.14 st.c:291:14: warning: passing arguments to a function without a prototype is deprecated in all versions of C and is not supported in C23 [-Wdeprecated-non-prototype]
#23 42.14   291 |   hash_val = do_hash(key, table);
#23 42.14       |              ^
#23 42.14 st.c:56:64: note: expanded from macro 'do_hash'
#23 42.14    56 | #define do_hash(key,table) (unsigned int)(*(table)->type->hash)((key))
#23 42.14       |                                                                ^
#23 42.14 st.c:292:3: warning: passing arguments to a function without a prototype is deprecated in all versions of C and is not supported in C23 [-Wdeprecated-non-prototype]
#23 42.14   292 |   FIND_ENTRY(table, ptr, hash_val, bin_pos);
#23 42.14       |   ^
#23 42.14 st.c:235:9: note: expanded from macro 'FIND_ENTRY'
#23 42.14   235 |     if (PTR_NOT_EQUAL(table, ptr, hash_val, key)) {\
#23 42.14       |         ^
#23 42.14 st.c:224:45: note: expanded from macro 'PTR_NOT_EQUAL'
#23 42.14   224 | ((ptr) != 0 && (ptr->hash != (hash_val) || !EQUAL((table), (key), (ptr)->key)))
#23 42.14       |                                             ^
#23 42.14 st.c:54:62: note: expanded from macro 'EQUAL'
#23 42.14    54 | #define EQUAL(table,x,y) ((x)==(y) || (*table->type->compare)((x),(y)) == 0)
#23 42.14       |                                                              ^
#23 42.14 st.c:292:3: warning: passing arguments to a function without a prototype is deprecated in all versions of C and is not supported in C23 [-Wdeprecated-non-prototype]
#23 42.14 st.c:237:14: note: expanded from macro 'FIND_ENTRY'
#23 42.14   237 |       while (PTR_NOT_EQUAL(table, ptr->next, hash_val, key)) {\
#23 42.14       |              ^
#23 42.14 st.c:224:45: note: expanded from macro 'PTR_NOT_EQUAL'
#23 42.14   224 | ((ptr) != 0 && (ptr->hash != (hash_val) || !EQUAL((table), (key), (ptr)->key)))
#23 42.14       |                                             ^
#23 42.14 st.c:54:62: note: expanded from macro 'EQUAL'
#23 42.14    54 | #define EQUAL(table,x,y) ((x)==(y) || (*table->type->compare)((x),(y)) == 0)
#23 42.14       |                                                              ^
#23 42.14 st.c:305:1: warning: a function definition without a prototype is deprecated in all versions of C and is not supported in C23 [-Wdeprecated-non-prototype]
#23 42.14   305 | st_add_direct(table, key, value)
#23 42.14       | ^
#23 42.14 ./regint.h:229:37: note: expanded from macro 'st_add_direct'
#23 42.14   229 | #define st_add_direct               onig_st_add_direct
#23 42.14       |                                     ^
#23 42.14 st.c:312:14: warning: passing arguments to a function without a prototype is deprecated in all versions of C and is not supported in C23 [-Wdeprecated-non-prototype]
#23 42.14   312 |   hash_val = do_hash(key, table);
#23 42.14       |              ^
#23 42.14 st.c:56:64: note: expanded from macro 'do_hash'
#23 42.14    56 | #define do_hash(key,table) (unsigned int)(*(table)->type->hash)((key))
#23 42.14       |                                                                ^
#23 42.14 st.c:318:1: warning: a function definition without a prototype is deprecated in all versions of C and is not supported in C23 [-Wdeprecated-non-prototype]
#23 42.14   318 | rehash(table)
#23 42.14       | ^
#23 42.14 mv -f .deps/utf32_be.Tpo .deps/utf32_be.Plo
#23 42.14 st.c:350:1: warning: a function definition without a prototype is deprecated in all versions of C and is not supported in C23 [-Wdeprecated-non-prototype]
#23 42.14   350 | st_copy(old_table)
#23 42.14       | ^
#23 42.14 ./regint.h:232:37: note: expanded from macro 'st_copy'
#23 42.14   232 | #define st_copy                     onig_st_copy
#23 42.14       |                                     ^
#23 42.14 mv -f .deps/utf32_le.Tpo .deps/utf32_le.Plo
#23 42.14 mv -f .deps/ascii.Tpo .deps/ascii.Plo
#23 42.14 mv -f .deps/regext.Tpo .deps/regext.Plo
#23 42.14 mv -f .deps/iso8859_5.Tpo .deps/iso8859_5.Plo
#23 42.14 mv -f .deps/iso8859_7.Tpo .deps/iso8859_7.Plo
#23 42.15 st.c:391:1: warning: a function definition without a prototype is deprecated in all versions of C and is not supported in C23 [-Wdeprecated-non-prototype]
#23 42.15   391 | st_delete(table, key, mv -f .deps/regversion.Tpo .deps/regversion.Plo
#23 42.15 value)
#23 42.15       | ^
#23 42.15 ./regint.h:224:37: note: expanded from macro 'st_delete'
#23 42.15   224 | #define st_delete                   onig_st_delete
#23 42.15       |                                     ^
#23 42.15 mv -f .deps/iso8859_4.Tpo .deps/iso8859_4.Plo
#23 42.15 st.c:400:14: warning: passing arguments to a function without a prototype is deprecated in all versions of C and is not supported in C23 [-Wdeprecated-non-prototype]
#23 42.15   400 |   hash_val = do_hash_bin(*key, table);
#23 42.15       |              ^
#23 42.15 st.c:57:33: note: expanded from macro 'do_hash_bin'
#23 42.15    57 | #define do_hash_bin(key,table) (do_hash(key, table)%(table)->num_mv -f .deps/iso8859_2.Tpo .deps/iso8859_2.Plo
#23 42.15 bins)
#23 42.15       |                                 ^
#23 42.15 st.c:56:64: note: expanded from macro 'do_hash'
#23 42.15    56 | #define do_hash(key,table) (unsigned int)(*(table)->type->hash)((key))
#23 42.15       |                                                                ^
#23 42.15 st.c:408:7: warning: passing arguments to a function without a prototype is deprecated in all versions of C and is not supported in C23 [-Wdeprecated-non-prototype]
#23 42.15   408 |   if (EQUAL(table, *key, ptr->key)) {
#23 42.15       |       ^
#23 42.15 st.c:54:62: note: expanded from macro 'EQUAL'
#23 42.15 mv -f .deps/iso8859_13.Tpo .deps/iso8859_13.Plo
#23 42.15    54 | #define EQUAL(table,x,y) ((x)==(y) || (*table->type->compare)((x),(y)) == 0)
#23 42.15       |                                                              ^
#23 42.15 st.c:418:9: warning: passing arguments to a function without a prototype is deprecated in all versions of C and is not supported in C23 [-Wdeprecated-non-prototype]
#23 42.15   418 |     if (EQUAL(table, ptr->next->key, *key)) {
#23 42.15       |         ^
#23 42.15 st.c:54:62: note: expanded from macro 'EQUAL'
#23 42.15    54 | #define EQUAL(table,x,y) ((x)==(y) || (*table->type->compare)((x),(y)) == 0)
#23 42.15       |                                                              ^
#23 42.15 st.c:433:1: warning: a function definition without a prototype is deprecated in all versions of C and is not supported in C23 [-Wdeprecated-non-prototype]
#23 42.15   433 | st_delete_safe(table, key, value, never)
#23 42.15       | ^
#23 42.15 ./regint.h:225:37: note: expanded from macro 'st_delete_safe'
#23 42.15   225 | #define st_delete_safe              onig_st_delete_safe
#23 42.15       |                                     ^
#23 42.15 st.c:442:14: warning: passing arguments to a function without a prototype is deprecated in all versions of C and is not supported in C23 [-Wdeprecated-non-prototype]
#23 42.15   442 |   hash_val = do_hash_bin(*key, table);
#23 42.15       |              ^
#23 42.15 st.c:57:33: note: expanded from macro 'do_hash_bin'
#23 42.15    57 | #define do_hash_bin(key,table) (do_hash(key, table)%(table)->num_bins)
#23 42.15       |                                 ^
#23 42.15 st.c:56:64: note: expanded from macro 'do_hash'
#23 42.15    56 | #define do_hash(key,table) (unsigned int)(*(table)->type->hash)((key))
#23 42.15       |                                                                ^
#23 42.15 st.c:451:32: warning: passing arguments to a function without a prototype is deprecated in all versions of C and is not supported in C23 [-Wdeprecated-non-prototype]
#23 42.15   451 |     if ((ptr->key != never) && EQUAL(table, ptr->key, *key)) {
#23 42.15       |                                ^
#23 42.15 st.c:54:62: note: expanded from macro 'EQUAL'
#23 42.15 mv -f .deps/iso8859_9.Tpo .deps/iso8859_9.Plo
#23 42.15    54 | #define EQUAL(table,x,y) ((x)==(y) || (*table->type->compare)((x),(y)) == 0)
#23 42.15       |                                                              ^
#23 42.15 mv -f .deps/unicode_fold2_key.Tpo .deps/unicode_fold2_key.Plo
#23 42.15 mv -f .deps/cp1251.Tpo .deps/cp1251.Plo
#23 42.15 st.c:477:1: warning: a function definition without a prototype is deprecated in all versions of C and is not supported in C23 [-Wdeprecated-non-prototype]
#23 42.15   477 | st_cleanup_safe(table, never)
#23 42.15       | ^
#23 42.15 ./regint.h:231:37: note: expanded from macro 'st_cleanup_safe'
#23 42.15   231 | #define st_cleanup_safe             onig_st_cleanup_safe
#23 42.15 mv -f .deps/regsyntax.Tpo .deps/regsyntax.Plo
#23 42.15       |                                     ^
#23 42.15 st.c:488:1: warning: a function definition without a prototype is deprecated in all versions of C and is not supported in C23 [-Wdeprecated-non-prototype]
#23 42.15   488 | st_foreach(table, func, arg)
#23 42.15       | ^
#23 42.15 ./regint.h:228:37: note: expanded from macro 'st_foreach'
#23 42.15 mv -f .deps/iso8859_15.Tpo .deps/iso8859_15.Plo
#23 42.15   228 | #define st_foreach                  onig_st_foreach
#23 42.15       |                                     ^
#23 42.15 st.c:500:22: warning: passing arguments to a function without a prototype is deprecated in all versions of C and is not supported in C23 [-Wdeprecated-non-prototype]
#23 42.15   500 |             retval = (*func)(ptr->key, ptr->record, arg);
#23 42.15       |                             ^
#23 42.15 mv -f .deps/iso8859_10.Tpo .deps/iso8859_10.Plo
#23 42.15 mv -f .deps/iso8859_14.Tpo .deps/iso8859_14.Plo
#23 42.15 mv -f .deps/iso8859_16.Tpo .deps/iso8859_16.Plo
#23 42.15 st.c:538:1: warning: a function definition without a prototype is deprecated in all versions of C and is not supported in C23 [-Wdeprecated-non-prototype]
#23 42.15   538 | strhash(string)
#23 42.15       | ^
#23 42.15 st.c:577:1: warning: a function definition without a prototype is deprecated in all versions of C and is not supported in C23 [-Wdeprecated-non-prototype]
#23 42.15   577 | numcmp(x, y)
#23 42.15       | ^
#23 42.15 st.c:584:1: warning: a function definition without a prototype is deprecated in all versions of C and is not supported in C23 [-Wdeprecated-non-prototype]
#23 42.15   584 | numhash(n)
#23 42.15       | ^
#23 42.15 mv -f .deps/iso8859_1.Tpo .deps/iso8859_1.Plo
#23 42.15 mv -f .deps/koi8_r.Tpo .deps/koi8_r.Plo
#23 42.15 mv -f .deps/unicode_fold1_key.Tpo .deps/unicode_fold1_key.Plo
#23 42.15 mv -f .deps/unicode_fold3_key.Tpo .deps/unicode_fold3_key.Plo
#23 42.15 mv -f .deps/euc_tw.Tpo .deps/euc_tw.Plo
#23 42.15 mv -f .deps/utf8.Tpo .deps/utf8.Plo
#23 42.15 mv -f .deps/reggnu.Tpo .deps/reggnu.Plo
#23 42.16 mv -f .deps/sjis_prop.Tpo .deps/sjis_prop.Plo
#23 42.16 mv -f .deps/euc_jp_prop.Tpo .deps/euc_jp_prop.Plo
#23 42.16 mv -f .deps/regtrav.Tpo .deps/regtrav.Plo
#23 42.16 mv -f .deps/big5.Tpo .deps/big5.Plo
#23 42.16 mv -f .deps/onig_init.Tpo .deps/onig_init.Plo
#23 42.16 mv -f .deps/gb18030.Tpo .deps/gb18030.Plo
#23 42.17 mv -f .deps/utf16_le.Tpo .deps/utf16_le.Plo
#23 42.17 mv -f .deps/utf16_be.Tpo .deps/utf16_be.Plo
#23 42.17 mv -f .deps/sjis.Tpo .deps/sjis.Plo
#23 42.17 mv -f .deps/unicode_unfold_key.Tpo .deps/unicode_unfold_key.Plo
#23 42.17 mv -f .deps/euc_jp.Tpo .deps/euc_jp.Plo
#23 42.20 mv -f .deps/regerror.Tpo .deps/regerror.Plo
#23 42.20 31 warnings generated.
#23 42.21 mv -f .deps/st.Tpo .deps/st.Plo
#23 42.22 mv -f .deps/regenc.Tpo .deps/regenc.Plo
#23 42.39 mv -f .deps/unicode.Tpo .deps/unicode.Plo
#23 42.92 mv -f .deps/regexec.Tpo .deps/regexec.Plo
#23 42.96 mv -f .deps/regcomp.Tpo .deps/regcomp.Plo
#23 43.04 mv -f .deps/regparse.Tpo .deps/regparse.Plo
#23 43.04 /bin/bash ../libtool  --tag=CC   --mode=link /magma/fuzzers/aflplusplus_lto_entropy/repo/afl-clang-lto -Wall   -g -O2  -version-info 7:0:2  -L/magma_out -g -L/magma_out/afl -o libonig.la -rpath /usr/local/lib regparse.lo regcomp.lo regexec.lo regenc.lo regerror.lo regext.lo regsyntax.lo regtrav.lo regversion.lo st.lo reggnu.lo  unicode.lo unicode_unfold_key.lo unicode_fold1_key.lo unicode_fold2_key.lo unicode_fold3_key.lo ascii.lo utf8.lo utf16_be.lo utf16_le.lo utf32_be.lo utf32_le.lo euc_jp.lo euc_jp_prop.lo sjis.lo sjis_prop.lo iso8859_1.lo iso8859_2.lo iso8859_3.lo iso8859_4.lo iso8859_5.lo iso8859_6.lo iso8859_7.lo iso8859_8.lo iso8859_9.lo iso8859_10.lo iso8859_11.lo iso8859_13.lo iso8859_14.lo iso8859_15.lo iso8859_16.lo euc_tw.lo euc_kr.lo big5.lo gb18030.lo koi8_r.lo cp1251.lo onig_init.lo  -l:magma.o -lrt -lstdc++ /magma/fuzzers/aflplusplus_lto_entropy/repo/utils/aflpp_driver/libAFLDriver.a
#23 43.16 
#23 43.16 *** Warning: Linking the shared library libonig.la against the
#23 43.16 *** static library /magma/fuzzers/aflplusplus_lto_entropy/repo/utils/aflpp_driver/libAFLDriver.a is not portable!
#23 43.17 libtool: link: /usr/lib/llvm-18/bin/llvm-ar cru .libs/libonig.a /magma/fuzzers/aflplusplus_lto_entropy/repo/utils/aflpp_driver/libAFLDriver.a  regparse.o regcomp.o regexec.o regenc.o regerror.o regext.o regsyntax.o regtrav.o regversion.o st.o reggnu.o unicode.o unicode_unfold_key.o unicode_fold1_key.o unicode_fold2_key.o unicode_fold3_key.o ascii.o utf8.o utf16_be.o utf16_le.o utf32_be.o utf32_le.o euc_jp.o euc_jp_prop.o sjis.o sjis_prop.o iso8859_1.o iso8859_2.o iso8859_3.o iso8859_4.o iso8859_5.o iso8859_6.o iso8859_7.o iso8859_8.o iso8859_9.o iso8859_10.o iso8859_11.o iso8859_13.o iso8859_14.o iso8859_15.o iso8859_16.o euc_tw.o euc_kr.o big5.o gb18030.o koi8_r.o cp1251.o onig_init.o
#23 43.23 libtool: link: /usr/lib/llvm-18/bin/llvm-ranlib .libs/libonig.a
#23 43.25 libtool: link: ( cd ".libs" && rm -f "libonig.la" && ln -s "../libonig.la" "libonig.la" )
#23 43.25 make[2]: Leaving directory '/magma/targets/php/repo/oniguruma/src'
#23 43.26 make[1]: Leaving directory '/magma/targets/php/repo/oniguruma/src'
#23 43.26 Making all in test
#23 43.26 make[1]: Entering directory '/magma/targets/php/repo/oniguruma/test'
#23 43.26 make[1]: Nothing to be done for 'all'.
#23 43.26 make[1]: Leaving directory '/magma/targets/php/repo/oniguruma/test'
#23 43.26 Making all in sample
#23 43.26 make[1]: Entering directory '/magma/targets/php/repo/oniguruma/sample'
#23 43.26 make[1]: Nothing to be done for 'all'.
#23 43.26 make[1]: Leaving directory '/magma/targets/php/repo/oniguruma/sample'
#23 43.26 make[1]: Entering directory '/magma/targets/php/repo/oniguruma'
#23 43.26 sed -e 's,[@]datadir[@],/usr/local/share,g' -e 's,[@]datarootdir[@],/usr/local/share,g' -e 's,[@]PACKAGE_VERSION[@],6.9.7,g' -e 's,[@]prefix[@],/usr/local,g' -e 's,[@]exec_prefix[@],/usr/local,g' -e 's,[@]libdir[@],/usr/local/lib,g' -e 's,[@]includedir[@],/usr/local/include,g' < ./oniguruma.pc.in > oniguruma.pc
#23 43.27 make[1]: Leaving directory '/magma/targets/php/repo/oniguruma'
#23 43.27 /magma/targets/php/repo
#23 43.34 /bin/bash /magma/targets/php/repo/libtool --silent --preserve-dup-deps --tag CC --mode=compile /magma/fuzzers/aflplusplus_lto_entropy/repo/afl-clang-lto -Iext/date/ -I/magma/targets/php/repo/ext/date/ -I/magma/targets/php/repo/include -I/magma/targets/php/repo/main -I/magma/targets/php/repo -I/magma/targets/php/repo/ext/date/lib -I/magma/targets/php/repo/oniguruma/src -I/magma/targets/php/repo/ext/mbstring/libmbfl -I/magma/targets/php/repo/ext/mbstring/libmbfl/mbfl -I/magma/targets/php/repo/TSRM -I/magma/targets/php/repo/Zend    -fno-common -Wformat-truncation -Wall -Wextra -Wno-strict-aliasing -Wno-unused-parameter -Wno-sign-compare -g -O2 -fvisibility=hidden -DZEND_SIGNALS  -include /magma/magma/src/canary.h -DMAGMA_ENABLE_CANARIES    -g -O0 -fno-sanitize=object-size -Wno-implicit-fallthrough -Iext/date/lib -DZEND_ENABLE_STATIC_TSRMLS_CACHE=1 -DHAVE_TIMELIB_CONFIG_H=1 -c /magma/targets/php/repo/ext/date/php_date.c -o ext/date/php_date.lo  -MMD -MF ext/date/php_date.dep -MT ext/date/php_date.lo
#23 43.34 /bin/bash /magma/targets/php/repo/libtool --silent --preserve-dup-deps --tag CC --mode=compile /magma/fuzzers/aflplusplus_lto_entropy/repo/afl-clang-lto -Iext/date/ -I/magma/targets/php/repo/ext/date/ -I/magma/targets/php/repo/include -I/magma/targets/php/repo/main -I/magma/targets/php/repo -I/magma/targets/php/repo/ext/date/lib -I/magma/targets/php/repo/oniguruma/src -I/magma/targets/php/repo/ext/mbstring/libmbfl -I/magma/targets/php/repo/ext/mbstring/libmbfl/mbfl -I/magma/targets/php/repo/TSRM -I/magma/targets/php/repo/Zend    -fno-common -Wformat-truncation -Wall -Wextra -Wno-strict-aliasing -Wno-unused-parameter -Wno-sign-compare -g -O2 -fvisibility=hidden -DZEND_SIGNALS  -include /magma/magma/src/canary.h -DMAGMA_ENABLE_CANARIES    -g -O0 -fno-sanitize=object-size -Wno-implicit-fallthrough -Iext/date/lib -DZEND_ENABLE_STATIC_TSRMLS_CACHE=1 -DHAVE_TIMELIB_CONFIG_H=1 -c /magma/targets/php/repo/ext/date/lib/astro.c -o ext/date/lib/astro.lo  -MMD -MF ext/date/lib/astro.dep -MT ext/date/lib/astro.lo
#23 43.34 /bin/bash /magma/targets/php/repo/libtool --silent --preserve-dup-deps --tag CC --mode=compile /magma/fuzzers/aflplusplus_lto_entropy/repo/afl-clang-lto -Iext/date/ -I/magma/targets/php/repo/ext/date/ -I/magma/targets/php/repo/include -I/magma/targets/php/repo/main -I/magma/targets/php/repo -I/magma/targets/php/repo/ext/date/lib -I/magma/targets/php/repo/oniguruma/src -I/magma/targets/php/repo/ext/mbstring/libmbfl -I/magma/targets/php/repo/ext/mbstring/libmbfl/mbfl -I/magma/targets/php/repo/TSRM -I/magma/targets/php/repo/Zend    -fno-common -Wformat-truncation -Wall -Wextra -Wno-strict-aliasing -Wno-unused-parameter -Wno-sign-compare -g -O2 -fvisibility=hidden -DZEND_SIGNALS  -include /magma/magma/src/canary.h -DMAGMA_ENABLE_CANARIES    -g -O0 -fno-sanitize=object-size -Wno-implicit-fallthrough -Iext/date/lib -DZEND_ENABLE_STATIC_TSRMLS_CACHE=1 -DHAVE_TIMELIB_CONFIG_H=1 -c /magma/targets/php/repo/ext/date/lib/dow.c -o ext/date/lib/dow.lo  -MMD -MF ext/date/lib/dow.dep -MT ext/date/lib/dow.lo
#23 43.34 /bin/bash /magma/targets/php/repo/libtool --silent --preserve-dup-deps --tag CC --mode=compile /magma/fuzzers/aflplusplus_lto_entropy/repo/afl-clang-lto -Iext/date/ -I/magma/targets/php/repo/ext/date/ -I/magma/targets/php/repo/include -I/magma/targets/php/repo/main -I/magma/targets/php/repo -I/magma/targets/php/repo/ext/date/lib -I/magma/targets/php/repo/oniguruma/src -I/magma/targets/php/repo/ext/mbstring/libmbfl -I/magma/targets/php/repo/ext/mbstring/libmbfl/mbfl -I/magma/targets/php/repo/TSRM -I/magma/targets/php/repo/Zend    -fno-common -Wformat-truncation -Wall -Wextra -Wno-strict-aliasing -Wno-unused-parameter -Wno-sign-compare -g -O2 -fvisibility=hidden -DZEND_SIGNALS  -include /magma/magma/src/canary.h -DMAGMA_ENABLE_CANARIES    -g -O0 -fno-sanitize=object-size -Wno-implicit-fallthrough -Iext/date/lib -DZEND_ENABLE_STATIC_TSRMLS_CACHE=1 -DHAVE_TIMELIB_CONFIG_H=1 -c /magma/targets/php/repo/ext/date/lib/parse_date.c -o ext/date/lib/parse_date.lo  -MMD -MF ext/date/lib/parse_date.dep -MT ext/date/lib/parse_date.lo
#23 43.35 /bin/bash /magma/targets/php/repo/libtool --silent --preserve-dup-deps --tag CC --mode=compile /magma/fuzzers/aflplusplus_lto_entropy/repo/afl-clang-lto -Iext/date/ -I/magma/targets/php/repo/ext/date/ -I/magma/targets/php/repo/include -I/magma/targets/php/repo/main -I/magma/targets/php/repo -I/magma/targets/php/repo/ext/date/lib -I/magma/targets/php/repo/oniguruma/src -I/magma/targets/php/repo/ext/mbstring/libmbfl -I/magma/targets/php/repo/ext/mbstring/libmbfl/mbfl -I/magma/targets/php/repo/TSRM -I/magma/targets/php/repo/Zend    -fno-common -Wformat-truncation -Wall -Wextra -Wno-strict-aliasing -Wno-unused-parameter -Wno-sign-compare -g -O2 -fvisibility=hidden -DZEND_SIGNALS  -include /magma/magma/src/canary.h -DMAGMA_ENABLE_CANARIES    -g -O0 -fno-sanitize=object-size -Wno-implicit-fallthrough -Iext/date/lib -DZEND_ENABLE_STATIC_TSRMLS_CACHE=1 -DHAVE_TIMELIB_CONFIG_H=1 -c /magma/targets/php/repo/ext/date/lib/parse_tz.c -o ext/date/lib/parse_tz.lo  -MMD -MF ext/date/lib/parse_tz.dep -MT ext/date/lib/parse_tz.lo
#23 43.35 /bin/bash /magma/targets/php/repo/libtool --silent --preserve-dup-deps --tag CC --mode=compile /magma/fuzzers/aflplusplus_lto_entropy/repo/afl-clang-lto -Iext/date/ -I/magma/targets/php/repo/ext/date/ -I/magma/targets/php/repo/include -I/magma/targets/php/repo/main -I/magma/targets/php/repo -I/magma/targets/php/repo/ext/date/lib -I/magma/targets/php/repo/oniguruma/src -I/magma/targets/php/repo/ext/mbstring/libmbfl -I/magma/targets/php/repo/ext/mbstring/libmbfl/mbfl -I/magma/targets/php/repo/TSRM -I/magma/targets/php/repo/Zend    -fno-common -Wformat-truncation -Wall -Wextra -Wno-strict-aliasing -Wno-unused-parameter -Wno-sign-compare -g -O2 -fvisibility=hidden -DZEND_SIGNALS  -include /magma/magma/src/canary.h -DMAGMA_ENABLE_CANARIES    -g -O0 -fno-sanitize=object-size -Wno-implicit-fallthrough -Iext/date/lib -DZEND_ENABLE_STATIC_TSRMLS_CACHE=1 -DHAVE_TIMELIB_CONFIG_H=1 -c /magma/targets/php/repo/ext/date/lib/parse_posix.c -o ext/date/lib/parse_posix.lo  -MMD -MF ext/date/lib/parse_posix.dep -MT ext/date/lib/parse_posix.lo
#23 43.35 /bin/bash /magma/targets/php/repo/libtool --silent --preserve-dup-deps --tag CC --mode=compile /magma/fuzzers/aflplusplus_lto_entropy/repo/afl-clang-lto -Iext/date/ -I/magma/targets/php/repo/ext/date/ -I/magma/targets/php/repo/include -I/magma/targets/php/repo/main -I/magma/targets/php/repo -I/magma/targets/php/repo/ext/date/lib -I/magma/targets/php/repo/oniguruma/src -I/magma/targets/php/repo/ext/mbstring/libmbfl -I/magma/targets/php/repo/ext/mbstring/libmbfl/mbfl -I/magma/targets/php/repo/TSRM -I/magma/targets/php/repo/Zend    -fno-common -Wformat-truncation -Wall -Wextra -Wno-strict-aliasing -Wno-unused-parameter -Wno-sign-compare -g -O2 -fvisibility=hidden -DZEND_SIGNALS  -include /magma/magma/src/canary.h -DMAGMA_ENABLE_CANARIES    -g -O0 -fno-sanitize=object-size -Wno-implicit-fallthrough -Iext/date/lib -DZEND_ENABLE_STATIC_TSRMLS_CACHE=1 -DHAVE_TIMELIB_CONFIG_H=1 -c /magma/targets/php/repo/ext/date/lib/timelib.c -o ext/date/lib/timelib.lo  -MMD -MF ext/date/lib/timelib.dep -MT ext/date/lib/timelib.lo
#23 43.35 /bin/bash /magma/targets/php/repo/libtool --silent --preserve-dup-deps --tag CC --mode=compile /magma/fuzzers/aflplusplus_lto_entropy/repo/afl-clang-lto -Iext/date/ -I/magma/targets/php/repo/ext/date/ -I/magma/targets/php/repo/include -I/magma/targets/php/repo/main -I/magma/targets/php/repo -I/magma/targets/php/repo/ext/date/lib -I/magma/targets/php/repo/oniguruma/src -I/magma/targets/php/repo/ext/mbstring/libmbfl -I/magma/targets/php/repo/ext/mbstring/libmbfl/mbfl -I/magma/targets/php/repo/TSRM -I/magma/targets/php/repo/Zend    -fno-common -Wformat-truncation -Wall -Wextra -Wno-strict-aliasing -Wno-unused-parameter -Wno-sign-compare -g -O2 -fvisibility=hidden -DZEND_SIGNALS  -include /magma/magma/src/canary.h -DMAGMA_ENABLE_CANARIES    -g -O0 -fno-sanitize=object-size -Wno-implicit-fallthrough -Iext/date/lib -DZEND_ENABLE_STATIC_TSRMLS_CACHE=1 -DHAVE_TIMELIB_CONFIG_H=1 -c /magma/targets/php/repo/ext/date/lib/tm2unixtime.c -o ext/date/lib/tm2unixtime.lo  -MMD -MF ext/date/lib/tm2unixtime.dep -MT ext/date/lib/tm2unixtime.lo
#23 43.35 /bin/bash /magma/targets/php/repo/libtool --silent --preserve-dup-deps --tag CC --mode=compile /magma/fuzzers/aflplusplus_lto_entropy/repo/afl-clang-lto -Iext/date/ -I/magma/targets/php/repo/ext/date/ -I/magma/targets/php/repo/include -I/magma/targets/php/repo/main -I/magma/targets/php/repo -I/magma/targets/php/repo/ext/date/lib -I/magma/targets/php/repo/oniguruma/src -I/magma/targets/php/repo/ext/mbstring/libmbfl -I/magma/targets/php/repo/ext/mbstring/libmbfl/mbfl -I/magma/targets/php/repo/TSRM -I/magma/targets/php/repo/Zend    -fno-common -Wformat-truncation -Wall -Wextra -Wno-strict-aliasing -Wno-unused-parameter -Wno-sign-compare -g -O2 -fvisibility=hidden -DZEND_SIGNALS  -include /magma/magma/src/canary.h -DMAGMA_ENABLE_CANARIES    -g -O0 -fno-sanitize=object-size -Wno-implicit-fallthrough -Iext/date/lib -DZEND_ENABLE_STATIC_TSRMLS_CACHE=1 -DHAVE_TIMELIB_CONFIG_H=1 -c /magma/targets/php/repo/ext/date/lib/unixtime2tm.c -o ext/date/lib/unixtime2tm.lo  -MMD -MF ext/date/lib/unixtime2tm.dep -MT ext/date/lib/unixtime2tm.lo
#23 43.35 /bin/bash /magma/targets/php/repo/libtool --silent --preserve-dup-deps --tag CC --mode=compile /magma/fuzzers/aflplusplus_lto_entropy/repo/afl-clang-lto -Iext/date/ -I/magma/targets/php/repo/ext/date/ -I/magma/targets/php/repo/include -I/magma/targets/php/repo/main -I/magma/targets/php/repo -I/magma/targets/php/repo/ext/date/lib -I/magma/targets/php/repo/oniguruma/src -I/magma/targets/php/repo/ext/mbstring/libmbfl -I/magma/targets/php/repo/ext/mbstring/libmbfl/mbfl -I/magma/targets/php/repo/TSRM -I/magma/targets/php/repo/Zend    -fno-common -Wformat-truncation -Wall -Wextra -Wno-strict-aliasing -Wno-unused-parameter -Wno-sign-compare -g -O2 -fvisibility=hidden -DZEND_SIGNALS  -include /magma/magma/src/canary.h -DMAGMA_ENABLE_CANARIES    -g -O0 -fno-sanitize=object-size -Wno-implicit-fallthrough -Iext/date/lib -DZEND_ENABLE_STATIC_TSRMLS_CACHE=1 -DHAVE_TIMELIB_CONFIG_H=1 -c /magma/targets/php/repo/ext/date/lib/parse_iso_intervals.c -o ext/date/lib/parse_iso_intervals.lo  -MMD -MF ext/date/lib/parse_iso_intervals.dep -MT ext/date/lib/parse_iso_intervals.lo
#23 43.35 /bin/bash /magma/targets/php/repo/libtool --silent --preserve-dup-deps --tag CC --mode=compile /magma/fuzzers/aflplusplus_lto_entropy/repo/afl-clang-lto -Iext/date/ -I/magma/targets/php/repo/ext/date/ -I/magma/targets/php/repo/include -I/magma/targets/php/repo/main -I/magma/targets/php/repo -I/magma/targets/php/repo/ext/date/lib -I/magma/targets/php/repo/oniguruma/src -I/magma/targets/php/repo/ext/mbstring/libmbfl -I/magma/targets/php/repo/ext/mbstring/libmbfl/mbfl -I/magma/targets/php/repo/TSRM -I/magma/targets/php/repo/Zend    -fno-common -Wformat-truncation -Wall -Wextra -Wno-strict-aliasing -Wno-unused-parameter -Wno-sign-compare -g -O2 -fvisibility=hidden -DZEND_SIGNALS  -include /magma/magma/src/canary.h -DMAGMA_ENABLE_CANARIES    -g -O0 -fno-sanitize=object-size -Wno-implicit-fallthrough -Iext/date/lib -DZEND_ENABLE_STATIC_TSRMLS_CACHE=1 -DHAVE_TIMELIB_CONFIG_H=1 -c /magma/targets/php/repo/ext/date/lib/interval.c -o ext/date/lib/interval.lo  -MMD -MF ext/date/lib/interval.dep -MT ext/date/lib/interval.lo
#23 43.35 /bin/bash /magma/targets/php/repo/libtool --silent --preserve-dup-deps --tag CC --mode=compile /magma/fuzzers/aflplusplus_lto_entropy/repo/afl-clang-lto -Iext/pcre/ -I/magma/targets/php/repo/ext/pcre/ -I/magma/targets/php/repo/include -I/magma/targets/php/repo/main -I/magma/targets/php/repo -I/magma/targets/php/repo/ext/date/lib -I/magma/targets/php/repo/oniguruma/src -I/magma/targets/php/repo/ext/mbstring/libmbfl -I/magma/targets/php/repo/ext/mbstring/libmbfl/mbfl -I/magma/targets/php/repo/TSRM -I/magma/targets/php/repo/Zend    -fno-common -Wformat-truncation -Wall -Wextra -Wno-strict-aliasing -Wno-unused-parameter -Wno-sign-compare -g -O2 -fvisibility=hidden -DZEND_SIGNALS  -include /magma/magma/src/canary.h -DMAGMA_ENABLE_CANARIES    -g -O0 -fno-sanitize=object-size -Wno-implicit-fallthrough -DHAVE_CONFIG_H -I/magma/targets/php/repo/ext/pcre/pcre2lib -DZEND_ENABLE_STATIC_TSRMLS_CACHE=1 -c /magma/targets/php/repo/ext/pcre/pcre2lib/pcre2_auto_possess.c -o ext/pcre/pcre2lib/pcre2_auto_possess.lo  -MMD -MF ext/pcre/pcre2lib/pcre2_auto_possess.dep -MT ext/pcre/pcre2lib/pcre2_auto_possess.lo
#23 43.35 /bin/bash /magma/targets/php/repo/libtool --silent --preserve-dup-deps --tag CC --mode=compile /magma/fuzzers/aflplusplus_lto_entropy/repo/afl-clang-lto -Iext/pcre/ -I/magma/targets/php/repo/ext/pcre/ -I/magma/targets/php/repo/include -I/magma/targets/php/repo/main -I/magma/targets/php/repo -I/magma/targets/php/repo/ext/date/lib -I/magma/targets/php/repo/oniguruma/src -I/magma/targets/php/repo/ext/mbstring/libmbfl -I/magma/targets/php/repo/ext/mbstring/libmbfl/mbfl -I/magma/targets/php/repo/TSRM -I/magma/targets/php/repo/Zend    -fno-common -Wformat-truncation -Wall -Wextra -Wno-strict-aliasing -Wno-unused-parameter -Wno-sign-compare -g -O2 -fvisibility=hidden -DZEND_SIGNALS  -include /magma/magma/src/canary.h -DMAGMA_ENABLE_CANARIES    -g -O0 -fno-sanitize=object-size -Wno-implicit-fallthrough -DHAVE_CONFIG_H -I/magma/targets/php/repo/ext/pcre/pcre2lib -DZEND_ENABLE_STATIC_TSRMLS_CACHE=1 -c /magma/targets/php/repo/ext/pcre/pcre2lib/pcre2_chartables.c -o ext/pcre/pcre2lib/pcre2_chartables.lo  -MMD -MF ext/pcre/pcre2lib/pcre2_chartables.dep -MT ext/pcre/pcre2lib/pcre2_chartables.lo
#23 43.35 /bin/bash /magma/targets/php/repo/libtool --silent --preserve-dup-deps --tag CC --mode=compile /magma/fuzzers/aflplusplus_lto_entropy/repo/afl-clang-lto -Iext/pcre/ -I/magma/targets/php/repo/ext/pcre/ -I/magma/targets/php/repo/include -I/magma/targets/php/repo/main -I/magma/targets/php/repo -I/magma/targets/php/repo/ext/date/lib -I/magma/targets/php/repo/oniguruma/src -I/magma/targets/php/repo/ext/mbstring/libmbfl -I/magma/targets/php/repo/ext/mbstring/libmbfl/mbfl -I/magma/targets/php/repo/TSRM -I/magma/targets/php/repo/Zend    -fno-common -Wformat-truncation -Wall -Wextra -Wno-strict-aliasing -Wno-unused-parameter -Wno-sign-compare -g -O2 -fvisibility=hidden -DZEND_SIGNALS  -include /magma/magma/src/canary.h -DMAGMA_ENABLE_CANARIES    -g -O0 -fno-sanitize=object-size -Wno-implicit-fallthrough -DHAVE_CONFIG_H -I/magma/targets/php/repo/ext/pcre/pcre2lib -DZEND_ENABLE_STATIC_TSRMLS_CACHE=1 -c /magma/targets/php/repo/ext/pcre/pcre2lib/pcre2_compile.c -o ext/pcre/pcre2lib/pcre2_compile.lo  -MMD -MF ext/pcre/pcre2lib/pcre2_compile.dep -MT ext/pcre/pcre2lib/pcre2_compile.lo
#23 43.35 /bin/bash /magma/targets/php/repo/libtool --silent --preserve-dup-deps --tag CC --mode=compile /magma/fuzzers/aflplusplus_lto_entropy/repo/afl-clang-lto -Iext/pcre/ -I/magma/targets/php/repo/ext/pcre/ -I/magma/targets/php/repo/include -I/magma/targets/php/repo/main -I/magma/targets/php/repo -I/magma/targets/php/repo/ext/date/lib -I/magma/targets/php/repo/oniguruma/src -I/magma/targets/php/repo/ext/mbstring/libmbfl -I/magma/targets/php/repo/ext/mbstring/libmbfl/mbfl -I/magma/targets/php/repo/TSRM -I/magma/targets/php/repo/Zend    -fno-common -Wformat-truncation -Wall -Wextra -Wno-strict-aliasing -Wno-unused-parameter -Wno-sign-compare -g -O2 -fvisibility=hidden -DZEND_SIGNALS  -include /magma/magma/src/canary.h -DMAGMA_ENABLE_CANARIES    -g -O0 -fno-sanitize=object-size -Wno-implicit-fallthrough -DHAVE_CONFIG_H -I/magma/targets/php/repo/ext/pcre/pcre2lib -DZEND_ENABLE_STATIC_TSRMLS_CACHE=1 -c /magma/targets/php/repo/ext/pcre/pcre2lib/pcre2_config.c -o ext/pcre/pcre2lib/pcre2_config.lo  -MMD -MF ext/pcre/pcre2lib/pcre2_config.dep -MT ext/pcre/pcre2lib/pcre2_config.lo
#23 43.36 /bin/bash /magma/targets/php/repo/libtool --silent --preserve-dup-deps --tag CC --mode=compile /magma/fuzzers/aflplusplus_lto_entropy/repo/afl-clang-lto -Iext/pcre/ -I/magma/targets/php/repo/ext/pcre/ -I/magma/targets/php/repo/include -I/magma/targets/php/repo/main -I/magma/targets/php/repo -I/magma/targets/php/repo/ext/date/lib -I/magma/targets/php/repo/oniguruma/src -I/magma/targets/php/repo/ext/mbstring/libmbfl -I/magma/targets/php/repo/ext/mbstring/libmbfl/mbfl -I/magma/targets/php/repo/TSRM -I/magma/targets/php/repo/Zend    -fno-common -Wformat-truncation -Wall -Wextra -Wno-strict-aliasing -Wno-unused-parameter -Wno-sign-compare -g -O2 -fvisibility=hidden -DZEND_SIGNALS  -include /magma/magma/src/canary.h -DMAGMA_ENABLE_CANARIES    -g -O0 -fno-sanitize=object-size -Wno-implicit-fallthrough -DHAVE_CONFIG_H -I/magma/targets/php/repo/ext/pcre/pcre2lib -DZEND_ENABLE_STATIC_TSRMLS_CACHE=1 -c /magma/targets/php/repo/ext/pcre/pcre2lib/pcre2_context.c -o ext/pcre/pcre2lib/pcre2_context.lo  -MMD -MF ext/pcre/pcre2lib/pcre2_context.dep -MT ext/pcre/pcre2lib/pcre2_context.lo
#23 43.36 /bin/bash /magma/targets/php/repo/libtool --silent --preserve-dup-deps --tag CC --mode=compile /magma/fuzzers/aflplusplus_lto_entropy/repo/afl-clang-lto -Iext/pcre/ -I/magma/targets/php/repo/ext/pcre/ -I/magma/targets/php/repo/include -I/magma/targets/php/repo/main -I/magma/targets/php/repo -I/magma/targets/php/repo/ext/date/lib -I/magma/targets/php/repo/oniguruma/src -I/magma/targets/php/repo/ext/mbstring/libmbfl -I/magma/targets/php/repo/ext/mbstring/libmbfl/mbfl -I/magma/targets/php/repo/TSRM -I/magma/targets/php/repo/Zend    -fno-common -Wformat-truncation -Wall -Wextra -Wno-strict-aliasing -Wno-unused-parameter -Wno-sign-compare -g -O2 -fvisibility=hidden -DZEND_SIGNALS  -include /magma/magma/src/canary.h -DMAGMA_ENABLE_CANARIES    -g -O0 -fno-sanitize=object-size -Wno-implicit-fallthrough -DHAVE_CONFIG_H -I/magma/targets/php/repo/ext/pcre/pcre2lib -DZEND_ENABLE_STATIC_TSRMLS_CACHE=1 -c /magma/targets/php/repo/ext/pcre/pcre2lib/pcre2_dfa_match.c -o ext/pcre/pcre2lib/pcre2_dfa_match.lo  -MMD -MF ext/pcre/pcre2lib/pcre2_dfa_match.dep -MT ext/pcre/pcre2lib/pcre2_dfa_match.lo
#23 43.36 /bin/bash /magma/targets/php/repo/libtool --silent --preserve-dup-deps --tag CC --mode=compile /magma/fuzzers/aflplusplus_lto_entropy/repo/afl-clang-lto -Iext/pcre/ -I/magma/targets/php/repo/ext/pcre/ -I/magma/targets/php/repo/include -I/magma/targets/php/repo/main -I/magma/targets/php/repo -I/magma/targets/php/repo/ext/date/lib -I/magma/targets/php/repo/oniguruma/src -I/magma/targets/php/repo/ext/mbstring/libmbfl -I/magma/targets/php/repo/ext/mbstring/libmbfl/mbfl -I/magma/targets/php/repo/TSRM -I/magma/targets/php/repo/Zend    -fno-common -Wformat-truncation -Wall -Wextra -Wno-strict-aliasing -Wno-unused-parameter -Wno-sign-compare -g -O2 -fvisibility=hidden -DZEND_SIGNALS  -include /magma/magma/src/canary.h -DMAGMA_ENABLE_CANARIES    -g -O0 -fno-sanitize=object-size -Wno-implicit-fallthrough -DHAVE_CONFIG_H -I/magma/targets/php/repo/ext/pcre/pcre2lib -DZEND_ENABLE_STATIC_TSRMLS_CACHE=1 -c /magma/targets/php/repo/ext/pcre/pcre2lib/pcre2_error.c -o ext/pcre/pcre2lib/pcre2_error.lo  -MMD -MF ext/pcre/pcre2lib/pcre2_error.dep -MT ext/pcre/pcre2lib/pcre2_error.lo
#23 43.36 /bin/bash /magma/targets/php/repo/libtool --silent --preserve-dup-deps --tag CC --mode=compile /magma/fuzzers/aflplusplus_lto_entropy/repo/afl-clang-lto -Iext/pcre/ -I/magma/targets/php/repo/ext/pcre/ -I/magma/targets/php/repo/include -I/magma/targets/php/repo/main -I/magma/targets/php/repo -I/magma/targets/php/repo/ext/date/lib -I/magma/targets/php/repo/oniguruma/src -I/magma/targets/php/repo/ext/mbstring/libmbfl -I/magma/targets/php/repo/ext/mbstring/libmbfl/mbfl -I/magma/targets/php/repo/TSRM -I/magma/targets/php/repo/Zend    -fno-common -Wformat-truncation -Wall -Wextra -Wno-strict-aliasing -Wno-unused-parameter -Wno-sign-compare -g -O2 -fvisibility=hidden -DZEND_SIGNALS  -include /magma/magma/src/canary.h -DMAGMA_ENABLE_CANARIES    -g -O0 -fno-sanitize=object-size -Wno-implicit-fallthrough -DHAVE_CONFIG_H -I/magma/targets/php/repo/ext/pcre/pcre2lib -DZEND_ENABLE_STATIC_TSRMLS_CACHE=1 -c /magma/targets/php/repo/ext/pcre/pcre2lib/pcre2_jit_compile.c -o ext/pcre/pcre2lib/pcre2_jit_compile.lo  -MMD -MF ext/pcre/pcre2lib/pcre2_jit_compile.dep -MT ext/pcre/pcre2lib/pcre2_jit_compile.lo
#23 43.36 /bin/bash /magma/targets/php/repo/libtool --silent --preserve-dup-deps --tag CC --mode=compile /magma/fuzzers/aflplusplus_lto_entropy/repo/afl-clang-lto -Iext/pcre/ -I/magma/targets/php/repo/ext/pcre/ -I/magma/targets/php/repo/include -I/magma/targets/php/repo/main -I/magma/targets/php/repo -I/magma/targets/php/repo/ext/date/lib -I/magma/targets/php/repo/oniguruma/src -I/magma/targets/php/repo/ext/mbstring/libmbfl -I/magma/targets/php/repo/ext/mbstring/libmbfl/mbfl -I/magma/targets/php/repo/TSRM -I/magma/targets/php/repo/Zend    -fno-common -Wformat-truncation -Wall -Wextra -Wno-strict-aliasing -Wno-unused-parameter -Wno-sign-compare -g -O2 -fvisibility=hidden -DZEND_SIGNALS  -include /magma/magma/src/canary.h -DMAGMA_ENABLE_CANARIES    -g -O0 -fno-sanitize=object-size -Wno-implicit-fallthrough -DHAVE_CONFIG_H -I/magma/targets/php/repo/ext/pcre/pcre2lib -DZEND_ENABLE_STATIC_TSRMLS_CACHE=1 -c /magma/targets/php/repo/ext/pcre/pcre2lib/pcre2_maketables.c -o ext/pcre/pcre2lib/pcre2_maketables.lo  -MMD -MF ext/pcre/pcre2lib/pcre2_maketables.dep -MT ext/pcre/pcre2lib/pcre2_maketables.lo
#23 43.36 /bin/bash /magma/targets/php/repo/libtool --silent --preserve-dup-deps --tag CC --mode=compile /magma/fuzzers/aflplusplus_lto_entropy/repo/afl-clang-lto -Iext/pcre/ -I/magma/targets/php/repo/ext/pcre/ -I/magma/targets/php/repo/include -I/magma/targets/php/repo/main -I/magma/targets/php/repo -I/magma/targets/php/repo/ext/date/lib -I/magma/targets/php/repo/oniguruma/src -I/magma/targets/php/repo/ext/mbstring/libmbfl -I/magma/targets/php/repo/ext/mbstring/libmbfl/mbfl -I/magma/targets/php/repo/TSRM -I/magma/targets/php/repo/Zend    -fno-common -Wformat-truncation -Wall -Wextra -Wno-strict-aliasing -Wno-unused-parameter -Wno-sign-compare -g -O2 -fvisibility=hidden -DZEND_SIGNALS  -include /magma/magma/src/canary.h -DMAGMA_ENABLE_CANARIES    -g -O0 -fno-sanitize=object-size -Wno-implicit-fallthrough -DHAVE_CONFIG_H -I/magma/targets/php/repo/ext/pcre/pcre2lib -DZEND_ENABLE_STATIC_TSRMLS_CACHE=1 -c /magma/targets/php/repo/ext/pcre/pcre2lib/pcre2_match.c -o ext/pcre/pcre2lib/pcre2_match.lo  -MMD -MF ext/pcre/pcre2lib/pcre2_match.dep -MT ext/pcre/pcre2lib/pcre2_match.lo
#23 43.36 /bin/bash /magma/targets/php/repo/libtool --silent --preserve-dup-deps --tag CC --mode=compile /magma/fuzzers/aflplusplus_lto_entropy/repo/afl-clang-lto -Iext/pcre/ -I/magma/targets/php/repo/ext/pcre/ -I/magma/targets/php/repo/include -I/magma/targets/php/repo/main -I/magma/targets/php/repo -I/magma/targets/php/repo/ext/date/lib -I/magma/targets/php/repo/oniguruma/src -I/magma/targets/php/repo/ext/mbstring/libmbfl -I/magma/targets/php/repo/ext/mbstring/libmbfl/mbfl -I/magma/targets/php/repo/TSRM -I/magma/targets/php/repo/Zend    -fno-common -Wformat-truncation -Wall -Wextra -Wno-strict-aliasing -Wno-unused-parameter -Wno-sign-compare -g -O2 -fvisibility=hidden -DZEND_SIGNALS  -include /magma/magma/src/canary.h -DMAGMA_ENABLE_CANARIES    -g -O0 -fno-sanitize=object-size -Wno-implicit-fallthrough -DHAVE_CONFIG_H -I/magma/targets/php/repo/ext/pcre/pcre2lib -DZEND_ENABLE_STATIC_TSRMLS_CACHE=1 -c /magma/targets/php/repo/ext/pcre/pcre2lib/pcre2_match_data.c -o ext/pcre/pcre2lib/pcre2_match_data.lo  -MMD -MF ext/pcre/pcre2lib/pcre2_match_data.dep -MT ext/pcre/pcre2lib/pcre2_match_data.lo
#23 43.36 /bin/bash /magma/targets/php/repo/libtool --silent --preserve-dup-deps --tag CC --mode=compile /magma/fuzzers/aflplusplus_lto_entropy/repo/afl-clang-lto -Iext/pcre/ -I/magma/targets/php/repo/ext/pcre/ -I/magma/targets/php/repo/include -I/magma/targets/php/repo/main -I/magma/targets/php/repo -I/magma/targets/php/repo/ext/date/lib -I/magma/targets/php/repo/oniguruma/src -I/magma/targets/php/repo/ext/mbstring/libmbfl -I/magma/targets/php/repo/ext/mbstring/libmbfl/mbfl -I/magma/targets/php/repo/TSRM -I/magma/targets/php/repo/Zend    -fno-common -Wformat-truncation -Wall -Wextra -Wno-strict-aliasing -Wno-unused-parameter -Wno-sign-compare -g -O2 -fvisibility=hidden -DZEND_SIGNALS  -include /magma/magma/src/canary.h -DMAGMA_ENABLE_CANARIES    -g -O0 -fno-sanitize=object-size -Wno-implicit-fallthrough -DHAVE_CONFIG_H -I/magma/targets/php/repo/ext/pcre/pcre2lib -DZEND_ENABLE_STATIC_TSRMLS_CACHE=1 -c /magma/targets/php/repo/ext/pcre/pcre2lib/pcre2_newline.c -o ext/pcre/pcre2lib/pcre2_newline.lo  -MMD -MF ext/pcre/pcre2lib/pcre2_newline.dep -MT ext/pcre/pcre2lib/pcre2_newline.lo
#23 43.36 /bin/bash /magma/targets/php/repo/libtool --silent --preserve-dup-deps --tag CC --mode=compile /magma/fuzzers/aflplusplus_lto_entropy/repo/afl-clang-lto -Iext/pcre/ -I/magma/targets/php/repo/ext/pcre/ -I/magma/targets/php/repo/include -I/magma/targets/php/repo/main -I/magma/targets/php/repo -I/magma/targets/php/repo/ext/date/lib -I/magma/targets/php/repo/oniguruma/src -I/magma/targets/php/repo/ext/mbstring/libmbfl -I/magma/targets/php/repo/ext/mbstring/libmbfl/mbfl -I/magma/targets/php/repo/TSRM -I/magma/targets/php/repo/Zend    -fno-common -Wformat-truncation -Wall -Wextra -Wno-strict-aliasing -Wno-unused-parameter -Wno-sign-compare -g -O2 -fvisibility=hidden -DZEND_SIGNALS  -include /magma/magma/src/canary.h -DMAGMA_ENABLE_CANARIES    -g -O0 -fno-sanitize=object-size -Wno-implicit-fallthrough -DHAVE_CONFIG_H -I/magma/targets/php/repo/ext/pcre/pcre2lib -DZEND_ENABLE_STATIC_TSRMLS_CACHE=1 -c /magma/targets/php/repo/ext/pcre/pcre2lib/pcre2_ord2utf.c -o ext/pcre/pcre2lib/pcre2_ord2utf.lo  -MMD -MF ext/pcre/pcre2lib/pcre2_ord2utf.dep -MT ext/pcre/pcre2lib/pcre2_ord2utf.lo
#23 43.36 /bin/bash /magma/targets/php/repo/libtool --silent --preserve-dup-deps --tag CC --mode=compile /magma/fuzzers/aflplusplus_lto_entropy/repo/afl-clang-lto -Iext/pcre/ -I/magma/targets/php/repo/ext/pcre/ -I/magma/targets/php/repo/include -I/magma/targets/php/repo/main -I/magma/targets/php/repo -I/magma/targets/php/repo/ext/date/lib -I/magma/targets/php/repo/oniguruma/src -I/magma/targets/php/repo/ext/mbstring/libmbfl -I/magma/targets/php/repo/ext/mbstring/libmbfl/mbfl -I/magma/targets/php/repo/TSRM -I/magma/targets/php/repo/Zend    -fno-common -Wformat-truncation -Wall -Wextra -Wno-strict-aliasing -Wno-unused-parameter -Wno-sign-compare -g -O2 -fvisibility=hidden -DZEND_SIGNALS  -include /magma/magma/src/canary.h -DMAGMA_ENABLE_CANARIES    -g -O0 -fno-sanitize=object-size -Wno-implicit-fallthrough -DHAVE_CONFIG_H -I/magma/targets/php/repo/ext/pcre/pcre2lib -DZEND_ENABLE_STATIC_TSRMLS_CACHE=1 -c /magma/targets/php/repo/ext/pcre/pcre2lib/pcre2_pattern_info.c -o ext/pcre/pcre2lib/pcre2_pattern_info.lo  -MMD -MF ext/pcre/pcre2lib/pcre2_pattern_info.dep -MT ext/pcre/pcre2lib/pcre2_pattern_info.lo
#23 43.36 /bin/bash /magma/targets/php/repo/libtool --silent --preserve-dup-deps --tag CC --mode=compile /magma/fuzzers/aflplusplus_lto_entropy/repo/afl-clang-lto -Iext/pcre/ -I/magma/targets/php/repo/ext/pcre/ -I/magma/targets/php/repo/include -I/magma/targets/php/repo/main -I/magma/targets/php/repo -I/magma/targets/php/repo/ext/date/lib -I/magma/targets/php/repo/oniguruma/src -I/magma/targets/php/repo/ext/mbstring/libmbfl -I/magma/targets/php/repo/ext/mbstring/libmbfl/mbfl -I/magma/targets/php/repo/TSRM -I/magma/targets/php/repo/Zend    -fno-common -Wformat-truncation -Wall -Wextra -Wno-strict-aliasing -Wno-unused-parameter -Wno-sign-compare -g -O2 -fvisibility=hidden -DZEND_SIGNALS  -include /magma/magma/src/canary.h -DMAGMA_ENABLE_CANARIES    -g -O0 -fno-sanitize=object-size -Wno-implicit-fallthrough -DHAVE_CONFIG_H -I/magma/targets/php/repo/ext/pcre/pcre2lib -DZEND_ENABLE_STATIC_TSRMLS_CACHE=1 -c /magma/targets/php/repo/ext/pcre/pcre2lib/pcre2_serialize.c -o ext/pcre/pcre2lib/pcre2_serialize.lo  -MMD -MF ext/pcre/pcre2lib/pcre2_serialize.dep -MT ext/pcre/pcre2lib/pcre2_serialize.lo
#23 43.36 /bin/bash /magma/targets/php/repo/libtool --silent --preserve-dup-deps --tag CC --mode=compile /magma/fuzzers/aflplusplus_lto_entropy/repo/afl-clang-lto -Iext/pcre/ -I/magma/targets/php/repo/ext/pcre/ -I/magma/targets/php/repo/include -I/magma/targets/php/repo/main -I/magma/targets/php/repo -I/magma/targets/php/repo/ext/date/lib -I/magma/targets/php/repo/oniguruma/src -I/magma/targets/php/repo/ext/mbstring/libmbfl -I/magma/targets/php/repo/ext/mbstring/libmbfl/mbfl -I/magma/targets/php/repo/TSRM -I/magma/targets/php/repo/Zend    -fno-common -Wformat-truncation -Wall -Wextra -Wno-strict-aliasing -Wno-unused-parameter -Wno-sign-compare -g -O2 -fvisibility=hidden -DZEND_SIGNALS  -include /magma/magma/src/canary.h -DMAGMA_ENABLE_CANARIES    -g -O0 -fno-sanitize=object-size -Wno-implicit-fallthrough -DHAVE_CONFIG_H -I/magma/targets/php/repo/ext/pcre/pcre2lib -DZEND_ENABLE_STATIC_TSRMLS_CACHE=1 -c /magma/targets/php/repo/ext/pcre/pcre2lib/pcre2_string_utils.c -o ext/pcre/pcre2lib/pcre2_string_utils.lo  -MMD -MF ext/pcre/pcre2lib/pcre2_string_utils.dep -MT ext/pcre/pcre2lib/pcre2_string_utils.lo
#23 43.36 /bin/bash /magma/targets/php/repo/libtool --silent --preserve-dup-deps --tag CC --mode=compile /magma/fuzzers/aflplusplus_lto_entropy/repo/afl-clang-lto -Iext/pcre/ -I/magma/targets/php/repo/ext/pcre/ -I/magma/targets/php/repo/include -I/magma/targets/php/repo/main -I/magma/targets/php/repo -I/magma/targets/php/repo/ext/date/lib -I/magma/targets/php/repo/oniguruma/src -I/magma/targets/php/repo/ext/mbstring/libmbfl -I/magma/targets/php/repo/ext/mbstring/libmbfl/mbfl -I/magma/targets/php/repo/TSRM -I/magma/targets/php/repo/Zend    -fno-common -Wformat-truncation -Wall -Wextra -Wno-strict-aliasing -Wno-unused-parameter -Wno-sign-compare -g -O2 -fvisibility=hidden -DZEND_SIGNALS  -include /magma/magma/src/canary.h -DMAGMA_ENABLE_CANARIES    -g -O0 -fno-sanitize=object-size -Wno-implicit-fallthrough -DHAVE_CONFIG_H -I/magma/targets/php/repo/ext/pcre/pcre2lib -DZEND_ENABLE_STATIC_TSRMLS_CACHE=1 -c /magma/targets/php/repo/ext/pcre/pcre2lib/pcre2_study.c -o ext/pcre/pcre2lib/pcre2_study.lo  -MMD -MF ext/pcre/pcre2lib/pcre2_study.dep -MT ext/pcre/pcre2lib/pcre2_study.lo
#23 43.36 /bin/bash /magma/targets/php/repo/libtool --silent --preserve-dup-deps --tag CC --mode=compile /magma/fuzzers/aflplusplus_lto_entropy/repo/afl-clang-lto -Iext/pcre/ -I/magma/targets/php/repo/ext/pcre/ -I/magma/targets/php/repo/include -I/magma/targets/php/repo/main -I/magma/targets/php/repo -I/magma/targets/php/repo/ext/date/lib -I/magma/targets/php/repo/oniguruma/src -I/magma/targets/php/repo/ext/mbstring/libmbfl -I/magma/targets/php/repo/ext/mbstring/libmbfl/mbfl -I/magma/targets/php/repo/TSRM -I/magma/targets/php/repo/Zend    -fno-common -Wformat-truncation -Wall -Wextra -Wno-strict-aliasing -Wno-unused-parameter -Wno-sign-compare -g -O2 -fvisibility=hidden -DZEND_SIGNALS  -include /magma/magma/src/canary.h -DMAGMA_ENABLE_CANARIES    -g -O0 -fno-sanitize=object-size -Wno-implicit-fallthrough -DHAVE_CONFIG_H -I/magma/targets/php/repo/ext/pcre/pcre2lib -DZEND_ENABLE_STATIC_TSRMLS_CACHE=1 -c /magma/targets/php/repo/ext/pcre/pcre2lib/pcre2_substitute.c -o ext/pcre/pcre2lib/pcre2_substitute.lo  -MMD -MF ext/pcre/pcre2lib/pcre2_substitute.dep -MT ext/pcre/pcre2lib/pcre2_substitute.lo
#23 43.36 /bin/bash /magma/targets/php/repo/libtool --silent --preserve-dup-deps --tag CC --mode=compile /magma/fuzzers/aflplusplus_lto_entropy/repo/afl-clang-lto -Iext/pcre/ -I/magma/targets/php/repo/ext/pcre/ -I/magma/targets/php/repo/include -I/magma/targets/php/repo/main -I/magma/targets/php/repo -I/magma/targets/php/repo/ext/date/lib -I/magma/targets/php/repo/oniguruma/src -I/magma/targets/php/repo/ext/mbstring/libmbfl -I/magma/targets/php/repo/ext/mbstring/libmbfl/mbfl -I/magma/targets/php/repo/TSRM -I/magma/targets/php/repo/Zend    -fno-common -Wformat-truncation -Wall -Wextra -Wno-strict-aliasing -Wno-unused-parameter -Wno-sign-compare -g -O2 -fvisibility=hidden -DZEND_SIGNALS  -include /magma/magma/src/canary.h -DMAGMA_ENABLE_CANARIES    -g -O0 -fno-sanitize=object-size -Wno-implicit-fallthrough -DHAVE_CONFIG_H -I/magma/targets/php/repo/ext/pcre/pcre2lib -DZEND_ENABLE_STATIC_TSRMLS_CACHE=1 -c /magma/targets/php/repo/ext/pcre/pcre2lib/pcre2_substring.c -o ext/pcre/pcre2lib/pcre2_substring.lo  -MMD -MF ext/pcre/pcre2lib/pcre2_substring.dep -MT ext/pcre/pcre2lib/pcre2_substring.lo
#23 43.36 /bin/bash /magma/targets/php/repo/libtool --silent --preserve-dup-deps --tag CC --mode=compile /magma/fuzzers/aflplusplus_lto_entropy/repo/afl-clang-lto -Iext/pcre/ -I/magma/targets/php/repo/ext/pcre/ -I/magma/targets/php/repo/include -I/magma/targets/php/repo/main -I/magma/targets/php/repo -I/magma/targets/php/repo/ext/date/lib -I/magma/targets/php/repo/oniguruma/src -I/magma/targets/php/repo/ext/mbstring/libmbfl -I/magma/targets/php/repo/ext/mbstring/libmbfl/mbfl -I/magma/targets/php/repo/TSRM -I/magma/targets/php/repo/Zend    -fno-common -Wformat-truncation -Wall -Wextra -Wno-strict-aliasing -Wno-unused-parameter -Wno-sign-compare -g -O2 -fvisibility=hidden -DZEND_SIGNALS  -include /magma/magma/src/canary.h -DMAGMA_ENABLE_CANARIES    -g -O0 -fno-sanitize=object-size -Wno-implicit-fallthrough -DHAVE_CONFIG_H -I/magma/targets/php/repo/ext/pcre/pcre2lib -DZEND_ENABLE_STATIC_TSRMLS_CACHE=1 -c /magma/targets/php/repo/ext/pcre/pcre2lib/pcre2_tables.c -o ext/pcre/pcre2lib/pcre2_tables.lo  -MMD -MF ext/pcre/pcre2lib/pcre2_tables.dep -MT ext/pcre/pcre2lib/pcre2_tables.lo
#23 43.36 /bin/bash /magma/targets/php/repo/libtool --silent --preserve-dup-deps --tag CC --mode=compile /magma/fuzzers/aflplusplus_lto_entropy/repo/afl-clang-lto -Iext/pcre/ -I/magma/targets/php/repo/ext/pcre/ -I/magma/targets/php/repo/include -I/magma/targets/php/repo/main -I/magma/targets/php/repo -I/magma/targets/php/repo/ext/date/lib -I/magma/targets/php/repo/oniguruma/src -I/magma/targets/php/repo/ext/mbstring/libmbfl -I/magma/targets/php/repo/ext/mbstring/libmbfl/mbfl -I/magma/targets/php/repo/TSRM -I/magma/targets/php/repo/Zend    -fno-common -Wformat-truncation -Wall -Wextra -Wno-strict-aliasing -Wno-unused-parameter -Wno-sign-compare -g -O2 -fvisibility=hidden -DZEND_SIGNALS  -include /magma/magma/src/canary.h -DMAGMA_ENABLE_CANARIES    -g -O0 -fno-sanitize=object-size -Wno-implicit-fallthrough -DHAVE_CONFIG_H -I/magma/targets/php/repo/ext/pcre/pcre2lib -DZEND_ENABLE_STATIC_TSRMLS_CACHE=1 -c /magma/targets/php/repo/ext/pcre/pcre2lib/pcre2_ucd.c -o ext/pcre/pcre2lib/pcre2_ucd.lo  -MMD -MF ext/pcre/pcre2lib/pcre2_ucd.dep -MT ext/pcre/pcre2lib/pcre2_ucd.lo
#23 43.37 /bin/bash /magma/targets/php/repo/libtool --silent --preserve-dup-deps --tag CC --mode=compile /magma/fuzzers/aflplusplus_lto_entropy/repo/afl-clang-lto -Iext/pcre/ -I/magma/targets/php/repo/ext/pcre/ -I/magma/targets/php/repo/include -I/magma/targets/php/repo/main -I/magma/targets/php/repo -I/magma/targets/php/repo/ext/date/lib -I/magma/targets/php/repo/oniguruma/src -I/magma/targets/php/repo/ext/mbstring/libmbfl -I/magma/targets/php/repo/ext/mbstring/libmbfl/mbfl -I/magma/targets/php/repo/TSRM -I/magma/targets/php/repo/Zend    -fno-common -Wformat-truncation -Wall -Wextra -Wno-strict-aliasing -Wno-unused-parameter -Wno-sign-compare -g -O2 -fvisibility=hidden -DZEND_SIGNALS  -include /magma/magma/src/canary.h -DMAGMA_ENABLE_CANARIES    -g -O0 -fno-sanitize=object-size -Wno-implicit-fallthrough -DHAVE_CONFIG_H -I/magma/targets/php/repo/ext/pcre/pcre2lib -DZEND_ENABLE_STATIC_TSRMLS_CACHE=1 -c /magma/targets/php/repo/ext/pcre/pcre2lib/pcre2_valid_utf.c -o ext/pcre/pcre2lib/pcre2_valid_utf.lo  -MMD -MF ext/pcre/pcre2lib/pcre2_valid_utf.dep -MT ext/pcre/pcre2lib/pcre2_valid_utf.lo
#23 43.37 /bin/bash /magma/targets/php/repo/libtool --silent --preserve-dup-deps --tag CC --mode=compile /magma/fuzzers/aflplusplus_lto_entropy/repo/afl-clang-lto -Iext/pcre/ -I/magma/targets/php/repo/ext/pcre/ -I/magma/targets/php/repo/include -I/magma/targets/php/repo/main -I/magma/targets/php/repo -I/magma/targets/php/repo/ext/date/lib -I/magma/targets/php/repo/oniguruma/src -I/magma/targets/php/repo/ext/mbstring/libmbfl -I/magma/targets/php/repo/ext/mbstring/libmbfl/mbfl -I/magma/targets/php/repo/TSRM -I/magma/targets/php/repo/Zend    -fno-common -Wformat-truncation -Wall -Wextra -Wno-strict-aliasing -Wno-unused-parameter -Wno-sign-compare -g -O2 -fvisibility=hidden -DZEND_SIGNALS  -include /magma/magma/src/canary.h -DMAGMA_ENABLE_CANARIES    -g -O0 -fno-sanitize=object-size -Wno-implicit-fallthrough -DHAVE_CONFIG_H -I/magma/targets/php/repo/ext/pcre/pcre2lib -DZEND_ENABLE_STATIC_TSRMLS_CACHE=1 -c /magma/targets/php/repo/ext/pcre/pcre2lib/pcre2_xclass.c -o ext/pcre/pcre2lib/pcre2_xclass.lo  -MMD -MF ext/pcre/pcre2lib/pcre2_xclass.dep -MT ext/pcre/pcre2lib/pcre2_xclass.lo
#23 43.37 /bin/bash /magma/targets/php/repo/libtool --silent --preserve-dup-deps --tag CC --mode=compile /magma/fuzzers/aflplusplus_lto_entropy/repo/afl-clang-lto -Iext/pcre/ -I/magma/targets/php/repo/ext/pcre/ -I/magma/targets/php/repo/include -I/magma/targets/php/repo/main -I/magma/targets/php/repo -I/magma/targets/php/repo/ext/date/lib -I/magma/targets/php/repo/oniguruma/src -I/magma/targets/php/repo/ext/mbstring/libmbfl -I/magma/targets/php/repo/ext/mbstring/libmbfl/mbfl -I/magma/targets/php/repo/TSRM -I/magma/targets/php/repo/Zend    -fno-common -Wformat-truncation -Wall -Wextra -Wno-strict-aliasing -Wno-unused-parameter -Wno-sign-compare -g -O2 -fvisibility=hidden -DZEND_SIGNALS  -include /magma/magma/src/canary.h -DMAGMA_ENABLE_CANARIES    -g -O0 -fno-sanitize=object-size -Wno-implicit-fallthrough -DHAVE_CONFIG_H -I/magma/targets/php/repo/ext/pcre/pcre2lib -DZEND_ENABLE_STATIC_TSRMLS_CACHE=1 -c /magma/targets/php/repo/ext/pcre/pcre2lib/pcre2_find_bracket.c -o ext/pcre/pcre2lib/pcre2_find_bracket.lo  -MMD -MF ext/pcre/pcre2lib/pcre2_find_bracket.dep -MT ext/pcre/pcre2lib/pcre2_find_bracket.lo
#23 43.37 /bin/bash /magma/targets/php/repo/libtool --silent --preserve-dup-deps --tag CC --mode=compile /magma/fuzzers/aflplusplus_lto_entropy/repo/afl-clang-lto -Iext/pcre/ -I/magma/targets/php/repo/ext/pcre/ -I/magma/targets/php/repo/include -I/magma/targets/php/repo/main -I/magma/targets/php/repo -I/magma/targets/php/repo/ext/date/lib -I/magma/targets/php/repo/oniguruma/src -I/magma/targets/php/repo/ext/mbstring/libmbfl -I/magma/targets/php/repo/ext/mbstring/libmbfl/mbfl -I/magma/targets/php/repo/TSRM -I/magma/targets/php/repo/Zend    -fno-common -Wformat-truncation -Wall -Wextra -Wno-strict-aliasing -Wno-unused-parameter -Wno-sign-compare -g -O2 -fvisibility=hidden -DZEND_SIGNALS  -include /magma/magma/src/canary.h -DMAGMA_ENABLE_CANARIES    -g -O0 -fno-sanitize=object-size -Wno-implicit-fallthrough -DHAVE_CONFIG_H -I/magma/targets/php/repo/ext/pcre/pcre2lib -DZEND_ENABLE_STATIC_TSRMLS_CACHE=1 -c /magma/targets/php/repo/ext/pcre/pcre2lib/pcre2_convert.c -o ext/pcre/pcre2lib/pcre2_convert.lo  -MMD -MF ext/pcre/pcre2lib/pcre2_convert.dep -MT ext/pcre/pcre2lib/pcre2_convert.lo
#23 43.37 /bin/bash /magma/targets/php/repo/libtool --silent --preserve-dup-deps --tag CC --mode=compile /magma/fuzzers/aflplusplus_lto_entropy/repo/afl-clang-lto -Iext/pcre/ -I/magma/targets/php/repo/ext/pcre/ -I/magma/targets/php/repo/include -I/magma/targets/php/repo/main -I/magma/targets/php/repo -I/magma/targets/php/repo/ext/date/lib -I/magma/targets/php/repo/oniguruma/src -I/magma/targets/php/repo/ext/mbstring/libmbfl -I/magma/targets/php/repo/ext/mbstring/libmbfl/mbfl -I/magma/targets/php/repo/TSRM -I/magma/targets/php/repo/Zend    -fno-common -Wformat-truncation -Wall -Wextra -Wno-strict-aliasing -Wno-unused-parameter -Wno-sign-compare -g -O2 -fvisibility=hidden -DZEND_SIGNALS  -include /magma/magma/src/canary.h -DMAGMA_ENABLE_CANARIES    -g -O0 -fno-sanitize=object-size -Wno-implicit-fallthrough -DHAVE_CONFIG_H -I/magma/targets/php/repo/ext/pcre/pcre2lib -DZEND_ENABLE_STATIC_TSRMLS_CACHE=1 -c /magma/targets/php/repo/ext/pcre/pcre2lib/pcre2_extuni.c -o ext/pcre/pcre2lib/pcre2_extuni.lo  -MMD -MF ext/pcre/pcre2lib/pcre2_extuni.dep -MT ext/pcre/pcre2lib/pcre2_extuni.lo
#23 43.37 /bin/bash /magma/targets/php/repo/libtool --silent --preserve-dup-deps --tag CC --mode=compile /magma/fuzzers/aflplusplus_lto_entropy/repo/afl-clang-lto -Iext/pcre/ -I/magma/targets/php/repo/ext/pcre/ -I/magma/targets/php/repo/include -I/magma/targets/php/repo/main -I/magma/targets/php/repo -I/magma/targets/php/repo/ext/date/lib -I/magma/targets/php/repo/oniguruma/src -I/magma/targets/php/repo/ext/mbstring/libmbfl -I/magma/targets/php/repo/ext/mbstring/libmbfl/mbfl -I/magma/targets/php/repo/TSRM -I/magma/targets/php/repo/Zend    -fno-common -Wformat-truncation -Wall -Wextra -Wno-strict-aliasing -Wno-unused-parameter -Wno-sign-compare -g -O2 -fvisibility=hidden -DZEND_SIGNALS  -include /magma/magma/src/canary.h -DMAGMA_ENABLE_CANARIES    -g -O0 -fno-sanitize=object-size -Wno-implicit-fallthrough -DHAVE_CONFIG_H -I/magma/targets/php/repo/ext/pcre/pcre2lib -DZEND_ENABLE_STATIC_TSRMLS_CACHE=1 -c /magma/targets/php/repo/ext/pcre/pcre2lib/pcre2_script_run.c -o ext/pcre/pcre2lib/pcre2_script_run.lo  -MMD -MF ext/pcre/pcre2lib/pcre2_script_run.dep -MT ext/pcre/pcre2lib/pcre2_script_run.lo
#23 43.37 /bin/bash /magma/targets/php/repo/libtool --silent --preserve-dup-deps --tag CC --mode=compile /magma/fuzzers/aflplusplus_lto_entropy/repo/afl-clang-lto -Iext/pcre/ -I/magma/targets/php/repo/ext/pcre/ -I/magma/targets/php/repo/include -I/magma/targets/php/repo/main -I/magma/targets/php/repo -I/magma/targets/php/repo/ext/date/lib -I/magma/targets/php/repo/oniguruma/src -I/magma/targets/php/repo/ext/mbstring/libmbfl -I/magma/targets/php/repo/ext/mbstring/libmbfl/mbfl -I/magma/targets/php/repo/TSRM -I/magma/targets/php/repo/Zend    -fno-common -Wformat-truncation -Wall -Wextra -Wno-strict-aliasing -Wno-unused-parameter -Wno-sign-compare -g -O2 -fvisibility=hidden -DZEND_SIGNALS  -include /magma/magma/src/canary.h -DMAGMA_ENABLE_CANARIES    -g -O0 -fno-sanitize=object-size -Wno-implicit-fallthrough -DHAVE_CONFIG_H -I/magma/targets/php/repo/ext/pcre/pcre2lib -DZEND_ENABLE_STATIC_TSRMLS_CACHE=1 -c /magma/targets/php/repo/ext/pcre/php_pcre.c -o ext/pcre/php_pcre.lo  -MMD -MF ext/pcre/php_pcre.dep -MT ext/pcre/php_pcre.lo
#23 43.37 /bin/bash /magma/targets/php/repo/libtool --silent --preserve-dup-deps --tag CC --mode=compile /magma/fuzzers/aflplusplus_lto_entropy/repo/afl-clang-lto -Iext/exif/ -I/magma/targets/php/repo/ext/exif/ -I/magma/targets/php/repo/include -I/magma/targets/php/repo/main -I/magma/targets/php/repo -I/magma/targets/php/repo/ext/date/lib -I/magma/targets/php/repo/oniguruma/src -I/magma/targets/php/repo/ext/mbstring/libmbfl -I/magma/targets/php/repo/ext/mbstring/libmbfl/mbfl -I/magma/targets/php/repo/TSRM -I/magma/targets/php/repo/Zend    -fno-common -Wformat-truncation -Wall -Wextra -Wno-strict-aliasing -Wno-unused-parameter -Wno-sign-compare -g -O2 -fvisibility=hidden -DZEND_SIGNALS  -include /magma/magma/src/canary.h -DMAGMA_ENABLE_CANARIES    -g -O0 -fno-sanitize=object-size -DZEND_ENABLE_STATIC_TSRMLS_CACHE=1 -c /magma/targets/php/repo/ext/exif/exif.c -o ext/exif/exif.lo  -MMD -MF ext/exif/exif.dep -MT ext/exif/exif.lo
#23 43.37 /bin/bash /magma/targets/php/repo/libtool --silent --preserve-dup-deps --tag CC --mode=compile /magma/fuzzers/aflplusplus_lto_entropy/repo/afl-clang-lto -Iext/hash/ -I/magma/targets/php/repo/ext/hash/ -I/magma/targets/php/repo/include -I/magma/targets/php/repo/main -I/magma/targets/php/repo -I/magma/targets/php/repo/ext/date/lib -I/magma/targets/php/repo/oniguruma/src -I/magma/targets/php/repo/ext/mbstring/libmbfl -I/magma/targets/php/repo/ext/mbstring/libmbfl/mbfl -I/magma/targets/php/repo/TSRM -I/magma/targets/php/repo/Zend    -fno-common -Wformat-truncation -Wall -Wextra -Wno-strict-aliasing -Wno-unused-parameter -Wno-sign-compare -g -O2 -fvisibility=hidden -DZEND_SIGNALS  -include /magma/magma/src/canary.h -DMAGMA_ENABLE_CANARIES    -g -O0 -fno-sanitize=object-size -Wno-implicit-fallthrough -I/magma/targets/php/repo/ext/hash/sha3/generic64lc -DKeccakP200_excluded -DKeccakP400_excluded -DKeccakP800_excluded -DZEND_ENABLE_STATIC_TSRMLS_CACHE=1 -I/magma/targets/php/repo/ext/hash/xxhash -c /magma/targets/php/repo/ext/hash/hash.c -o ext/hash/hash.lo  -MMD -MF ext/hash/hash.dep -MT ext/hash/hash.lo
#23 43.37 /bin/bash /magma/targets/php/repo/libtool --silent --preserve-dup-deps --tag CC --mode=compile /magma/fuzzers/aflplusplus_lto_entropy/repo/afl-clang-lto -Iext/hash/ -I/magma/targets/php/repo/ext/hash/ -I/magma/targets/php/repo/include -I/magma/targets/php/repo/main -I/magma/targets/php/repo -I/magma/targets/php/repo/ext/date/lib -I/magma/targets/php/repo/oniguruma/src -I/magma/targets/php/repo/ext/mbstring/libmbfl -I/magma/targets/php/repo/ext/mbstring/libmbfl/mbfl -I/magma/targets/php/repo/TSRM -I/magma/targets/php/repo/Zend    -fno-common -Wformat-truncation -Wall -Wextra -Wno-strict-aliasing -Wno-unused-parameter -Wno-sign-compare -g -O2 -fvisibility=hidden -DZEND_SIGNALS  -include /magma/magma/src/canary.h -DMAGMA_ENABLE_CANARIES    -g -O0 -fno-sanitize=object-size -Wno-implicit-fallthrough -I/magma/targets/php/repo/ext/hash/sha3/generic64lc -DKeccakP200_excluded -DKeccakP400_excluded -DKeccakP800_excluded -DZEND_ENABLE_STATIC_TSRMLS_CACHE=1 -I/magma/targets/php/repo/ext/hash/xxhash -c /magma/targets/php/repo/ext/hash/hash_md.c -o ext/hash/hash_md.lo  -MMD -MF ext/hash/hash_md.dep -MT ext/hash/hash_md.lo
#23 43.37 /bin/bash /magma/targets/php/repo/libtool --silent --preserve-dup-deps --tag CC --mode=compile /magma/fuzzers/aflplusplus_lto_entropy/repo/afl-clang-lto -Iext/hash/ -I/magma/targets/php/repo/ext/hash/ -I/magma/targets/php/repo/include -I/magma/targets/php/repo/main -I/magma/targets/php/repo -I/magma/targets/php/repo/ext/date/lib -I/magma/targets/php/repo/oniguruma/src -I/magma/targets/php/repo/ext/mbstring/libmbfl -I/magma/targets/php/repo/ext/mbstring/libmbfl/mbfl -I/magma/targets/php/repo/TSRM -I/magma/targets/php/repo/Zend    -fno-common -Wformat-truncation -Wall -Wextra -Wno-strict-aliasing -Wno-unused-parameter -Wno-sign-compare -g -O2 -fvisibility=hidden -DZEND_SIGNALS  -include /magma/magma/src/canary.h -DMAGMA_ENABLE_CANARIES    -g -O0 -fno-sanitize=object-size -Wno-implicit-fallthrough -I/magma/targets/php/repo/ext/hash/sha3/generic64lc -DKeccakP200_excluded -DKeccakP400_excluded -DKeccakP800_excluded -DZEND_ENABLE_STATIC_TSRMLS_CACHE=1 -I/magma/targets/php/repo/ext/hash/xxhash -c /magma/targets/php/repo/ext/hash/hash_sha.c -o ext/hash/hash_sha.lo  -MMD -MF ext/hash/hash_sha.dep -MT ext/hash/hash_sha.lo
#23 43.37 /bin/bash /magma/targets/php/repo/libtool --silent --preserve-dup-deps --tag CC --mode=compile /magma/fuzzers/aflplusplus_lto_entropy/repo/afl-clang-lto -Iext/hash/ -I/magma/targets/php/repo/ext/hash/ -I/magma/targets/php/repo/include -I/magma/targets/php/repo/main -I/magma/targets/php/repo -I/magma/targets/php/repo/ext/date/lib -I/magma/targets/php/repo/oniguruma/src -I/magma/targets/php/repo/ext/mbstring/libmbfl -I/magma/targets/php/repo/ext/mbstring/libmbfl/mbfl -I/magma/targets/php/repo/TSRM -I/magma/targets/php/repo/Zend    -fno-common -Wformat-truncation -Wall -Wextra -Wno-strict-aliasing -Wno-unused-parameter -Wno-sign-compare -g -O2 -fvisibility=hidden -DZEND_SIGNALS  -include /magma/magma/src/canary.h -DMAGMA_ENABLE_CANARIES    -g -O0 -fno-sanitize=object-size -Wno-implicit-fallthrough -I/magma/targets/php/repo/ext/hash/sha3/generic64lc -DKeccakP200_excluded -DKeccakP400_excluded -DKeccakP800_excluded -DZEND_ENABLE_STATIC_TSRMLS_CACHE=1 -I/magma/targets/php/repo/ext/hash/xxhash -c /magma/targets/php/repo/ext/hash/hash_ripemd.c -o ext/hash/hash_ripemd.lo  -MMD -MF ext/hash/hash_ripemd.dep -MT ext/hash/hash_ripemd.lo
#23 43.37 /bin/bash /magma/targets/php/repo/libtool --silent --preserve-dup-deps --tag CC --mode=compile /magma/fuzzers/aflplusplus_lto_entropy/repo/afl-clang-lto -Iext/hash/ -I/magma/targets/php/repo/ext/hash/ -I/magma/targets/php/repo/include -I/magma/targets/php/repo/main -I/magma/targets/php/repo -I/magma/targets/php/repo/ext/date/lib -I/magma/targets/php/repo/oniguruma/src -I/magma/targets/php/repo/ext/mbstring/libmbfl -I/magma/targets/php/repo/ext/mbstring/libmbfl/mbfl -I/magma/targets/php/repo/TSRM -I/magma/targets/php/repo/Zend    -fno-common -Wformat-truncation -Wall -Wextra -Wno-strict-aliasing -Wno-unused-parameter -Wno-sign-compare -g -O2 -fvisibility=hidden -DZEND_SIGNALS  -include /magma/magma/src/canary.h -DMAGMA_ENABLE_CANARIES    -g -O0 -fno-sanitize=object-size -Wno-implicit-fallthrough -I/magma/targets/php/repo/ext/hash/sha3/generic64lc -DKeccakP200_excluded -DKeccakP400_excluded -DKeccakP800_excluded -DZEND_ENABLE_STATIC_TSRMLS_CACHE=1 -I/magma/targets/php/repo/ext/hash/xxhash -c /magma/targets/php/repo/ext/hash/hash_haval.c -o ext/hash/hash_haval.lo  -MMD -MF ext/hash/hash_haval.dep -MT ext/hash/hash_haval.lo
#23 43.37 /bin/bash /magma/targets/php/repo/libtool --silent --preserve-dup-deps --tag CC --mode=compile /magma/fuzzers/aflplusplus_lto_entropy/repo/afl-clang-lto -Iext/hash/ -I/magma/targets/php/repo/ext/hash/ -I/magma/targets/php/repo/include -I/magma/targets/php/repo/main -I/magma/targets/php/repo -I/magma/targets/php/repo/ext/date/lib -I/magma/targets/php/repo/oniguruma/src -I/magma/targets/php/repo/ext/mbstring/libmbfl -I/magma/targets/php/repo/ext/mbstring/libmbfl/mbfl -I/magma/targets/php/repo/TSRM -I/magma/targets/php/repo/Zend    -fno-common -Wformat-truncation -Wall -Wextra -Wno-strict-aliasing -Wno-unused-parameter -Wno-sign-compare -g -O2 -fvisibility=hidden -DZEND_SIGNALS  -include /magma/magma/src/canary.h -DMAGMA_ENABLE_CANARIES    -g -O0 -fno-sanitize=object-size -Wno-implicit-fallthrough -I/magma/targets/php/repo/ext/hash/sha3/generic64lc -DKeccakP200_excluded -DKeccakP400_excluded -DKeccakP800_excluded -DZEND_ENABLE_STATIC_TSRMLS_CACHE=1 -I/magma/targets/php/repo/ext/hash/xxhash -c /magma/targets/php/repo/ext/hash/hash_tiger.c -o ext/hash/hash_tiger.lo  -MMD -MF ext/hash/hash_tiger.dep -MT ext/hash/hash_tiger.lo
#23 43.37 /bin/bash /magma/targets/php/repo/libtool --silent --preserve-dup-deps --tag CC --mode=compile /magma/fuzzers/aflplusplus_lto_entropy/repo/afl-clang-lto -Iext/hash/ -I/magma/targets/php/repo/ext/hash/ -I/magma/targets/php/repo/include -I/magma/targets/php/repo/main -I/magma/targets/php/repo -I/magma/targets/php/repo/ext/date/lib -I/magma/targets/php/repo/oniguruma/src -I/magma/targets/php/repo/ext/mbstring/libmbfl -I/magma/targets/php/repo/ext/mbstring/libmbfl/mbfl -I/magma/targets/php/repo/TSRM -I/magma/targets/php/repo/Zend    -fno-common -Wformat-truncation -Wall -Wextra -Wno-strict-aliasing -Wno-unused-parameter -Wno-sign-compare -g -O2 -fvisibility=hidden -DZEND_SIGNALS  -include /magma/magma/src/canary.h -DMAGMA_ENABLE_CANARIES    -g -O0 -fno-sanitize=object-size -Wno-implicit-fallthrough -I/magma/targets/php/repo/ext/hash/sha3/generic64lc -DKeccakP200_excluded -DKeccakP400_excluded -DKeccakP800_excluded -DZEND_ENABLE_STATIC_TSRMLS_CACHE=1 -I/magma/targets/php/repo/ext/hash/xxhash -c /magma/targets/php/repo/ext/hash/hash_gost.c -o ext/hash/hash_gost.lo  -MMD -MF ext/hash/hash_gost.dep -MT ext/hash/hash_gost.lo
#23 43.37 /bin/bash /magma/targets/php/repo/libtool --silent --preserve-dup-deps --tag CC --mode=compile /magma/fuzzers/aflplusplus_lto_entropy/repo/afl-clang-lto -Iext/hash/ -I/magma/targets/php/repo/ext/hash/ -I/magma/targets/php/repo/include -I/magma/targets/php/repo/main -I/magma/targets/php/repo -I/magma/targets/php/repo/ext/date/lib -I/magma/targets/php/repo/oniguruma/src -I/magma/targets/php/repo/ext/mbstring/libmbfl -I/magma/targets/php/repo/ext/mbstring/libmbfl/mbfl -I/magma/targets/php/repo/TSRM -I/magma/targets/php/repo/Zend    -fno-common -Wformat-truncation -Wall -Wextra -Wno-strict-aliasing -Wno-unused-parameter -Wno-sign-compare -g -O2 -fvisibility=hidden -DZEND_SIGNALS  -include /magma/magma/src/canary.h -DMAGMA_ENABLE_CANARIES    -g -O0 -fno-sanitize=object-size -Wno-implicit-fallthrough -I/magma/targets/php/repo/ext/hash/sha3/generic64lc -DKeccakP200_excluded -DKeccakP400_excluded -DKeccakP800_excluded -DZEND_ENABLE_STATIC_TSRMLS_CACHE=1 -I/magma/targets/php/repo/ext/hash/xxhash -c /magma/targets/php/repo/ext/hash/hash_snefru.c -o ext/hash/hash_snefru.lo  -MMD -MF ext/hash/hash_snefru.dep -MT ext/hash/hash_snefru.lo
#23 43.37 /bin/bash /magma/targets/php/repo/libtool --silent --preserve-dup-deps --tag CC --mode=compile /magma/fuzzers/aflplusplus_lto_entropy/repo/afl-clang-lto -Iext/hash/ -I/magma/targets/php/repo/ext/hash/ -I/magma/targets/php/repo/include -I/magma/targets/php/repo/main -I/magma/targets/php/repo -I/magma/targets/php/repo/ext/date/lib -I/magma/targets/php/repo/oniguruma/src -I/magma/targets/php/repo/ext/mbstring/libmbfl -I/magma/targets/php/repo/ext/mbstring/libmbfl/mbfl -I/magma/targets/php/repo/TSRM -I/magma/targets/php/repo/Zend    -fno-common -Wformat-truncation -Wall -Wextra -Wno-strict-aliasing -Wno-unused-parameter -Wno-sign-compare -g -O2 -fvisibility=hidden -DZEND_SIGNALS  -include /magma/magma/src/canary.h -DMAGMA_ENABLE_CANARIES    -g -O0 -fno-sanitize=object-size -Wno-implicit-fallthrough -I/magma/targets/php/repo/ext/hash/sha3/generic64lc -DKeccakP200_excluded -DKeccakP400_excluded -DKeccakP800_excluded -DZEND_ENABLE_STATIC_TSRMLS_CACHE=1 -I/magma/targets/php/repo/ext/hash/xxhash -c /magma/targets/php/repo/ext/hash/hash_whirlpool.c -o ext/hash/hash_whirlpool.lo  -MMD -MF ext/hash/hash_whirlpool.dep -MT ext/hash/hash_whirlpool.lo
#23 43.37 /bin/bash /magma/targets/php/repo/libtool --silent --preserve-dup-deps --tag CC --mode=compile /magma/fuzzers/aflplusplus_lto_entropy/repo/afl-clang-lto -Iext/hash/ -I/magma/targets/php/repo/ext/hash/ -I/magma/targets/php/repo/include -I/magma/targets/php/repo/main -I/magma/targets/php/repo -I/magma/targets/php/repo/ext/date/lib -I/magma/targets/php/repo/oniguruma/src -I/magma/targets/php/repo/ext/mbstring/libmbfl -I/magma/targets/php/repo/ext/mbstring/libmbfl/mbfl -I/magma/targets/php/repo/TSRM -I/magma/targets/php/repo/Zend    -fno-common -Wformat-truncation -Wall -Wextra -Wno-strict-aliasing -Wno-unused-parameter -Wno-sign-compare -g -O2 -fvisibility=hidden -DZEND_SIGNALS  -include /magma/magma/src/canary.h -DMAGMA_ENABLE_CANARIES    -g -O0 -fno-sanitize=object-size -Wno-implicit-fallthrough -I/magma/targets/php/repo/ext/hash/sha3/generic64lc -DKeccakP200_excluded -DKeccakP400_excluded -DKeccakP800_excluded -DZEND_ENABLE_STATIC_TSRMLS_CACHE=1 -I/magma/targets/php/repo/ext/hash/xxhash -c /magma/targets/php/repo/ext/hash/hash_adler32.c -o ext/hash/hash_adler32.lo  -MMD -MF ext/hash/hash_adler32.dep -MT ext/hash/hash_adler32.lo
#23 43.38 /bin/bash /magma/targets/php/repo/libtool --silent --preserve-dup-deps --tag CC --mode=compile /magma/fuzzers/aflplusplus_lto_entropy/repo/afl-clang-lto -Iext/hash/ -I/magma/targets/php/repo/ext/hash/ -I/magma/targets/php/repo/include -I/magma/targets/php/repo/main -I/magma/targets/php/repo -I/magma/targets/php/repo/ext/date/lib -I/magma/targets/php/repo/oniguruma/src -I/magma/targets/php/repo/ext/mbstring/libmbfl -I/magma/targets/php/repo/ext/mbstring/libmbfl/mbfl -I/magma/targets/php/repo/TSRM -I/magma/targets/php/repo/Zend    -fno-common -Wformat-truncation -Wall -Wextra -Wno-strict-aliasing -Wno-unused-parameter -Wno-sign-compare -g -O2 -fvisibility=hidden -DZEND_SIGNALS  -include /magma/magma/src/canary.h -DMAGMA_ENABLE_CANARIES    -g -O0 -fno-sanitize=object-size -Wno-implicit-fallthrough -I/magma/targets/php/repo/ext/hash/sha3/generic64lc -DKeccakP200_excluded -DKeccakP400_excluded -DKeccakP800_excluded -DZEND_ENABLE_STATIC_TSRMLS_CACHE=1 -I/magma/targets/php/repo/ext/hash/xxhash -c /magma/targets/php/repo/ext/hash/hash_crc32.c -o ext/hash/hash_crc32.lo  -MMD -MF ext/hash/hash_crc32.dep -MT ext/hash/hash_crc32.lo
#23 43.38 /bin/bash /magma/targets/php/repo/libtool --silent --preserve-dup-deps --tag CC --mode=compile /magma/fuzzers/aflplusplus_lto_entropy/repo/afl-clang-lto -Iext/hash/ -I/magma/targets/php/repo/ext/hash/ -I/magma/targets/php/repo/include -I/magma/targets/php/repo/main -I/magma/targets/php/repo -I/magma/targets/php/repo/ext/date/lib -I/magma/targets/php/repo/oniguruma/src -I/magma/targets/php/repo/ext/mbstring/libmbfl -I/magma/targets/php/repo/ext/mbstring/libmbfl/mbfl -I/magma/targets/php/repo/TSRM -I/magma/targets/php/repo/Zend    -fno-common -Wformat-truncation -Wall -Wextra -Wno-strict-aliasing -Wno-unused-parameter -Wno-sign-compare -g -O2 -fvisibility=hidden -DZEND_SIGNALS  -include /magma/magma/src/canary.h -DMAGMA_ENABLE_CANARIES    -g -O0 -fno-sanitize=object-size -Wno-implicit-fallthrough -I/magma/targets/php/repo/ext/hash/sha3/generic64lc -DKeccakP200_excluded -DKeccakP400_excluded -DKeccakP800_excluded -DZEND_ENABLE_STATIC_TSRMLS_CACHE=1 -I/magma/targets/php/repo/ext/hash/xxhash -c /magma/targets/php/repo/ext/hash/hash_fnv.c -o ext/hash/hash_fnv.lo  -MMD -MF ext/hash/hash_fnv.dep -MT ext/hash/hash_fnv.lo
#23 43.38 /bin/bash /magma/targets/php/repo/libtool --silent --preserve-dup-deps --tag CC --mode=compile /magma/fuzzers/aflplusplus_lto_entropy/repo/afl-clang-lto -Iext/hash/ -I/magma/targets/php/repo/ext/hash/ -I/magma/targets/php/repo/include -I/magma/targets/php/repo/main -I/magma/targets/php/repo -I/magma/targets/php/repo/ext/date/lib -I/magma/targets/php/repo/oniguruma/src -I/magma/targets/php/repo/ext/mbstring/libmbfl -I/magma/targets/php/repo/ext/mbstring/libmbfl/mbfl -I/magma/targets/php/repo/TSRM -I/magma/targets/php/repo/Zend    -fno-common -Wformat-truncation -Wall -Wextra -Wno-strict-aliasing -Wno-unused-parameter -Wno-sign-compare -g -O2 -fvisibility=hidden -DZEND_SIGNALS  -include /magma/magma/src/canary.h -DMAGMA_ENABLE_CANARIES    -g -O0 -fno-sanitize=object-size -Wno-implicit-fallthrough -I/magma/targets/php/repo/ext/hash/sha3/generic64lc -DKeccakP200_excluded -DKeccakP400_excluded -DKeccakP800_excluded -DZEND_ENABLE_STATIC_TSRMLS_CACHE=1 -I/magma/targets/php/repo/ext/hash/xxhash -c /magma/targets/php/repo/ext/hash/hash_joaat.c -o ext/hash/hash_joaat.lo  -MMD -MF ext/hash/hash_joaat.dep -MT ext/hash/hash_joaat.lo
#23 43.38 /bin/bash /magma/targets/php/repo/libtool --silent --preserve-dup-deps --tag CC --mode=compile /magma/fuzzers/aflplusplus_lto_entropy/repo/afl-clang-lto -Iext/hash/ -I/magma/targets/php/repo/ext/hash/ -I/magma/targets/php/repo/include -I/magma/targets/php/repo/main -I/magma/targets/php/repo -I/magma/targets/php/repo/ext/date/lib -I/magma/targets/php/repo/oniguruma/src -I/magma/targets/php/repo/ext/mbstring/libmbfl -I/magma/targets/php/repo/ext/mbstring/libmbfl/mbfl -I/magma/targets/php/repo/TSRM -I/magma/targets/php/repo/Zend    -fno-common -Wformat-truncation -Wall -Wextra -Wno-strict-aliasing -Wno-unused-parameter -Wno-sign-compare -g -O2 -fvisibility=hidden -DZEND_SIGNALS  -include /magma/magma/src/canary.h -DMAGMA_ENABLE_CANARIES    -g -O0 -fno-sanitize=object-size -Wno-implicit-fallthrough -I/magma/targets/php/repo/ext/hash/sha3/generic64lc -DKeccakP200_excluded -DKeccakP400_excluded -DKeccakP800_excluded -DZEND_ENABLE_STATIC_TSRMLS_CACHE=1 -I/magma/targets/php/repo/ext/hash/xxhash -c /magma/targets/php/repo/ext/hash/sha3/generic64lc/KeccakP-1600-opt64.c -o ext/hash/sha3/generic64lc/KeccakP-1600-opt64.lo  -MMD -MF ext/hash/sha3/generic64lc/KeccakP-1600-opt64.dep -MT ext/hash/sha3/generic64lc/KeccakP-1600-opt64.lo
#23 43.38 /bin/bash /magma/targets/php/repo/libtool --silent --preserve-dup-deps --tag CC --mode=compile /magma/fuzzers/aflplusplus_lto_entropy/repo/afl-clang-lto -Iext/hash/ -I/magma/targets/php/repo/ext/hash/ -I/magma/targets/php/repo/include -I/magma/targets/php/repo/main -I/magma/targets/php/repo -I/magma/targets/php/repo/ext/date/lib -I/magma/targets/php/repo/oniguruma/src -I/magma/targets/php/repo/ext/mbstring/libmbfl -I/magma/targets/php/repo/ext/mbstring/libmbfl/mbfl -I/magma/targets/php/repo/TSRM -I/magma/targets/php/repo/Zend    -fno-common -Wformat-truncation -Wall -Wextra -Wno-strict-aliasing -Wno-unused-parameter -Wno-sign-compare -g -O2 -fvisibility=hidden -DZEND_SIGNALS  -include /magma/magma/src/canary.h -DMAGMA_ENABLE_CANARIES    -g -O0 -fno-sanitize=object-size -Wno-implicit-fallthrough -I/magma/targets/php/repo/ext/hash/sha3/generic64lc -DKeccakP200_excluded -DKeccakP400_excluded -DKeccakP800_excluded -DZEND_ENABLE_STATIC_TSRMLS_CACHE=1 -I/magma/targets/php/repo/ext/hash/xxhash -c /magma/targets/php/repo/ext/hash/sha3/generic64lc/KeccakHash.c -o ext/hash/sha3/generic64lc/KeccakHash.lo  -MMD -MF ext/hash/sha3/generic64lc/KeccakHash.dep -MT ext/hash/sha3/generic64lc/KeccakHash.lo
#23 43.38 /bin/bash /magma/targets/php/repo/libtool --silent --preserve-dup-deps --tag CC --mode=compile /magma/fuzzers/aflplusplus_lto_entropy/repo/afl-clang-lto -Iext/hash/ -I/magma/targets/php/repo/ext/hash/ -I/magma/targets/php/repo/include -I/magma/targets/php/repo/main -I/magma/targets/php/repo -I/magma/targets/php/repo/ext/date/lib -I/magma/targets/php/repo/oniguruma/src -I/magma/targets/php/repo/ext/mbstring/libmbfl -I/magma/targets/php/repo/ext/mbstring/libmbfl/mbfl -I/magma/targets/php/repo/TSRM -I/magma/targets/php/repo/Zend    -fno-common -Wformat-truncation -Wall -Wextra -Wno-strict-aliasing -Wno-unused-parameter -Wno-sign-compare -g -O2 -fvisibility=hidden -DZEND_SIGNALS  -include /magma/magma/src/canary.h -DMAGMA_ENABLE_CANARIES    -g -O0 -fno-sanitize=object-size -Wno-implicit-fallthrough -I/magma/targets/php/repo/ext/hash/sha3/generic64lc -DKeccakP200_excluded -DKeccakP400_excluded -DKeccakP800_excluded -DZEND_ENABLE_STATIC_TSRMLS_CACHE=1 -I/magma/targets/php/repo/ext/hash/xxhash -c /magma/targets/php/repo/ext/hash/sha3/generic64lc/KeccakSponge.c -o ext/hash/sha3/generic64lc/KeccakSponge.lo  -MMD -MF ext/hash/sha3/generic64lc/KeccakSponge.dep -MT ext/hash/sha3/generic64lc/KeccakSponge.lo
#23 43.38 /bin/bash /magma/targets/php/repo/libtool --silent --preserve-dup-deps --tag CC --mode=compile /magma/fuzzers/aflplusplus_lto_entropy/repo/afl-clang-lto -Iext/hash/ -I/magma/targets/php/repo/ext/hash/ -I/magma/targets/php/repo/include -I/magma/targets/php/repo/main -I/magma/targets/php/repo -I/magma/targets/php/repo/ext/date/lib -I/magma/targets/php/repo/oniguruma/src -I/magma/targets/php/repo/ext/mbstring/libmbfl -I/magma/targets/php/repo/ext/mbstring/libmbfl/mbfl -I/magma/targets/php/repo/TSRM -I/magma/targets/php/repo/Zend    -fno-common -Wformat-truncation -Wall -Wextra -Wno-strict-aliasing -Wno-unused-parameter -Wno-sign-compare -g -O2 -fvisibility=hidden -DZEND_SIGNALS  -include /magma/magma/src/canary.h -DMAGMA_ENABLE_CANARIES    -g -O0 -fno-sanitize=object-size -Wno-implicit-fallthrough -I/magma/targets/php/repo/ext/hash/sha3/generic64lc -DKeccakP200_excluded -DKeccakP400_excluded -DKeccakP800_excluded -DZEND_ENABLE_STATIC_TSRMLS_CACHE=1 -I/magma/targets/php/repo/ext/hash/xxhash -c /magma/targets/php/repo/ext/hash/hash_sha3.c -o ext/hash/hash_sha3.lo  -MMD -MF ext/hash/hash_sha3.dep -MT ext/hash/hash_sha3.lo
#23 43.38 /bin/bash /magma/targets/php/repo/libtool --silent --preserve-dup-deps --tag CC --mode=compile /magma/fuzzers/aflplusplus_lto_entropy/repo/afl-clang-lto -Iext/hash/ -I/magma/targets/php/repo/ext/hash/ -I/magma/targets/php/repo/include -I/magma/targets/php/repo/main -I/magma/targets/php/repo -I/magma/targets/php/repo/ext/date/lib -I/magma/targets/php/repo/oniguruma/src -I/magma/targets/php/repo/ext/mbstring/libmbfl -I/magma/targets/php/repo/ext/mbstring/libmbfl/mbfl -I/magma/targets/php/repo/TSRM -I/magma/targets/php/repo/Zend    -fno-common -Wformat-truncation -Wall -Wextra -Wno-strict-aliasing -Wno-unused-parameter -Wno-sign-compare -g -O2 -fvisibility=hidden -DZEND_SIGNALS  -include /magma/magma/src/canary.h -DMAGMA_ENABLE_CANARIES    -g -O0 -fno-sanitize=object-size -Wno-implicit-fallthrough -I/magma/targets/php/repo/ext/hash/sha3/generic64lc -DKeccakP200_excluded -DKeccakP400_excluded -DKeccakP800_excluded -DZEND_ENABLE_STATIC_TSRMLS_CACHE=1 -I/magma/targets/php/repo/ext/hash/xxhash -c /magma/targets/php/repo/ext/hash/murmur/PMurHash.c -o ext/hash/murmur/PMurHash.lo  -MMD -MF ext/hash/murmur/PMurHash.dep -MT ext/hash/murmur/PMurHash.lo
#23 43.38 /bin/bash /magma/targets/php/repo/libtool --silent --preserve-dup-deps --tag CC --mode=compile /magma/fuzzers/aflplusplus_lto_entropy/repo/afl-clang-lto -Iext/hash/ -I/magma/targets/php/repo/ext/hash/ -I/magma/targets/php/repo/include -I/magma/targets/php/repo/main -I/magma/targets/php/repo -I/magma/targets/php/repo/ext/date/lib -I/magma/targets/php/repo/oniguruma/src -I/magma/targets/php/repo/ext/mbstring/libmbfl -I/magma/targets/php/repo/ext/mbstring/libmbfl/mbfl -I/magma/targets/php/repo/TSRM -I/magma/targets/php/repo/Zend    -fno-common -Wformat-truncation -Wall -Wextra -Wno-strict-aliasing -Wno-unused-parameter -Wno-sign-compare -g -O2 -fvisibility=hidden -DZEND_SIGNALS  -include /magma/magma/src/canary.h -DMAGMA_ENABLE_CANARIES    -g -O0 -fno-sanitize=object-size -Wno-implicit-fallthrough -I/magma/targets/php/repo/ext/hash/sha3/generic64lc -DKeccakP200_excluded -DKeccakP400_excluded -DKeccakP800_excluded -DZEND_ENABLE_STATIC_TSRMLS_CACHE=1 -I/magma/targets/php/repo/ext/hash/xxhash -c /magma/targets/php/repo/ext/hash/murmur/PMurHash128.c -o ext/hash/murmur/PMurHash128.lo  -MMD -MF ext/hash/murmur/PMurHash128.dep -MT ext/hash/murmur/PMurHash128.lo
#23 43.38 /bin/bash /magma/targets/php/repo/libtool --silent --preserve-dup-deps --tag CC --mode=compile /magma/fuzzers/aflplusplus_lto_entropy/repo/afl-clang-lto -Iext/hash/ -I/magma/targets/php/repo/ext/hash/ -I/magma/targets/php/repo/include -I/magma/targets/php/repo/main -I/magma/targets/php/repo -I/magma/targets/php/repo/ext/date/lib -I/magma/targets/php/repo/oniguruma/src -I/magma/targets/php/repo/ext/mbstring/libmbfl -I/magma/targets/php/repo/ext/mbstring/libmbfl/mbfl -I/magma/targets/php/repo/TSRM -I/magma/targets/php/repo/Zend    -fno-common -Wformat-truncation -Wall -Wextra -Wno-strict-aliasing -Wno-unused-parameter -Wno-sign-compare -g -O2 -fvisibility=hidden -DZEND_SIGNALS  -include /magma/magma/src/canary.h -DMAGMA_ENABLE_CANARIES    -g -O0 -fno-sanitize=object-size -Wno-implicit-fallthrough -I/magma/targets/php/repo/ext/hash/sha3/generic64lc -DKeccakP200_excluded -DKeccakP400_excluded -DKeccakP800_excluded -DZEND_ENABLE_STATIC_TSRMLS_CACHE=1 -I/magma/targets/php/repo/ext/hash/xxhash -c /magma/targets/php/repo/ext/hash/hash_murmur.c -o ext/hash/hash_murmur.lo  -MMD -MF ext/hash/hash_murmur.dep -MT ext/hash/hash_murmur.lo
#23 43.38 /bin/bash /magma/targets/php/repo/libtool --silent --preserve-dup-deps --tag CC --mode=compile /magma/fuzzers/aflplusplus_lto_entropy/repo/afl-clang-lto -Iext/hash/ -I/magma/targets/php/repo/ext/hash/ -I/magma/targets/php/repo/include -I/magma/targets/php/repo/main -I/magma/targets/php/repo -I/magma/targets/php/repo/ext/date/lib -I/magma/targets/php/repo/oniguruma/src -I/magma/targets/php/repo/ext/mbstring/libmbfl -I/magma/targets/php/repo/ext/mbstring/libmbfl/mbfl -I/magma/targets/php/repo/TSRM -I/magma/targets/php/repo/Zend    -fno-common -Wformat-truncation -Wall -Wextra -Wno-strict-aliasing -Wno-unused-parameter -Wno-sign-compare -g -O2 -fvisibility=hidden -DZEND_SIGNALS  -include /magma/magma/src/canary.h -DMAGMA_ENABLE_CANARIES    -g -O0 -fno-sanitize=object-size -Wno-implicit-fallthrough -I/magma/targets/php/repo/ext/hash/sha3/generic64lc -DKeccakP200_excluded -DKeccakP400_excluded -DKeccakP800_excluded -DZEND_ENABLE_STATIC_TSRMLS_CACHE=1 -I/magma/targets/php/repo/ext/hash/xxhash -c /magma/targets/php/repo/ext/hash/hash_xxhash.c -o ext/hash/hash_xxhash.lo  -MMD -MF ext/hash/hash_xxhash.dep -MT ext/hash/hash_xxhash.lo
#23 43.38 /bin/bash /magma/targets/php/repo/libtool --silent --preserve-dup-deps --tag CC --mode=compile /magma/fuzzers/aflplusplus_lto_entropy/repo/afl-clang-lto -Iext/intl/ -I/magma/targets/php/repo/ext/intl/ -I/magma/targets/php/repo/include -I/magma/targets/php/repo/main -I/magma/targets/php/repo -I/magma/targets/php/repo/ext/date/lib -I/magma/targets/php/repo/oniguruma/src -I/magma/targets/php/repo/ext/mbstring/libmbfl -I/magma/targets/php/repo/ext/mbstring/libmbfl/mbfl -I/magma/targets/php/repo/TSRM -I/magma/targets/php/repo/Zend    -fno-common -Wformat-truncation -Wall -Wextra -Wno-strict-aliasing -Wno-unused-parameter -Wno-sign-compare -g -O2 -fvisibility=hidden -DZEND_SIGNALS  -include /magma/magma/src/canary.h -DMAGMA_ENABLE_CANARIES    -g -O0 -fno-sanitize=object-size  -DU_NO_DEFAULT_INCLUDE_UTF_HEADERS=1 -DU_HIDE_OBSOLETE_UTF_OLD_H=1 -Wno-write-strings -D__STDC_LIMIT_MACROS -D__STDC_CONSTANT_MACROS -D__STDC_FORMAT_MACROS -DZEND_ENABLE_STATIC_TSRMLS_CACHE=1 -c /magma/targets/php/repo/ext/intl/php_intl.c -o ext/intl/php_intl.lo  -MMD -MF ext/intl/php_intl.dep -MT ext/intl/php_intl.lo
#23 43.38 /bin/bash /magma/targets/php/repo/libtool --silent --preserve-dup-deps --tag CC --mode=compile /magma/fuzzers/aflplusplus_lto_entropy/repo/afl-clang-lto -Iext/intl/ -I/magma/targets/php/repo/ext/intl/ -I/magma/targets/php/repo/include -I/magma/targets/php/repo/main -I/magma/targets/php/repo -I/magma/targets/php/repo/ext/date/lib -I/magma/targets/php/repo/oniguruma/src -I/magma/targets/php/repo/ext/mbstring/libmbfl -I/magma/targets/php/repo/ext/mbstring/libmbfl/mbfl -I/magma/targets/php/repo/TSRM -I/magma/targets/php/repo/Zend    -fno-common -Wformat-truncation -Wall -Wextra -Wno-strict-aliasing -Wno-unused-parameter -Wno-sign-compare -g -O2 -fvisibility=hidden -DZEND_SIGNALS  -include /magma/magma/src/canary.h -DMAGMA_ENABLE_CANARIES    -g -O0 -fno-sanitize=object-size  -DU_NO_DEFAULT_INCLUDE_UTF_HEADERS=1 -DU_HIDE_OBSOLETE_UTF_OLD_H=1 -Wno-write-strings -D__STDC_LIMIT_MACROS -D__STDC_CONSTANT_MACROS -D__STDC_FORMAT_MACROS -DZEND_ENABLE_STATIC_TSRMLS_CACHE=1 -c /magma/targets/php/repo/ext/intl/intl_error.c -o ext/intl/intl_error.lo  -MMD -MF ext/intl/intl_error.dep -MT ext/intl/intl_error.lo
#23 43.38 /bin/bash /magma/targets/php/repo/libtool --silent --preserve-dup-deps --tag CC --mode=compile /magma/fuzzers/aflplusplus_lto_entropy/repo/afl-clang-lto -Iext/intl/ -I/magma/targets/php/repo/ext/intl/ -I/magma/targets/php/repo/include -I/magma/targets/php/repo/main -I/magma/targets/php/repo -I/magma/targets/php/repo/ext/date/lib -I/magma/targets/php/repo/oniguruma/src -I/magma/targets/php/repo/ext/mbstring/libmbfl -I/magma/targets/php/repo/ext/mbstring/libmbfl/mbfl -I/magma/targets/php/repo/TSRM -I/magma/targets/php/repo/Zend    -fno-common -Wformat-truncation -Wall -Wextra -Wno-strict-aliasing -Wno-unused-parameter -Wno-sign-compare -g -O2 -fvisibility=hidden -DZEND_SIGNALS  -include /magma/magma/src/canary.h -DMAGMA_ENABLE_CANARIES    -g -O0 -fno-sanitize=object-size  -DU_NO_DEFAULT_INCLUDE_UTF_HEADERS=1 -DU_HIDE_OBSOLETE_UTF_OLD_H=1 -Wno-write-strings -D__STDC_LIMIT_MACROS -D__STDC_CONSTANT_MACROS -D__STDC_FORMAT_MACROS -DZEND_ENABLE_STATIC_TSRMLS_CACHE=1 -c /magma/targets/php/repo/ext/intl/intl_convert.c -o ext/intl/intl_convert.lo  -MMD -MF ext/intl/intl_convert.dep -MT ext/intl/intl_convert.lo
#23 43.38 /bin/bash /magma/targets/php/repo/libtool --silent --preserve-dup-deps --tag CC --mode=compile /magma/fuzzers/aflplusplus_lto_entropy/repo/afl-clang-lto -Iext/intl/ -I/magma/targets/php/repo/ext/intl/ -I/magma/targets/php/repo/include -I/magma/targets/php/repo/main -I/magma/targets/php/repo -I/magma/targets/php/repo/ext/date/lib -I/magma/targets/php/repo/oniguruma/src -I/magma/targets/php/repo/ext/mbstring/libmbfl -I/magma/targets/php/repo/ext/mbstring/libmbfl/mbfl -I/magma/targets/php/repo/TSRM -I/magma/targets/php/repo/Zend    -fno-common -Wformat-truncation -Wall -Wextra -Wno-strict-aliasing -Wno-unused-parameter -Wno-sign-compare -g -O2 -fvisibility=hidden -DZEND_SIGNALS  -include /magma/magma/src/canary.h -DMAGMA_ENABLE_CANARIES    -g -O0 -fno-sanitize=object-size  -DU_NO_DEFAULT_INCLUDE_UTF_HEADERS=1 -DU_HIDE_OBSOLETE_UTF_OLD_H=1 -Wno-write-strings -D__STDC_LIMIT_MACROS -D__STDC_CONSTANT_MACROS -D__STDC_FORMAT_MACROS -DZEND_ENABLE_STATIC_TSRMLS_CACHE=1 -c /magma/targets/php/repo/ext/intl/collator/collator.c -o ext/intl/collator/collator.lo  -MMD -MF ext/intl/collator/collator.dep -MT ext/intl/collator/collator.lo
#23 43.38 /bin/bash /magma/targets/php/repo/libtool --silent --preserve-dup-deps --tag CC --mode=compile /magma/fuzzers/aflplusplus_lto_entropy/repo/afl-clang-lto -Iext/intl/ -I/magma/targets/php/repo/ext/intl/ -I/magma/targets/php/repo/include -I/magma/targets/php/repo/main -I/magma/targets/php/repo -I/magma/targets/php/repo/ext/date/lib -I/magma/targets/php/repo/oniguruma/src -I/magma/targets/php/repo/ext/mbstring/libmbfl -I/magma/targets/php/repo/ext/mbstring/libmbfl/mbfl -I/magma/targets/php/repo/TSRM -I/magma/targets/php/repo/Zend    -fno-common -Wformat-truncation -Wall -Wextra -Wno-strict-aliasing -Wno-unused-parameter -Wno-sign-compare -g -O2 -fvisibility=hidden -DZEND_SIGNALS  -include /magma/magma/src/canary.h -DMAGMA_ENABLE_CANARIES    -g -O0 -fno-sanitize=object-size  -DU_NO_DEFAULT_INCLUDE_UTF_HEADERS=1 -DU_HIDE_OBSOLETE_UTF_OLD_H=1 -Wno-write-strings -D__STDC_LIMIT_MACROS -D__STDC_CONSTANT_MACROS -D__STDC_FORMAT_MACROS -DZEND_ENABLE_STATIC_TSRMLS_CACHE=1 -c /magma/targets/php/repo/ext/intl/collator/collator_class.c -o ext/intl/collator/collator_class.lo  -MMD -MF ext/intl/collator/collator_class.dep -MT ext/intl/collator/collator_class.lo
#23 43.39 /bin/bash /magma/targets/php/repo/libtool --silent --preserve-dup-deps --tag CC --mode=compile /magma/fuzzers/aflplusplus_lto_entropy/repo/afl-clang-lto -Iext/intl/ -I/magma/targets/php/repo/ext/intl/ -I/magma/targets/php/repo/include -I/magma/targets/php/repo/main -I/magma/targets/php/repo -I/magma/targets/php/repo/ext/date/lib -I/magma/targets/php/repo/oniguruma/src -I/magma/targets/php/repo/ext/mbstring/libmbfl -I/magma/targets/php/repo/ext/mbstring/libmbfl/mbfl -I/magma/targets/php/repo/TSRM -I/magma/targets/php/repo/Zend    -fno-common -Wformat-truncation -Wall -Wextra -Wno-strict-aliasing -Wno-unused-parameter -Wno-sign-compare -g -O2 -fvisibility=hidden -DZEND_SIGNALS  -include /magma/magma/src/canary.h -DMAGMA_ENABLE_CANARIES    -g -O0 -fno-sanitize=object-size  -DU_NO_DEFAULT_INCLUDE_UTF_HEADERS=1 -DU_HIDE_OBSOLETE_UTF_OLD_H=1 -Wno-write-strings -D__STDC_LIMIT_MACROS -D__STDC_CONSTANT_MACROS -D__STDC_FORMAT_MACROS -DZEND_ENABLE_STATIC_TSRMLS_CACHE=1 -c /magma/targets/php/repo/ext/intl/collator/collator_sort.c -o ext/intl/collator/collator_sort.lo  -MMD -MF ext/intl/collator/collator_sort.dep -MT ext/intl/collator/collator_sort.lo
#23 43.39 /bin/bash /magma/targets/php/repo/libtool --silent --preserve-dup-deps --tag CC --mode=compile /magma/fuzzers/aflplusplus_lto_entropy/repo/afl-clang-lto -Iext/intl/ -I/magma/targets/php/repo/ext/intl/ -I/magma/targets/php/repo/include -I/magma/targets/php/repo/main -I/magma/targets/php/repo -I/magma/targets/php/repo/ext/date/lib -I/magma/targets/php/repo/oniguruma/src -I/magma/targets/php/repo/ext/mbstring/libmbfl -I/magma/targets/php/repo/ext/mbstring/libmbfl/mbfl -I/magma/targets/php/repo/TSRM -I/magma/targets/php/repo/Zend    -fno-common -Wformat-truncation -Wall -Wextra -Wno-strict-aliasing -Wno-unused-parameter -Wno-sign-compare -g -O2 -fvisibility=hidden -DZEND_SIGNALS  -include /magma/magma/src/canary.h -DMAGMA_ENABLE_CANARIES    -g -O0 -fno-sanitize=object-size  -DU_NO_DEFAULT_INCLUDE_UTF_HEADERS=1 -DU_HIDE_OBSOLETE_UTF_OLD_H=1 -Wno-write-strings -D__STDC_LIMIT_MACROS -D__STDC_CONSTANT_MACROS -D__STDC_FORMAT_MACROS -DZEND_ENABLE_STATIC_TSRMLS_CACHE=1 -c /magma/targets/php/repo/ext/intl/collator/collator_convert.c -o ext/intl/collator/collator_convert.lo  -MMD -MF ext/intl/collator/collator_convert.dep -MT ext/intl/collator/collator_convert.lo
#23 43.39 /bin/bash /magma/targets/php/repo/libtool --silent --preserve-dup-deps --tag CC --mode=compile /magma/fuzzers/aflplusplus_lto_entropy/repo/afl-clang-lto -Iext/intl/ -I/magma/targets/php/repo/ext/intl/ -I/magma/targets/php/repo/include -I/magma/targets/php/repo/main -I/magma/targets/php/repo -I/magma/targets/php/repo/ext/date/lib -I/magma/targets/php/repo/oniguruma/src -I/magma/targets/php/repo/ext/mbstring/libmbfl -I/magma/targets/php/repo/ext/mbstring/libmbfl/mbfl -I/magma/targets/php/repo/TSRM -I/magma/targets/php/repo/Zend    -fno-common -Wformat-truncation -Wall -Wextra -Wno-strict-aliasing -Wno-unused-parameter -Wno-sign-compare -g -O2 -fvisibility=hidden -DZEND_SIGNALS  -include /magma/magma/src/canary.h -DMAGMA_ENABLE_CANARIES    -g -O0 -fno-sanitize=object-size  -DU_NO_DEFAULT_INCLUDE_UTF_HEADERS=1 -DU_HIDE_OBSOLETE_UTF_OLD_H=1 -Wno-write-strings -D__STDC_LIMIT_MACROS -D__STDC_CONSTANT_MACROS -D__STDC_FORMAT_MACROS -DZEND_ENABLE_STATIC_TSRMLS_CACHE=1 -c /magma/targets/php/repo/ext/intl/collator/collator_locale.c -o ext/intl/collator/collator_locale.lo  -MMD -MF ext/intl/collator/collator_locale.dep -MT ext/intl/collator/collator_locale.lo
#23 43.39 /bin/bash /magma/targets/php/repo/libtool --silent --preserve-dup-deps --tag CC --mode=compile /magma/fuzzers/aflplusplus_lto_entropy/repo/afl-clang-lto -Iext/intl/ -I/magma/targets/php/repo/ext/intl/ -I/magma/targets/php/repo/include -I/magma/targets/php/repo/main -I/magma/targets/php/repo -I/magma/targets/php/repo/ext/date/lib -I/magma/targets/php/repo/oniguruma/src -I/magma/targets/php/repo/ext/mbstring/libmbfl -I/magma/targets/php/repo/ext/mbstring/libmbfl/mbfl -I/magma/targets/php/repo/TSRM -I/magma/targets/php/repo/Zend    -fno-common -Wformat-truncation -Wall -Wextra -Wno-strict-aliasing -Wno-unused-parameter -Wno-sign-compare -g -O2 -fvisibility=hidden -DZEND_SIGNALS  -include /magma/magma/src/canary.h -DMAGMA_ENABLE_CANARIES    -g -O0 -fno-sanitize=object-size  -DU_NO_DEFAULT_INCLUDE_UTF_HEADERS=1 -DU_HIDE_OBSOLETE_UTF_OLD_H=1 -Wno-write-strings -D__STDC_LIMIT_MACROS -D__STDC_CONSTANT_MACROS -D__STDC_FORMAT_MACROS -DZEND_ENABLE_STATIC_TSRMLS_CACHE=1 -c /magma/targets/php/repo/ext/intl/collator/collator_compare.c -o ext/intl/collator/collator_compare.lo  -MMD -MF ext/intl/collator/collator_compare.dep -MT ext/intl/collator/collator_compare.lo
#23 43.39 /bin/bash /magma/targets/php/repo/libtool --silent --preserve-dup-deps --tag CC --mode=compile /magma/fuzzers/aflplusplus_lto_entropy/repo/afl-clang-lto -Iext/intl/ -I/magma/targets/php/repo/ext/intl/ -I/magma/targets/php/repo/include -I/magma/targets/php/repo/main -I/magma/targets/php/repo -I/magma/targets/php/repo/ext/date/lib -I/magma/targets/php/repo/oniguruma/src -I/magma/targets/php/repo/ext/mbstring/libmbfl -I/magma/targets/php/repo/ext/mbstring/libmbfl/mbfl -I/magma/targets/php/repo/TSRM -I/magma/targets/php/repo/Zend    -fno-common -Wformat-truncation -Wall -Wextra -Wno-strict-aliasing -Wno-unused-parameter -Wno-sign-compare -g -O2 -fvisibility=hidden -DZEND_SIGNALS  -include /magma/magma/src/canary.h -DMAGMA_ENABLE_CANARIES    -g -O0 -fno-sanitize=object-size  -DU_NO_DEFAULT_INCLUDE_UTF_HEADERS=1 -DU_HIDE_OBSOLETE_UTF_OLD_H=1 -Wno-write-strings -D__STDC_LIMIT_MACROS -D__STDC_CONSTANT_MACROS -D__STDC_FORMAT_MACROS -DZEND_ENABLE_STATIC_TSRMLS_CACHE=1 -c /magma/targets/php/repo/ext/intl/collator/collator_attr.c -o ext/intl/collator/collator_attr.lo  -MMD -MF ext/intl/collator/collator_attr.dep -MT ext/intl/collator/collator_attr.lo
#23 43.39 /bin/bash /magma/targets/php/repo/libtool --silent --preserve-dup-deps --tag CC --mode=compile /magma/fuzzers/aflplusplus_lto_entropy/repo/afl-clang-lto -Iext/intl/ -I/magma/targets/php/repo/ext/intl/ -I/magma/targets/php/repo/include -I/magma/targets/php/repo/main -I/magma/targets/php/repo -I/magma/targets/php/repo/ext/date/lib -I/magma/targets/php/repo/oniguruma/src -I/magma/targets/php/repo/ext/mbstring/libmbfl -I/magma/targets/php/repo/ext/mbstring/libmbfl/mbfl -I/magma/targets/php/repo/TSRM -I/magma/targets/php/repo/Zend    -fno-common -Wformat-truncation -Wall -Wextra -Wno-strict-aliasing -Wno-unused-parameter -Wno-sign-compare -g -O2 -fvisibility=hidden -DZEND_SIGNALS  -include /magma/magma/src/canary.h -DMAGMA_ENABLE_CANARIES    -g -O0 -fno-sanitize=object-size  -DU_NO_DEFAULT_INCLUDE_UTF_HEADERS=1 -DU_HIDE_OBSOLETE_UTF_OLD_H=1 -Wno-write-strings -D__STDC_LIMIT_MACROS -D__STDC_CONSTANT_MACROS -D__STDC_FORMAT_MACROS -DZEND_ENABLE_STATIC_TSRMLS_CACHE=1 -c /magma/targets/php/repo/ext/intl/collator/collator_create.c -o ext/intl/collator/collator_create.lo  -MMD -MF ext/intl/collator/collator_create.dep -MT ext/intl/collator/collator_create.lo
#23 43.39 /bin/bash /magma/targets/php/repo/libtool --silent --preserve-dup-deps --tag CC --mode=compile /magma/fuzzers/aflplusplus_lto_entropy/repo/afl-clang-lto -Iext/intl/ -I/magma/targets/php/repo/ext/intl/ -I/magma/targets/php/repo/include -I/magma/targets/php/repo/main -I/magma/targets/php/repo -I/magma/targets/php/repo/ext/date/lib -I/magma/targets/php/repo/oniguruma/src -I/magma/targets/php/repo/ext/mbstring/libmbfl -I/magma/targets/php/repo/ext/mbstring/libmbfl/mbfl -I/magma/targets/php/repo/TSRM -I/magma/targets/php/repo/Zend    -fno-common -Wformat-truncation -Wall -Wextra -Wno-strict-aliasing -Wno-unused-parameter -Wno-sign-compare -g -O2 -fvisibility=hidden -DZEND_SIGNALS  -include /magma/magma/src/canary.h -DMAGMA_ENABLE_CANARIES    -g -O0 -fno-sanitize=object-size  -DU_NO_DEFAULT_INCLUDE_UTF_HEADERS=1 -DU_HIDE_OBSOLETE_UTF_OLD_H=1 -Wno-write-strings -D__STDC_LIMIT_MACROS -D__STDC_CONSTANT_MACROS -D__STDC_FORMAT_MACROS -DZEND_ENABLE_STATIC_TSRMLS_CACHE=1 -c /magma/targets/php/repo/ext/intl/collator/collator_is_numeric.c -o ext/intl/collator/collator_is_numeric.lo  -MMD -MF ext/intl/collator/collator_is_numeric.dep -MT ext/intl/collator/collator_is_numeric.lo
#23 43.39 /bin/bash /magma/targets/php/repo/libtool --silent --preserve-dup-deps --tag CC --mode=compile /magma/fuzzers/aflplusplus_lto_entropy/repo/afl-clang-lto -Iext/intl/ -I/magma/targets/php/repo/ext/intl/ -I/magma/targets/php/repo/include -I/magma/targets/php/repo/main -I/magma/targets/php/repo -I/magma/targets/php/repo/ext/date/lib -I/magma/targets/php/repo/oniguruma/src -I/magma/targets/php/repo/ext/mbstring/libmbfl -I/magma/targets/php/repo/ext/mbstring/libmbfl/mbfl -I/magma/targets/php/repo/TSRM -I/magma/targets/php/repo/Zend    -fno-common -Wformat-truncation -Wall -Wextra -Wno-strict-aliasing -Wno-unused-parameter -Wno-sign-compare -g -O2 -fvisibility=hidden -DZEND_SIGNALS  -include /magma/magma/src/canary.h -DMAGMA_ENABLE_CANARIES    -g -O0 -fno-sanitize=object-size  -DU_NO_DEFAULT_INCLUDE_UTF_HEADERS=1 -DU_HIDE_OBSOLETE_UTF_OLD_H=1 -Wno-write-strings -D__STDC_LIMIT_MACROS -D__STDC_CONSTANT_MACROS -D__STDC_FORMAT_MACROS -DZEND_ENABLE_STATIC_TSRMLS_CACHE=1 -c /magma/targets/php/repo/ext/intl/collator/collator_error.c -o ext/intl/collator/collator_error.lo  -MMD -MF ext/intl/collator/collator_error.dep -MT ext/intl/collator/collator_error.lo
#23 43.39 /bin/bash /magma/targets/php/repo/libtool --silent --preserve-dup-deps --tag CC --mode=compile /magma/fuzzers/aflplusplus_lto_entropy/repo/afl-clang-lto -Iext/intl/ -I/magma/targets/php/repo/ext/intl/ -I/magma/targets/php/repo/include -I/magma/targets/php/repo/main -I/magma/targets/php/repo -I/magma/targets/php/repo/ext/date/lib -I/magma/targets/php/repo/oniguruma/src -I/magma/targets/php/repo/ext/mbstring/libmbfl -I/magma/targets/php/repo/ext/mbstring/libmbfl/mbfl -I/magma/targets/php/repo/TSRM -I/magma/targets/php/repo/Zend    -fno-common -Wformat-truncation -Wall -Wextra -Wno-strict-aliasing -Wno-unused-parameter -Wno-sign-compare -g -O2 -fvisibility=hidden -DZEND_SIGNALS  -include /magma/magma/src/canary.h -DMAGMA_ENABLE_CANARIES    -g -O0 -fno-sanitize=object-size  -DU_NO_DEFAULT_INCLUDE_UTF_HEADERS=1 -DU_HIDE_OBSOLETE_UTF_OLD_H=1 -Wno-write-strings -D__STDC_LIMIT_MACROS -D__STDC_CONSTANT_MACROS -D__STDC_FORMAT_MACROS -DZEND_ENABLE_STATIC_TSRMLS_CACHE=1 -c /magma/targets/php/repo/ext/intl/common/common_error.c -o ext/intl/common/common_error.lo  -MMD -MF ext/intl/common/common_error.dep -MT ext/intl/common/common_error.lo
#23 43.39 /bin/bash /magma/targets/php/repo/libtool --silent --preserve-dup-deps --tag CC --mode=compile /magma/fuzzers/aflplusplus_lto_entropy/repo/afl-clang-lto -Iext/intl/ -I/magma/targets/php/repo/ext/intl/ -I/magma/targets/php/repo/include -I/magma/targets/php/repo/main -I/magma/targets/php/repo -I/magma/targets/php/repo/ext/date/lib -I/magma/targets/php/repo/oniguruma/src -I/magma/targets/php/repo/ext/mbstring/libmbfl -I/magma/targets/php/repo/ext/mbstring/libmbfl/mbfl -I/magma/targets/php/repo/TSRM -I/magma/targets/php/repo/Zend    -fno-common -Wformat-truncation -Wall -Wextra -Wno-strict-aliasing -Wno-unused-parameter -Wno-sign-compare -g -O2 -fvisibility=hidden -DZEND_SIGNALS  -include /magma/magma/src/canary.h -DMAGMA_ENABLE_CANARIES    -g -O0 -fno-sanitize=object-size  -DU_NO_DEFAULT_INCLUDE_UTF_HEADERS=1 -DU_HIDE_OBSOLETE_UTF_OLD_H=1 -Wno-write-strings -D__STDC_LIMIT_MACROS -D__STDC_CONSTANT_MACROS -D__STDC_FORMAT_MACROS -DZEND_ENABLE_STATIC_TSRMLS_CACHE=1 -c /magma/targets/php/repo/ext/intl/converter/converter.c -o ext/intl/converter/converter.lo  -MMD -MF ext/intl/converter/converter.dep -MT ext/intl/converter/converter.lo
#23 43.39 /bin/bash /magma/targets/php/repo/libtool --silent --preserve-dup-deps --tag CC --mode=compile /magma/fuzzers/aflplusplus_lto_entropy/repo/afl-clang-lto -Iext/intl/ -I/magma/targets/php/repo/ext/intl/ -I/magma/targets/php/repo/include -I/magma/targets/php/repo/main -I/magma/targets/php/repo -I/magma/targets/php/repo/ext/date/lib -I/magma/targets/php/repo/oniguruma/src -I/magma/targets/php/repo/ext/mbstring/libmbfl -I/magma/targets/php/repo/ext/mbstring/libmbfl/mbfl -I/magma/targets/php/repo/TSRM -I/magma/targets/php/repo/Zend    -fno-common -Wformat-truncation -Wall -Wextra -Wno-strict-aliasing -Wno-unused-parameter -Wno-sign-compare -g -O2 -fvisibility=hidden -DZEND_SIGNALS  -include /magma/magma/src/canary.h -DMAGMA_ENABLE_CANARIES    -g -O0 -fno-sanitize=object-size  -DU_NO_DEFAULT_INCLUDE_UTF_HEADERS=1 -DU_HIDE_OBSOLETE_UTF_OLD_H=1 -Wno-write-strings -D__STDC_LIMIT_MACROS -D__STDC_CONSTANT_MACROS -D__STDC_FORMAT_MACROS -DZEND_ENABLE_STATIC_TSRMLS_CACHE=1 -c /magma/targets/php/repo/ext/intl/formatter/formatter.c -o ext/intl/formatter/formatter.lo  -MMD -MF ext/intl/formatter/formatter.dep -MT ext/intl/formatter/formatter.lo
#23 43.39 /bin/bash /magma/targets/php/repo/libtool --silent --preserve-dup-deps --tag CC --mode=compile /magma/fuzzers/aflplusplus_lto_entropy/repo/afl-clang-lto -Iext/intl/ -I/magma/targets/php/repo/ext/intl/ -I/magma/targets/php/repo/include -I/magma/targets/php/repo/main -I/magma/targets/php/repo -I/magma/targets/php/repo/ext/date/lib -I/magma/targets/php/repo/oniguruma/src -I/magma/targets/php/repo/ext/mbstring/libmbfl -I/magma/targets/php/repo/ext/mbstring/libmbfl/mbfl -I/magma/targets/php/repo/TSRM -I/magma/targets/php/repo/Zend    -fno-common -Wformat-truncation -Wall -Wextra -Wno-strict-aliasing -Wno-unused-parameter -Wno-sign-compare -g -O2 -fvisibility=hidden -DZEND_SIGNALS  -include /magma/magma/src/canary.h -DMAGMA_ENABLE_CANARIES    -g -O0 -fno-sanitize=object-size  -DU_NO_DEFAULT_INCLUDE_UTF_HEADERS=1 -DU_HIDE_OBSOLETE_UTF_OLD_H=1 -Wno-write-strings -D__STDC_LIMIT_MACROS -D__STDC_CONSTANT_MACROS -D__STDC_FORMAT_MACROS -DZEND_ENABLE_STATIC_TSRMLS_CACHE=1 -c /magma/targets/php/repo/ext/intl/formatter/formatter_main.c -o ext/intl/formatter/formatter_main.lo  -MMD -MF ext/intl/formatter/formatter_main.dep -MT ext/intl/formatter/formatter_main.lo
#23 43.39 /bin/bash /magma/targets/php/repo/libtool --silent --preserve-dup-deps --tag CC --mode=compile /magma/fuzzers/aflplusplus_lto_entropy/repo/afl-clang-lto -Iext/intl/ -I/magma/targets/php/repo/ext/intl/ -I/magma/targets/php/repo/include -I/magma/targets/php/repo/main -I/magma/targets/php/repo -I/magma/targets/php/repo/ext/date/lib -I/magma/targets/php/repo/oniguruma/src -I/magma/targets/php/repo/ext/mbstring/libmbfl -I/magma/targets/php/repo/ext/mbstring/libmbfl/mbfl -I/magma/targets/php/repo/TSRM -I/magma/targets/php/repo/Zend    -fno-common -Wformat-truncation -Wall -Wextra -Wno-strict-aliasing -Wno-unused-parameter -Wno-sign-compare -g -O2 -fvisibility=hidden -DZEND_SIGNALS  -include /magma/magma/src/canary.h -DMAGMA_ENABLE_CANARIES    -g -O0 -fno-sanitize=object-size  -DU_NO_DEFAULT_INCLUDE_UTF_HEADERS=1 -DU_HIDE_OBSOLETE_UTF_OLD_H=1 -Wno-write-strings -D__STDC_LIMIT_MACROS -D__STDC_CONSTANT_MACROS -D__STDC_FORMAT_MACROS -DZEND_ENABLE_STATIC_TSRMLS_CACHE=1 -c /magma/targets/php/repo/ext/intl/formatter/formatter_class.c -o ext/intl/formatter/formatter_class.lo  -MMD -MF ext/intl/formatter/formatter_class.dep -MT ext/intl/formatter/formatter_class.lo
#23 43.39 /bin/bash /magma/targets/php/repo/libtool --silent --preserve-dup-deps --tag CC --mode=compile /magma/fuzzers/aflplusplus_lto_entropy/repo/afl-clang-lto -Iext/intl/ -I/magma/targets/php/repo/ext/intl/ -I/magma/targets/php/repo/include -I/magma/targets/php/repo/main -I/magma/targets/php/repo -I/magma/targets/php/repo/ext/date/lib -I/magma/targets/php/repo/oniguruma/src -I/magma/targets/php/repo/ext/mbstring/libmbfl -I/magma/targets/php/repo/ext/mbstring/libmbfl/mbfl -I/magma/targets/php/repo/TSRM -I/magma/targets/php/repo/Zend    -fno-common -Wformat-truncation -Wall -Wextra -Wno-strict-aliasing -Wno-unused-parameter -Wno-sign-compare -g -O2 -fvisibility=hidden -DZEND_SIGNALS  -include /magma/magma/src/canary.h -DMAGMA_ENABLE_CANARIES    -g -O0 -fno-sanitize=object-size  -DU_NO_DEFAULT_INCLUDE_UTF_HEADERS=1 -DU_HIDE_OBSOLETE_UTF_OLD_H=1 -Wno-write-strings -D__STDC_LIMIT_MACROS -D__STDC_CONSTANT_MACROS -D__STDC_FORMAT_MACROS -DZEND_ENABLE_STATIC_TSRMLS_CACHE=1 -c /magma/targets/php/repo/ext/intl/formatter/formatter_attr.c -o ext/intl/formatter/formatter_attr.lo  -MMD -MF ext/intl/formatter/formatter_attr.dep -MT ext/intl/formatter/formatter_attr.lo
#23 43.39 /bin/bash /magma/targets/php/repo/libtool --silent --preserve-dup-deps --tag CC --mode=compile /magma/fuzzers/aflplusplus_lto_entropy/repo/afl-clang-lto -Iext/intl/ -I/magma/targets/php/repo/ext/intl/ -I/magma/targets/php/repo/include -I/magma/targets/php/repo/main -I/magma/targets/php/repo -I/magma/targets/php/repo/ext/date/lib -I/magma/targets/php/repo/oniguruma/src -I/magma/targets/php/repo/ext/mbstring/libmbfl -I/magma/targets/php/repo/ext/mbstring/libmbfl/mbfl -I/magma/targets/php/repo/TSRM -I/magma/targets/php/repo/Zend    -fno-common -Wformat-truncation -Wall -Wextra -Wno-strict-aliasing -Wno-unused-parameter -Wno-sign-compare -g -O2 -fvisibility=hidden -DZEND_SIGNALS  -include /magma/magma/src/canary.h -DMAGMA_ENABLE_CANARIES    -g -O0 -fno-sanitize=object-size  -DU_NO_DEFAULT_INCLUDE_UTF_HEADERS=1 -DU_HIDE_OBSOLETE_UTF_OLD_H=1 -Wno-write-strings -D__STDC_LIMIT_MACROS -D__STDC_CONSTANT_MACROS -D__STDC_FORMAT_MACROS -DZEND_ENABLE_STATIC_TSRMLS_CACHE=1 -c /magma/targets/php/repo/ext/intl/formatter/formatter_data.c -o ext/intl/formatter/formatter_data.lo  -MMD -MF ext/intl/formatter/formatter_data.dep -MT ext/intl/formatter/formatter_data.lo
#23 43.39 /bin/bash /magma/targets/php/repo/libtool --silent --preserve-dup-deps --tag CC --mode=compile /magma/fuzzers/aflplusplus_lto_entropy/repo/afl-clang-lto -Iext/intl/ -I/magma/targets/php/repo/ext/intl/ -I/magma/targets/php/repo/include -I/magma/targets/php/repo/main -I/magma/targets/php/repo -I/magma/targets/php/repo/ext/date/lib -I/magma/targets/php/repo/oniguruma/src -I/magma/targets/php/repo/ext/mbstring/libmbfl -I/magma/targets/php/repo/ext/mbstring/libmbfl/mbfl -I/magma/targets/php/repo/TSRM -I/magma/targets/php/repo/Zend    -fno-common -Wformat-truncation -Wall -Wextra -Wno-strict-aliasing -Wno-unused-parameter -Wno-sign-compare -g -O2 -fvisibility=hidden -DZEND_SIGNALS  -include /magma/magma/src/canary.h -DMAGMA_ENABLE_CANARIES    -g -O0 -fno-sanitize=object-size  -DU_NO_DEFAULT_INCLUDE_UTF_HEADERS=1 -DU_HIDE_OBSOLETE_UTF_OLD_H=1 -Wno-write-strings -D__STDC_LIMIT_MACROS -D__STDC_CONSTANT_MACROS -D__STDC_FORMAT_MACROS -DZEND_ENABLE_STATIC_TSRMLS_CACHE=1 -c /magma/targets/php/repo/ext/intl/formatter/formatter_format.c -o ext/intl/formatter/formatter_format.lo  -MMD -MF ext/intl/formatter/formatter_format.dep -MT ext/intl/formatter/formatter_format.lo
#23 43.40 /bin/bash /magma/targets/php/repo/libtool --silent --preserve-dup-deps --tag CC --mode=compile /magma/fuzzers/aflplusplus_lto_entropy/repo/afl-clang-lto -Iext/intl/ -I/magma/targets/php/repo/ext/intl/ -I/magma/targets/php/repo/include -I/magma/targets/php/repo/main -I/magma/targets/php/repo -I/magma/targets/php/repo/ext/date/lib -I/magma/targets/php/repo/oniguruma/src -I/magma/targets/php/repo/ext/mbstring/libmbfl -I/magma/targets/php/repo/ext/mbstring/libmbfl/mbfl -I/magma/targets/php/repo/TSRM -I/magma/targets/php/repo/Zend    -fno-common -Wformat-truncation -Wall -Wextra -Wno-strict-aliasing -Wno-unused-parameter -Wno-sign-compare -g -O2 -fvisibility=hidden -DZEND_SIGNALS  -include /magma/magma/src/canary.h -DMAGMA_ENABLE_CANARIES    -g -O0 -fno-sanitize=object-size  -DU_NO_DEFAULT_INCLUDE_UTF_HEADERS=1 -DU_HIDE_OBSOLETE_UTF_OLD_H=1 -Wno-write-strings -D__STDC_LIMIT_MACROS -D__STDC_CONSTANT_MACROS -D__STDC_FORMAT_MACROS -DZEND_ENABLE_STATIC_TSRMLS_CACHE=1 -c /magma/targets/php/repo/ext/intl/formatter/formatter_parse.c -o ext/intl/formatter/formatter_parse.lo  -MMD -MF ext/intl/formatter/formatter_parse.dep -MT ext/intl/formatter/formatter_parse.lo
#23 43.40 /bin/bash /magma/targets/php/repo/libtool --silent --preserve-dup-deps --tag CC --mode=compile /magma/fuzzers/aflplusplus_lto_entropy/repo/afl-clang-lto -Iext/intl/ -I/magma/targets/php/repo/ext/intl/ -I/magma/targets/php/repo/include -I/magma/targets/php/repo/main -I/magma/targets/php/repo -I/magma/targets/php/repo/ext/date/lib -I/magma/targets/php/repo/oniguruma/src -I/magma/targets/php/repo/ext/mbstring/libmbfl -I/magma/targets/php/repo/ext/mbstring/libmbfl/mbfl -I/magma/targets/php/repo/TSRM -I/magma/targets/php/repo/Zend    -fno-common -Wformat-truncation -Wall -Wextra -Wno-strict-aliasing -Wno-unused-parameter -Wno-sign-compare -g -O2 -fvisibility=hidden -DZEND_SIGNALS  -include /magma/magma/src/canary.h -DMAGMA_ENABLE_CANARIES    -g -O0 -fno-sanitize=object-size  -DU_NO_DEFAULT_INCLUDE_UTF_HEADERS=1 -DU_HIDE_OBSOLETE_UTF_OLD_H=1 -Wno-write-strings -D__STDC_LIMIT_MACROS -D__STDC_CONSTANT_MACROS -D__STDC_FORMAT_MACROS -DZEND_ENABLE_STATIC_TSRMLS_CACHE=1 -c /magma/targets/php/repo/ext/intl/normalizer/normalizer.c -o ext/intl/normalizer/normalizer.lo  -MMD -MF ext/intl/normalizer/normalizer.dep -MT ext/intl/normalizer/normalizer.lo
#23 43.40 /bin/bash /magma/targets/php/repo/libtool --silent --preserve-dup-deps --tag CC --mode=compile /magma/fuzzers/aflplusplus_lto_entropy/repo/afl-clang-lto -Iext/intl/ -I/magma/targets/php/repo/ext/intl/ -I/magma/targets/php/repo/include -I/magma/targets/php/repo/main -I/magma/targets/php/repo -I/magma/targets/php/repo/ext/date/lib -I/magma/targets/php/repo/oniguruma/src -I/magma/targets/php/repo/ext/mbstring/libmbfl -I/magma/targets/php/repo/ext/mbstring/libmbfl/mbfl -I/magma/targets/php/repo/TSRM -I/magma/targets/php/repo/Zend    -fno-common -Wformat-truncation -Wall -Wextra -Wno-strict-aliasing -Wno-unused-parameter -Wno-sign-compare -g -O2 -fvisibility=hidden -DZEND_SIGNALS  -include /magma/magma/src/canary.h -DMAGMA_ENABLE_CANARIES    -g -O0 -fno-sanitize=object-size  -DU_NO_DEFAULT_INCLUDE_UTF_HEADERS=1 -DU_HIDE_OBSOLETE_UTF_OLD_H=1 -Wno-write-strings -D__STDC_LIMIT_MACROS -D__STDC_CONSTANT_MACROS -D__STDC_FORMAT_MACROS -DZEND_ENABLE_STATIC_TSRMLS_CACHE=1 -c /magma/targets/php/repo/ext/intl/normalizer/normalizer_class.c -o ext/intl/normalizer/normalizer_class.lo  -MMD -MF ext/intl/normalizer/normalizer_class.dep -MT ext/intl/normalizer/normalizer_class.lo
#23 43.40 /bin/bash /magma/targets/php/repo/libtool --silent --preserve-dup-deps --tag CC --mode=compile /magma/fuzzers/aflplusplus_lto_entropy/repo/afl-clang-lto -Iext/intl/ -I/magma/targets/php/repo/ext/intl/ -I/magma/targets/php/repo/include -I/magma/targets/php/repo/main -I/magma/targets/php/repo -I/magma/targets/php/repo/ext/date/lib -I/magma/targets/php/repo/oniguruma/src -I/magma/targets/php/repo/ext/mbstring/libmbfl -I/magma/targets/php/repo/ext/mbstring/libmbfl/mbfl -I/magma/targets/php/repo/TSRM -I/magma/targets/php/repo/Zend    -fno-common -Wformat-truncation -Wall -Wextra -Wno-strict-aliasing -Wno-unused-parameter -Wno-sign-compare -g -O2 -fvisibility=hidden -DZEND_SIGNALS  -include /magma/magma/src/canary.h -DMAGMA_ENABLE_CANARIES    -g -O0 -fno-sanitize=object-size  -DU_NO_DEFAULT_INCLUDE_UTF_HEADERS=1 -DU_HIDE_OBSOLETE_UTF_OLD_H=1 -Wno-write-strings -D__STDC_LIMIT_MACROS -D__STDC_CONSTANT_MACROS -D__STDC_FORMAT_MACROS -DZEND_ENABLE_STATIC_TSRMLS_CACHE=1 -c /magma/targets/php/repo/ext/intl/normalizer/normalizer_normalize.c -o ext/intl/normalizer/normalizer_normalize.lo  -MMD -MF ext/intl/normalizer/normalizer_normalize.dep -MT ext/intl/normalizer/normalizer_normalize.lo
#23 43.40 /bin/bash /magma/targets/php/repo/libtool --silent --preserve-dup-deps --tag CC --mode=compile /magma/fuzzers/aflplusplus_lto_entropy/repo/afl-clang-lto -Iext/intl/ -I/magma/targets/php/repo/ext/intl/ -I/magma/targets/php/repo/include -I/magma/targets/php/repo/main -I/magma/targets/php/repo -I/magma/targets/php/repo/ext/date/lib -I/magma/targets/php/repo/oniguruma/src -I/magma/targets/php/repo/ext/mbstring/libmbfl -I/magma/targets/php/repo/ext/mbstring/libmbfl/mbfl -I/magma/targets/php/repo/TSRM -I/magma/targets/php/repo/Zend    -fno-common -Wformat-truncation -Wall -Wextra -Wno-strict-aliasing -Wno-unused-parameter -Wno-sign-compare -g -O2 -fvisibility=hidden -DZEND_SIGNALS  -include /magma/magma/src/canary.h -DMAGMA_ENABLE_CANARIES    -g -O0 -fno-sanitize=object-size  -DU_NO_DEFAULT_INCLUDE_UTF_HEADERS=1 -DU_HIDE_OBSOLETE_UTF_OLD_H=1 -Wno-write-strings -D__STDC_LIMIT_MACROS -D__STDC_CONSTANT_MACROS -D__STDC_FORMAT_MACROS -DZEND_ENABLE_STATIC_TSRMLS_CACHE=1 -c /magma/targets/php/repo/ext/intl/locale/locale.c -o ext/intl/locale/locale.lo  -MMD -MF ext/intl/locale/locale.dep -MT ext/intl/locale/locale.lo
#23 43.40 /bin/bash /magma/targets/php/repo/libtool --silent --preserve-dup-deps --tag CC --mode=compile /magma/fuzzers/aflplusplus_lto_entropy/repo/afl-clang-lto -Iext/intl/ -I/magma/targets/php/repo/ext/intl/ -I/magma/targets/php/repo/include -I/magma/targets/php/repo/main -I/magma/targets/php/repo -I/magma/targets/php/repo/ext/date/lib -I/magma/targets/php/repo/oniguruma/src -I/magma/targets/php/repo/ext/mbstring/libmbfl -I/magma/targets/php/repo/ext/mbstring/libmbfl/mbfl -I/magma/targets/php/repo/TSRM -I/magma/targets/php/repo/Zend    -fno-common -Wformat-truncation -Wall -Wextra -Wno-strict-aliasing -Wno-unused-parameter -Wno-sign-compare -g -O2 -fvisibility=hidden -DZEND_SIGNALS  -include /magma/magma/src/canary.h -DMAGMA_ENABLE_CANARIES    -g -O0 -fno-sanitize=object-size  -DU_NO_DEFAULT_INCLUDE_UTF_HEADERS=1 -DU_HIDE_OBSOLETE_UTF_OLD_H=1 -Wno-write-strings -D__STDC_LIMIT_MACROS -D__STDC_CONSTANT_MACROS -D__STDC_FORMAT_MACROS -DZEND_ENABLE_STATIC_TSRMLS_CACHE=1 -c /magma/targets/php/repo/ext/intl/locale/locale_class.c -o ext/intl/locale/locale_class.lo  -MMD -MF ext/intl/locale/locale_class.dep -MT ext/intl/locale/locale_class.lo
#23 43.40 /bin/bash /magma/targets/php/repo/libtool --silent --preserve-dup-deps --tag CC --mode=compile /magma/fuzzers/aflplusplus_lto_entropy/repo/afl-clang-lto -Iext/intl/ -I/magma/targets/php/repo/ext/intl/ -I/magma/targets/php/repo/include -I/magma/targets/php/repo/main -I/magma/targets/php/repo -I/magma/targets/php/repo/ext/date/lib -I/magma/targets/php/repo/oniguruma/src -I/magma/targets/php/repo/ext/mbstring/libmbfl -I/magma/targets/php/repo/ext/mbstring/libmbfl/mbfl -I/magma/targets/php/repo/TSRM -I/magma/targets/php/repo/Zend    -fno-common -Wformat-truncation -Wall -Wextra -Wno-strict-aliasing -Wno-unused-parameter -Wno-sign-compare -g -O2 -fvisibility=hidden -DZEND_SIGNALS  -include /magma/magma/src/canary.h -DMAGMA_ENABLE_CANARIES    -g -O0 -fno-sanitize=object-size  -DU_NO_DEFAULT_INCLUDE_UTF_HEADERS=1 -DU_HIDE_OBSOLETE_UTF_OLD_H=1 -Wno-write-strings -D__STDC_LIMIT_MACROS -D__STDC_CONSTANT_MACROS -D__STDC_FORMAT_MACROS -DZEND_ENABLE_STATIC_TSRMLS_CACHE=1 -c /magma/targets/php/repo/ext/intl/locale/locale_methods.c -o ext/intl/locale/locale_methods.lo  -MMD -MF ext/intl/locale/locale_methods.dep -MT ext/intl/locale/locale_methods.lo
#23 43.40 /bin/bash /magma/targets/php/repo/libtool --silent --preserve-dup-deps --tag CC --mode=compile /magma/fuzzers/aflplusplus_lto_entropy/repo/afl-clang-lto -Iext/intl/ -I/magma/targets/php/repo/ext/intl/ -I/magma/targets/php/repo/include -I/magma/targets/php/repo/main -I/magma/targets/php/repo -I/magma/targets/php/repo/ext/date/lib -I/magma/targets/php/repo/oniguruma/src -I/magma/targets/php/repo/ext/mbstring/libmbfl -I/magma/targets/php/repo/ext/mbstring/libmbfl/mbfl -I/magma/targets/php/repo/TSRM -I/magma/targets/php/repo/Zend    -fno-common -Wformat-truncation -Wall -Wextra -Wno-strict-aliasing -Wno-unused-parameter -Wno-sign-compare -g -O2 -fvisibility=hidden -DZEND_SIGNALS  -include /magma/magma/src/canary.h -DMAGMA_ENABLE_CANARIES    -g -O0 -fno-sanitize=object-size  -DU_NO_DEFAULT_INCLUDE_UTF_HEADERS=1 -DU_HIDE_OBSOLETE_UTF_OLD_H=1 -Wno-write-strings -D__STDC_LIMIT_MACROS -D__STDC_CONSTANT_MACROS -D__STDC_FORMAT_MACROS -DZEND_ENABLE_STATIC_TSRMLS_CACHE=1 -c /magma/targets/php/repo/ext/intl/dateformat/dateformat.c -o ext/intl/dateformat/dateformat.lo  -MMD -MF ext/intl/dateformat/dateformat.dep -MT ext/intl/dateformat/dateformat.lo
#23 43.40 /bin/bash /magma/targets/php/repo/libtool --silent --preserve-dup-deps --tag CC --mode=compile /magma/fuzzers/aflplusplus_lto_entropy/repo/afl-clang-lto -Iext/intl/ -I/magma/targets/php/repo/ext/intl/ -I/magma/targets/php/repo/include -I/magma/targets/php/repo/main -I/magma/targets/php/repo -I/magma/targets/php/repo/ext/date/lib -I/magma/targets/php/repo/oniguruma/src -I/magma/targets/php/repo/ext/mbstring/libmbfl -I/magma/targets/php/repo/ext/mbstring/libmbfl/mbfl -I/magma/targets/php/repo/TSRM -I/magma/targets/php/repo/Zend    -fno-common -Wformat-truncation -Wall -Wextra -Wno-strict-aliasing -Wno-unused-parameter -Wno-sign-compare -g -O2 -fvisibility=hidden -DZEND_SIGNALS  -include /magma/magma/src/canary.h -DMAGMA_ENABLE_CANARIES    -g -O0 -fno-sanitize=object-size  -DU_NO_DEFAULT_INCLUDE_UTF_HEADERS=1 -DU_HIDE_OBSOLETE_UTF_OLD_H=1 -Wno-write-strings -D__STDC_LIMIT_MACROS -D__STDC_CONSTANT_MACROS -D__STDC_FORMAT_MACROS -DZEND_ENABLE_STATIC_TSRMLS_CACHE=1 -c /magma/targets/php/repo/ext/intl/dateformat/dateformat_class.c -o ext/intl/dateformat/dateformat_class.lo  -MMD -MF ext/intl/dateformat/dateformat_class.dep -MT ext/intl/dateformat/dateformat_class.lo
#23 43.40 /bin/bash /magma/targets/php/repo/libtool --silent --preserve-dup-deps --tag CC --mode=compile /magma/fuzzers/aflplusplus_lto_entropy/repo/afl-clang-lto -Iext/intl/ -I/magma/targets/php/repo/ext/intl/ -I/magma/targets/php/repo/include -I/magma/targets/php/repo/main -I/magma/targets/php/repo -I/magma/targets/php/repo/ext/date/lib -I/magma/targets/php/repo/oniguruma/src -I/magma/targets/php/repo/ext/mbstring/libmbfl -I/magma/targets/php/repo/ext/mbstring/libmbfl/mbfl -I/magma/targets/php/repo/TSRM -I/magma/targets/php/repo/Zend    -fno-common -Wformat-truncation -Wall -Wextra -Wno-strict-aliasing -Wno-unused-parameter -Wno-sign-compare -g -O2 -fvisibility=hidden -DZEND_SIGNALS  -include /magma/magma/src/canary.h -DMAGMA_ENABLE_CANARIES    -g -O0 -fno-sanitize=object-size  -DU_NO_DEFAULT_INCLUDE_UTF_HEADERS=1 -DU_HIDE_OBSOLETE_UTF_OLD_H=1 -Wno-write-strings -D__STDC_LIMIT_MACROS -D__STDC_CONSTANT_MACROS -D__STDC_FORMAT_MACROS -DZEND_ENABLE_STATIC_TSRMLS_CACHE=1 -c /magma/targets/php/repo/ext/intl/dateformat/dateformat_attr.c -o ext/intl/dateformat/dateformat_attr.lo  -MMD -MF ext/intl/dateformat/dateformat_attr.dep -MT ext/intl/dateformat/dateformat_attr.lo
#23 43.40 /bin/bash /magma/targets/php/repo/libtool --silent --preserve-dup-deps --tag CC --mode=compile /magma/fuzzers/aflplusplus_lto_entropy/repo/afl-clang-lto -Iext/intl/ -I/magma/targets/php/repo/ext/intl/ -I/magma/targets/php/repo/include -I/magma/targets/php/repo/main -I/magma/targets/php/repo -I/magma/targets/php/repo/ext/date/lib -I/magma/targets/php/repo/oniguruma/src -I/magma/targets/php/repo/ext/mbstring/libmbfl -I/magma/targets/php/repo/ext/mbstring/libmbfl/mbfl -I/magma/targets/php/repo/TSRM -I/magma/targets/php/repo/Zend    -fno-common -Wformat-truncation -Wall -Wextra -Wno-strict-aliasing -Wno-unused-parameter -Wno-sign-compare -g -O2 -fvisibility=hidden -DZEND_SIGNALS  -include /magma/magma/src/canary.h -DMAGMA_ENABLE_CANARIES    -g -O0 -fno-sanitize=object-size  -DU_NO_DEFAULT_INCLUDE_UTF_HEADERS=1 -DU_HIDE_OBSOLETE_UTF_OLD_H=1 -Wno-write-strings -D__STDC_LIMIT_MACROS -D__STDC_CONSTANT_MACROS -D__STDC_FORMAT_MACROS -DZEND_ENABLE_STATIC_TSRMLS_CACHE=1 -c /magma/targets/php/repo/ext/intl/dateformat/dateformat_data.c -o ext/intl/dateformat/dateformat_data.lo  -MMD -MF ext/intl/dateformat/dateformat_data.dep -MT ext/intl/dateformat/dateformat_data.lo
#23 43.40 /bin/bash /magma/targets/php/repo/libtool --silent --preserve-dup-deps --tag CC --mode=compile /magma/fuzzers/aflplusplus_lto_entropy/repo/afl-clang-lto -Iext/intl/ -I/magma/targets/php/repo/ext/intl/ -I/magma/targets/php/repo/include -I/magma/targets/php/repo/main -I/magma/targets/php/repo -I/magma/targets/php/repo/ext/date/lib -I/magma/targets/php/repo/oniguruma/src -I/magma/targets/php/repo/ext/mbstring/libmbfl -I/magma/targets/php/repo/ext/mbstring/libmbfl/mbfl -I/magma/targets/php/repo/TSRM -I/magma/targets/php/repo/Zend    -fno-common -Wformat-truncation -Wall -Wextra -Wno-strict-aliasing -Wno-unused-parameter -Wno-sign-compare -g -O2 -fvisibility=hidden -DZEND_SIGNALS  -include /magma/magma/src/canary.h -DMAGMA_ENABLE_CANARIES    -g -O0 -fno-sanitize=object-size  -DU_NO_DEFAULT_INCLUDE_UTF_HEADERS=1 -DU_HIDE_OBSOLETE_UTF_OLD_H=1 -Wno-write-strings -D__STDC_LIMIT_MACROS -D__STDC_CONSTANT_MACROS -D__STDC_FORMAT_MACROS -DZEND_ENABLE_STATIC_TSRMLS_CACHE=1 -c /magma/targets/php/repo/ext/intl/dateformat/dateformat_format.c -o ext/intl/dateformat/dateformat_format.lo  -MMD -MF ext/intl/dateformat/dateformat_format.dep -MT ext/intl/dateformat/dateformat_format.lo
#23 43.40 /bin/bash /magma/targets/php/repo/libtool --silent --preserve-dup-deps --tag CC --mode=compile /magma/fuzzers/aflplusplus_lto_entropy/repo/afl-clang-lto -Iext/intl/ -I/magma/targets/php/repo/ext/intl/ -I/magma/targets/php/repo/include -I/magma/targets/php/repo/main -I/magma/targets/php/repo -I/magma/targets/php/repo/ext/date/lib -I/magma/targets/php/repo/oniguruma/src -I/magma/targets/php/repo/ext/mbstring/libmbfl -I/magma/targets/php/repo/ext/mbstring/libmbfl/mbfl -I/magma/targets/php/repo/TSRM -I/magma/targets/php/repo/Zend    -fno-common -Wformat-truncation -Wall -Wextra -Wno-strict-aliasing -Wno-unused-parameter -Wno-sign-compare -g -O2 -fvisibility=hidden -DZEND_SIGNALS  -include /magma/magma/src/canary.h -DMAGMA_ENABLE_CANARIES    -g -O0 -fno-sanitize=object-size  -DU_NO_DEFAULT_INCLUDE_UTF_HEADERS=1 -DU_HIDE_OBSOLETE_UTF_OLD_H=1 -Wno-write-strings -D__STDC_LIMIT_MACROS -D__STDC_CONSTANT_MACROS -D__STDC_FORMAT_MACROS -DZEND_ENABLE_STATIC_TSRMLS_CACHE=1 -c /magma/targets/php/repo/ext/intl/dateformat/dateformat_parse.c -o ext/intl/dateformat/dateformat_parse.lo  -MMD -MF ext/intl/dateformat/dateformat_parse.dep -MT ext/intl/dateformat/dateformat_parse.lo
#23 43.40 /bin/bash /magma/targets/php/repo/libtool --silent --preserve-dup-deps --tag CC --mode=compile /magma/fuzzers/aflplusplus_lto_entropy/repo/afl-clang-lto -Iext/intl/ -I/magma/targets/php/repo/ext/intl/ -I/magma/targets/php/repo/include -I/magma/targets/php/repo/main -I/magma/targets/php/repo -I/magma/targets/php/repo/ext/date/lib -I/magma/targets/php/repo/oniguruma/src -I/magma/targets/php/repo/ext/mbstring/libmbfl -I/magma/targets/php/repo/ext/mbstring/libmbfl/mbfl -I/magma/targets/php/repo/TSRM -I/magma/targets/php/repo/Zend    -fno-common -Wformat-truncation -Wall -Wextra -Wno-strict-aliasing -Wno-unused-parameter -Wno-sign-compare -g -O2 -fvisibility=hidden -DZEND_SIGNALS  -include /magma/magma/src/canary.h -DMAGMA_ENABLE_CANARIES    -g -O0 -fno-sanitize=object-size  -DU_NO_DEFAULT_INCLUDE_UTF_HEADERS=1 -DU_HIDE_OBSOLETE_UTF_OLD_H=1 -Wno-write-strings -D__STDC_LIMIT_MACROS -D__STDC_CONSTANT_MACROS -D__STDC_FORMAT_MACROS -DZEND_ENABLE_STATIC_TSRMLS_CACHE=1 -c /magma/targets/php/repo/ext/intl/msgformat/msgformat.c -o ext/intl/msgformat/msgformat.lo  -MMD -MF ext/intl/msgformat/msgformat.dep -MT ext/intl/msgformat/msgformat.lo
#23 43.77 /bin/bash /magma/targets/php/repo/libtool --silent --preserve-dup-deps --tag CC --mode=compile /magma/fuzzers/aflplusplus_lto_entropy/repo/afl-clang-lto -Iext/intl/ -I/magma/targets/php/repo/ext/intl/ -I/magma/targets/php/repo/include -I/magma/targets/php/repo/main -I/magma/targets/php/repo -I/magma/targets/php/repo/ext/date/lib -I/magma/targets/php/repo/oniguruma/src -I/magma/targets/php/repo/ext/mbstring/libmbfl -I/magma/targets/php/repo/ext/mbstring/libmbfl/mbfl -I/magma/targets/php/repo/TSRM -I/magma/targets/php/repo/Zend    -fno-common -Wformat-truncation -Wall -Wextra -Wno-strict-aliasing -Wno-unused-parameter -Wno-sign-compare -g -O2 -fvisibility=hidden -DZEND_SIGNALS  -include /magma/magma/src/canary.h -DMAGMA_ENABLE_CANARIES    -g -O0 -fno-sanitize=object-size  -DU_NO_DEFAULT_INCLUDE_UTF_HEADERS=1 -DU_HIDE_OBSOLETE_UTF_OLD_H=1 -Wno-write-strings -D__STDC_LIMIT_MACROS -D__STDC_CONSTANT_MACROS -D__STDC_FORMAT_MACROS -DZEND_ENABLE_STATIC_TSRMLS_CACHE=1 -c /magma/targets/php/repo/ext/intl/msgformat/msgformat_attr.c -o ext/intl/msgformat/msgformat_attr.lo  -MMD -MF ext/intl/msgformat/msgformat_attr.dep -MT ext/intl/msgformat/msgformat_attr.lo
#23 43.77 /bin/bash /magma/targets/php/repo/libtool --silent --preserve-dup-deps --tag CC --mode=compile /magma/fuzzers/aflplusplus_lto_entropy/repo/afl-clang-lto -Iext/intl/ -I/magma/targets/php/repo/ext/intl/ -I/magma/targets/php/repo/include -I/magma/targets/php/repo/main -I/magma/targets/php/repo -I/magma/targets/php/repo/ext/date/lib -I/magma/targets/php/repo/oniguruma/src -I/magma/targets/php/repo/ext/mbstring/libmbfl -I/magma/targets/php/repo/ext/mbstring/libmbfl/mbfl -I/magma/targets/php/repo/TSRM -I/magma/targets/php/repo/Zend    -fno-common -Wformat-truncation -Wall -Wextra -Wno-strict-aliasing -Wno-unused-parameter -Wno-sign-compare -g -O2 -fvisibility=hidden -DZEND_SIGNALS  -include /magma/magma/src/canary.h -DMAGMA_ENABLE_CANARIES    -g -O0 -fno-sanitize=object-size  -DU_NO_DEFAULT_INCLUDE_UTF_HEADERS=1 -DU_HIDE_OBSOLETE_UTF_OLD_H=1 -Wno-write-strings -D__STDC_LIMIT_MACROS -D__STDC_CONSTANT_MACROS -D__STDC_FORMAT_MACROS -DZEND_ENABLE_STATIC_TSRMLS_CACHE=1 -c /magma/targets/php/repo/ext/intl/msgformat/msgformat_class.c -o ext/intl/msgformat/msgformat_class.lo  -MMD -MF ext/intl/msgformat/msgformat_class.dep -MT ext/intl/msgformat/msgformat_class.lo
#23 43.78 /bin/bash /magma/targets/php/repo/libtool --silent --preserve-dup-deps --tag CC --mode=compile /magma/fuzzers/aflplusplus_lto_entropy/repo/afl-clang-lto -Iext/intl/ -I/magma/targets/php/repo/ext/intl/ -I/magma/targets/php/repo/include -I/magma/targets/php/repo/main -I/magma/targets/php/repo -I/magma/targets/php/repo/ext/date/lib -I/magma/targets/php/repo/oniguruma/src -I/magma/targets/php/repo/ext/mbstring/libmbfl -I/magma/targets/php/repo/ext/mbstring/libmbfl/mbfl -I/magma/targets/php/repo/TSRM -I/magma/targets/php/repo/Zend    -fno-common -Wformat-truncation -Wall -Wextra -Wno-strict-aliasing -Wno-unused-parameter -Wno-sign-compare -g -O2 -fvisibility=hidden -DZEND_SIGNALS  -include /magma/magma/src/canary.h -DMAGMA_ENABLE_CANARIES    -g -O0 -fno-sanitize=object-size  -DU_NO_DEFAULT_INCLUDE_UTF_HEADERS=1 -DU_HIDE_OBSOLETE_UTF_OLD_H=1 -Wno-write-strings -D__STDC_LIMIT_MACROS -D__STDC_CONSTANT_MACROS -D__STDC_FORMAT_MACROS -DZEND_ENABLE_STATIC_TSRMLS_CACHE=1 -c /magma/targets/php/repo/ext/intl/msgformat/msgformat_data.c -o ext/intl/msgformat/msgformat_data.lo  -MMD -MF ext/intl/msgformat/msgformat_data.dep -MT ext/intl/msgformat/msgformat_data.lo
#23 43.78 /bin/bash /magma/targets/php/repo/libtool --silent --preserve-dup-deps --tag CC --mode=compile /magma/fuzzers/aflplusplus_lto_entropy/repo/afl-clang-lto -Iext/intl/ -I/magma/targets/php/repo/ext/intl/ -I/magma/targets/php/repo/include -I/magma/targets/php/repo/main -I/magma/targets/php/repo -I/magma/targets/php/repo/ext/date/lib -I/magma/targets/php/repo/oniguruma/src -I/magma/targets/php/repo/ext/mbstring/libmbfl -I/magma/targets/php/repo/ext/mbstring/libmbfl/mbfl -I/magma/targets/php/repo/TSRM -I/magma/targets/php/repo/Zend    -fno-common -Wformat-truncation -Wall -Wextra -Wno-strict-aliasing -Wno-unused-parameter -Wno-sign-compare -g -O2 -fvisibility=hidden -DZEND_SIGNALS  -include /magma/magma/src/canary.h -DMAGMA_ENABLE_CANARIES    -g -O0 -fno-sanitize=object-size  -DU_NO_DEFAULT_INCLUDE_UTF_HEADERS=1 -DU_HIDE_OBSOLETE_UTF_OLD_H=1 -Wno-write-strings -D__STDC_LIMIT_MACROS -D__STDC_CONSTANT_MACROS -D__STDC_FORMAT_MACROS -DZEND_ENABLE_STATIC_TSRMLS_CACHE=1 -c /magma/targets/php/repo/ext/intl/msgformat/msgformat_format.c -o ext/intl/msgformat/msgformat_format.lo  -MMD -MF ext/intl/msgformat/msgformat_format.dep -MT ext/intl/msgformat/msgformat_format.lo
#23 43.78 /bin/bash /magma/targets/php/repo/libtool --silent --preserve-dup-deps --tag CC --mode=compile /magma/fuzzers/aflplusplus_lto_entropy/repo/afl-clang-lto -Iext/intl/ -I/magma/targets/php/repo/ext/intl/ -I/magma/targets/php/repo/include -I/magma/targets/php/repo/main -I/magma/targets/php/repo -I/magma/targets/php/repo/ext/date/lib -I/magma/targets/php/repo/oniguruma/src -I/magma/targets/php/repo/ext/mbstring/libmbfl -I/magma/targets/php/repo/ext/mbstring/libmbfl/mbfl -I/magma/targets/php/repo/TSRM -I/magma/targets/php/repo/Zend    -fno-common -Wformat-truncation -Wall -Wextra -Wno-strict-aliasing -Wno-unused-parameter -Wno-sign-compare -g -O2 -fvisibility=hidden -DZEND_SIGNALS  -include /magma/magma/src/canary.h -DMAGMA_ENABLE_CANARIES    -g -O0 -fno-sanitize=object-size  -DU_NO_DEFAULT_INCLUDE_UTF_HEADERS=1 -DU_HIDE_OBSOLETE_UTF_OLD_H=1 -Wno-write-strings -D__STDC_LIMIT_MACROS -D__STDC_CONSTANT_MACROS -D__STDC_FORMAT_MACROS -DZEND_ENABLE_STATIC_TSRMLS_CACHE=1 -c /magma/targets/php/repo/ext/intl/msgformat/msgformat_parse.c -o ext/intl/msgformat/msgformat_parse.lo  -MMD -MF ext/intl/msgformat/msgformat_parse.dep -MT ext/intl/msgformat/msgformat_parse.lo
#23 43.78 /bin/bash /magma/targets/php/repo/libtool --silent --preserve-dup-deps --tag CC --mode=compile /magma/fuzzers/aflplusplus_lto_entropy/repo/afl-clang-lto -Iext/intl/ -I/magma/targets/php/repo/ext/intl/ -I/magma/targets/php/repo/include -I/magma/targets/php/repo/main -I/magma/targets/php/repo -I/magma/targets/php/repo/ext/date/lib -I/magma/targets/php/repo/oniguruma/src -I/magma/targets/php/repo/ext/mbstring/libmbfl -I/magma/targets/php/repo/ext/mbstring/libmbfl/mbfl -I/magma/targets/php/repo/TSRM -I/magma/targets/php/repo/Zend    -fno-common -Wformat-truncation -Wall -Wextra -Wno-strict-aliasing -Wno-unused-parameter -Wno-sign-compare -g -O2 -fvisibility=hidden -DZEND_SIGNALS  -include /magma/magma/src/canary.h -DMAGMA_ENABLE_CANARIES    -g -O0 -fno-sanitize=object-size  -DU_NO_DEFAULT_INCLUDE_UTF_HEADERS=1 -DU_HIDE_OBSOLETE_UTF_OLD_H=1 -Wno-write-strings -D__STDC_LIMIT_MACROS -D__STDC_CONSTANT_MACROS -D__STDC_FORMAT_MACROS -DZEND_ENABLE_STATIC_TSRMLS_CACHE=1 -c /magma/targets/php/repo/ext/intl/grapheme/grapheme_string.c -o ext/intl/grapheme/grapheme_string.lo  -MMD -MF ext/intl/grapheme/grapheme_string.dep -MT ext/intl/grapheme/grapheme_string.lo
#23 43.79 /bin/bash /magma/targets/php/repo/libtool --silent --preserve-dup-deps --tag CC --mode=compile /magma/fuzzers/aflplusplus_lto_entropy/repo/afl-clang-lto -Iext/intl/ -I/magma/targets/php/repo/ext/intl/ -I/magma/targets/php/repo/include -I/magma/targets/php/repo/main -I/magma/targets/php/repo -I/magma/targets/php/repo/ext/date/lib -I/magma/targets/php/repo/oniguruma/src -I/magma/targets/php/repo/ext/mbstring/libmbfl -I/magma/targets/php/repo/ext/mbstring/libmbfl/mbfl -I/magma/targets/php/repo/TSRM -I/magma/targets/php/repo/Zend    -fno-common -Wformat-truncation -Wall -Wextra -Wno-strict-aliasing -Wno-unused-parameter -Wno-sign-compare -g -O2 -fvisibility=hidden -DZEND_SIGNALS  -include /magma/magma/src/canary.h -DMAGMA_ENABLE_CANARIES    -g -O0 -fno-sanitize=object-size  -DU_NO_DEFAULT_INCLUDE_UTF_HEADERS=1 -DU_HIDE_OBSOLETE_UTF_OLD_H=1 -Wno-write-strings -D__STDC_LIMIT_MACROS -D__STDC_CONSTANT_MACROS -D__STDC_FORMAT_MACROS -DZEND_ENABLE_STATIC_TSRMLS_CACHE=1 -c /magma/targets/php/repo/ext/intl/grapheme/grapheme_util.c -o ext/intl/grapheme/grapheme_util.lo  -MMD -MF ext/intl/grapheme/grapheme_util.dep -MT ext/intl/grapheme/grapheme_util.lo
#23 43.80 /bin/bash /magma/targets/php/repo/libtool --silent --preserve-dup-deps --tag CC --mode=compile /magma/fuzzers/aflplusplus_lto_entropy/repo/afl-clang-lto -Iext/intl/ -I/magma/targets/php/repo/ext/intl/ -I/magma/targets/php/repo/include -I/magma/targets/php/repo/main -I/magma/targets/php/repo -I/magma/targets/php/repo/ext/date/lib -I/magma/targets/php/repo/oniguruma/src -I/magma/targets/php/repo/ext/mbstring/libmbfl -I/magma/targets/php/repo/ext/mbstring/libmbfl/mbfl -I/magma/targets/php/repo/TSRM -I/magma/targets/php/repo/Zend    -fno-common -Wformat-truncation -Wall -Wextra -Wno-strict-aliasing -Wno-unused-parameter -Wno-sign-compare -g -O2 -fvisibility=hidden -DZEND_SIGNALS  -include /magma/magma/src/canary.h -DMAGMA_ENABLE_CANARIES    -g -O0 -fno-sanitize=object-size  -DU_NO_DEFAULT_INCLUDE_UTF_HEADERS=1 -DU_HIDE_OBSOLETE_UTF_OLD_H=1 -Wno-write-strings -D__STDC_LIMIT_MACROS -D__STDC_CONSTANT_MACROS -D__STDC_FORMAT_MACROS -DZEND_ENABLE_STATIC_TSRMLS_CACHE=1 -c /magma/targets/php/repo/ext/intl/resourcebundle/resourcebundle.c -o ext/intl/resourcebundle/resourcebundle.lo  -MMD -MF ext/intl/resourcebundle/resourcebundle.dep -MT ext/intl/resourcebundle/resourcebundle.lo
#23 43.81 /bin/bash /magma/targets/php/repo/libtool --silent --preserve-dup-deps --tag CC --mode=compile /magma/fuzzers/aflplusplus_lto_entropy/repo/afl-clang-lto -Iext/intl/ -I/magma/targets/php/repo/ext/intl/ -I/magma/targets/php/repo/include -I/magma/targets/php/repo/main -I/magma/targets/php/repo -I/magma/targets/php/repo/ext/date/lib -I/magma/targets/php/repo/oniguruma/src -I/magma/targets/php/repo/ext/mbstring/libmbfl -I/magma/targets/php/repo/ext/mbstring/libmbfl/mbfl -I/magma/targets/php/repo/TSRM -I/magma/targets/php/repo/Zend    -fno-common -Wformat-truncation -Wall -Wextra -Wno-strict-aliasing -Wno-unused-parameter -Wno-sign-compare -g -O2 -fvisibility=hidden -DZEND_SIGNALS  -include /magma/magma/src/canary.h -DMAGMA_ENABLE_CANARIES    -g -O0 -fno-sanitize=object-size  -DU_NO_DEFAULT_INCLUDE_UTF_HEADERS=1 -DU_HIDE_OBSOLETE_UTF_OLD_H=1 -Wno-write-strings -D__STDC_LIMIT_MACROS -D__STDC_CONSTANT_MACROS -D__STDC_FORMAT_MACROS -DZEND_ENABLE_STATIC_TSRMLS_CACHE=1 -c /magma/targets/php/repo/ext/intl/resourcebundle/resourcebundle_class.c -o ext/intl/resourcebundle/resourcebundle_class.lo  -MMD -MF ext/intl/resourcebundle/resourcebundle_class.dep -MT ext/intl/resourcebundle/resourcebundle_class.lo
#23 43.82 /bin/bash /magma/targets/php/repo/libtool --silent --preserve-dup-deps --tag CC --mode=compile /magma/fuzzers/aflplusplus_lto_entropy/repo/afl-clang-lto -Iext/intl/ -I/magma/targets/php/repo/ext/intl/ -I/magma/targets/php/repo/include -I/magma/targets/php/repo/main -I/magma/targets/php/repo -I/magma/targets/php/repo/ext/date/lib -I/magma/targets/php/repo/oniguruma/src -I/magma/targets/php/repo/ext/mbstring/libmbfl -I/magma/targets/php/repo/ext/mbstring/libmbfl/mbfl -I/magma/targets/php/repo/TSRM -I/magma/targets/php/repo/Zend    -fno-common -Wformat-truncation -Wall -Wextra -Wno-strict-aliasing -Wno-unused-parameter -Wno-sign-compare -g -O2 -fvisibility=hidden -DZEND_SIGNALS  -include /magma/magma/src/canary.h -DMAGMA_ENABLE_CANARIES    -g -O0 -fno-sanitize=object-size  -DU_NO_DEFAULT_INCLUDE_UTF_HEADERS=1 -DU_HIDE_OBSOLETE_UTF_OLD_H=1 -Wno-write-strings -D__STDC_LIMIT_MACROS -D__STDC_CONSTANT_MACROS -D__STDC_FORMAT_MACROS -DZEND_ENABLE_STATIC_TSRMLS_CACHE=1 -c /magma/targets/php/repo/ext/intl/resourcebundle/resourcebundle_iterator.c -o ext/intl/resourcebundle/resourcebundle_iterator.lo  -MMD -MF ext/intl/resourcebundle/resourcebundle_iterator.dep -MT ext/intl/resourcebundle/resourcebundle_iterator.lo
#23 43.82 /bin/bash /magma/targets/php/repo/libtool --silent --preserve-dup-deps --tag CC --mode=compile /magma/fuzzers/aflplusplus_lto_entropy/repo/afl-clang-lto -Iext/intl/ -I/magma/targets/php/repo/ext/intl/ -I/magma/targets/php/repo/include -I/magma/targets/php/repo/main -I/magma/targets/php/repo -I/magma/targets/php/repo/ext/date/lib -I/magma/targets/php/repo/oniguruma/src -I/magma/targets/php/repo/ext/mbstring/libmbfl -I/magma/targets/php/repo/ext/mbstring/libmbfl/mbfl -I/magma/targets/php/repo/TSRM -I/magma/targets/php/repo/Zend    -fno-common -Wformat-truncation -Wall -Wextra -Wno-strict-aliasing -Wno-unused-parameter -Wno-sign-compare -g -O2 -fvisibility=hidden -DZEND_SIGNALS  -include /magma/magma/src/canary.h -DMAGMA_ENABLE_CANARIES    -g -O0 -fno-sanitize=object-size  -DU_NO_DEFAULT_INCLUDE_UTF_HEADERS=1 -DU_HIDE_OBSOLETE_UTF_OLD_H=1 -Wno-write-strings -D__STDC_LIMIT_MACROS -D__STDC_CONSTANT_MACROS -D__STDC_FORMAT_MACROS -DZEND_ENABLE_STATIC_TSRMLS_CACHE=1 -c /magma/targets/php/repo/ext/intl/transliterator/transliterator.c -o ext/intl/transliterator/transliterator.lo  -MMD -MF ext/intl/transliterator/transliterator.dep -MT ext/intl/transliterator/transliterator.lo
#23 43.82 /bin/bash /magma/targets/php/repo/libtool --silent --preserve-dup-deps --tag CC --mode=compile /magma/fuzzers/aflplusplus_lto_entropy/repo/afl-clang-lto -Iext/intl/ -I/magma/targets/php/repo/ext/intl/ -I/magma/targets/php/repo/include -I/magma/targets/php/repo/main -I/magma/targets/php/repo -I/magma/targets/php/repo/ext/date/lib -I/magma/targets/php/repo/oniguruma/src -I/magma/targets/php/repo/ext/mbstring/libmbfl -I/magma/targets/php/repo/ext/mbstring/libmbfl/mbfl -I/magma/targets/php/repo/TSRM -I/magma/targets/php/repo/Zend    -fno-common -Wformat-truncation -Wall -Wextra -Wno-strict-aliasing -Wno-unused-parameter -Wno-sign-compare -g -O2 -fvisibility=hidden -DZEND_SIGNALS  -include /magma/magma/src/canary.h -DMAGMA_ENABLE_CANARIES    -g -O0 -fno-sanitize=object-size  -DU_NO_DEFAULT_INCLUDE_UTF_HEADERS=1 -DU_HIDE_OBSOLETE_UTF_OLD_H=1 -Wno-write-strings -D__STDC_LIMIT_MACROS -D__STDC_CONSTANT_MACROS -D__STDC_FORMAT_MACROS -DZEND_ENABLE_STATIC_TSRMLS_CACHE=1 -c /magma/targets/php/repo/ext/intl/transliterator/transliterator_class.c -o ext/intl/transliterator/transliterator_class.lo  -MMD -MF ext/intl/transliterator/transliterator_class.dep -MT ext/intl/transliterator/transliterator_class.lo
#23 43.82 /bin/bash /magma/targets/php/repo/libtool --silent --preserve-dup-deps --tag CC --mode=compile /magma/fuzzers/aflplusplus_lto_entropy/repo/afl-clang-lto -Iext/intl/ -I/magma/targets/php/repo/ext/intl/ -I/magma/targets/php/repo/include -I/magma/targets/php/repo/main -I/magma/targets/php/repo -I/magma/targets/php/repo/ext/date/lib -I/magma/targets/php/repo/oniguruma/src -I/magma/targets/php/repo/ext/mbstring/libmbfl -I/magma/targets/php/repo/ext/mbstring/libmbfl/mbfl -I/magma/targets/php/repo/TSRM -I/magma/targets/php/repo/Zend    -fno-common -Wformat-truncation -Wall -Wextra -Wno-strict-aliasing -Wno-unused-parameter -Wno-sign-compare -g -O2 -fvisibility=hidden -DZEND_SIGNALS  -include /magma/magma/src/canary.h -DMAGMA_ENABLE_CANARIES    -g -O0 -fno-sanitize=object-size  -DU_NO_DEFAULT_INCLUDE_UTF_HEADERS=1 -DU_HIDE_OBSOLETE_UTF_OLD_H=1 -Wno-write-strings -D__STDC_LIMIT_MACROS -D__STDC_CONSTANT_MACROS -D__STDC_FORMAT_MACROS -DZEND_ENABLE_STATIC_TSRMLS_CACHE=1 -c /magma/targets/php/repo/ext/intl/transliterator/transliterator_methods.c -o ext/intl/transliterator/transliterator_methods.lo  -MMD -MF ext/intl/transliterator/transliterator_methods.dep -MT ext/intl/transliterator/transliterator_methods.lo
#23 43.83 /bin/bash /magma/targets/php/repo/libtool --silent --preserve-dup-deps --tag CC --mode=compile /magma/fuzzers/aflplusplus_lto_entropy/repo/afl-clang-lto -Iext/intl/ -I/magma/targets/php/repo/ext/intl/ -I/magma/targets/php/repo/include -I/magma/targets/php/repo/main -I/magma/targets/php/repo -I/magma/targets/php/repo/ext/date/lib -I/magma/targets/php/repo/oniguruma/src -I/magma/targets/php/repo/ext/mbstring/libmbfl -I/magma/targets/php/repo/ext/mbstring/libmbfl/mbfl -I/magma/targets/php/repo/TSRM -I/magma/targets/php/repo/Zend    -fno-common -Wformat-truncation -Wall -Wextra -Wno-strict-aliasing -Wno-unused-parameter -Wno-sign-compare -g -O2 -fvisibility=hidden -DZEND_SIGNALS  -include /magma/magma/src/canary.h -DMAGMA_ENABLE_CANARIES    -g -O0 -fno-sanitize=object-size  -DU_NO_DEFAULT_INCLUDE_UTF_HEADERS=1 -DU_HIDE_OBSOLETE_UTF_OLD_H=1 -Wno-write-strings -D__STDC_LIMIT_MACROS -D__STDC_CONSTANT_MACROS -D__STDC_FORMAT_MACROS -DZEND_ENABLE_STATIC_TSRMLS_CACHE=1 -c /magma/targets/php/repo/ext/intl/uchar/uchar.c -o ext/intl/uchar/uchar.lo  -MMD -MF ext/intl/uchar/uchar.dep -MT ext/intl/uchar/uchar.lo
#23 43.83 /bin/bash /magma/targets/php/repo/libtool --silent --preserve-dup-deps --tag CC --mode=compile /magma/fuzzers/aflplusplus_lto_entropy/repo/afl-clang-lto -Iext/intl/ -I/magma/targets/php/repo/ext/intl/ -I/magma/targets/php/repo/include -I/magma/targets/php/repo/main -I/magma/targets/php/repo -I/magma/targets/php/repo/ext/date/lib -I/magma/targets/php/repo/oniguruma/src -I/magma/targets/php/repo/ext/mbstring/libmbfl -I/magma/targets/php/repo/ext/mbstring/libmbfl/mbfl -I/magma/targets/php/repo/TSRM -I/magma/targets/php/repo/Zend    -fno-common -Wformat-truncation -Wall -Wextra -Wno-strict-aliasing -Wno-unused-parameter -Wno-sign-compare -g -O2 -fvisibility=hidden -DZEND_SIGNALS  -include /magma/magma/src/canary.h -DMAGMA_ENABLE_CANARIES    -g -O0 -fno-sanitize=object-size  -DU_NO_DEFAULT_INCLUDE_UTF_HEADERS=1 -DU_HIDE_OBSOLETE_UTF_OLD_H=1 -Wno-write-strings -D__STDC_LIMIT_MACROS -D__STDC_CONSTANT_MACROS -D__STDC_FORMAT_MACROS -DZEND_ENABLE_STATIC_TSRMLS_CACHE=1 -c /magma/targets/php/repo/ext/intl/idn/idn.c -o ext/intl/idn/idn.lo  -MMD -MF ext/intl/idn/idn.dep -MT ext/intl/idn/idn.lo
#23 43.83 /bin/bash /magma/targets/php/repo/libtool --silent --preserve-dup-deps --tag CC --mode=compile /magma/fuzzers/aflplusplus_lto_entropy/repo/afl-clang-lto -Iext/intl/ -I/magma/targets/php/repo/ext/intl/ -I/magma/targets/php/repo/include -I/magma/targets/php/repo/main -I/magma/targets/php/repo -I/magma/targets/php/repo/ext/date/lib -I/magma/targets/php/repo/oniguruma/src -I/magma/targets/php/repo/ext/mbstring/libmbfl -I/magma/targets/php/repo/ext/mbstring/libmbfl/mbfl -I/magma/targets/php/repo/TSRM -I/magma/targets/php/repo/Zend    -fno-common -Wformat-truncation -Wall -Wextra -Wno-strict-aliasing -Wno-unused-parameter -Wno-sign-compare -g -O2 -fvisibility=hidden -DZEND_SIGNALS  -include /magma/magma/src/canary.h -DMAGMA_ENABLE_CANARIES    -g -O0 -fno-sanitize=object-size  -DU_NO_DEFAULT_INCLUDE_UTF_HEADERS=1 -DU_HIDE_OBSOLETE_UTF_OLD_H=1 -Wno-write-strings -D__STDC_LIMIT_MACROS -D__STDC_CONSTANT_MACROS -D__STDC_FORMAT_MACROS -DZEND_ENABLE_STATIC_TSRMLS_CACHE=1 -c /magma/targets/php/repo/ext/intl/spoofchecker/spoofchecker_class.c -o ext/intl/spoofchecker/spoofchecker_class.lo  -MMD -MF ext/intl/spoofchecker/spoofchecker_class.dep -MT ext/intl/spoofchecker/spoofchecker_class.lo
#23 43.83 /bin/bash /magma/targets/php/repo/libtool --silent --preserve-dup-deps --tag CC --mode=compile /magma/fuzzers/aflplusplus_lto_entropy/repo/afl-clang-lto -Iext/intl/ -I/magma/targets/php/repo/ext/intl/ -I/magma/targets/php/repo/include -I/magma/targets/php/repo/main -I/magma/targets/php/repo -I/magma/targets/php/repo/ext/date/lib -I/magma/targets/php/repo/oniguruma/src -I/magma/targets/php/repo/ext/mbstring/libmbfl -I/magma/targets/php/repo/ext/mbstring/libmbfl/mbfl -I/magma/targets/php/repo/TSRM -I/magma/targets/php/repo/Zend    -fno-common -Wformat-truncation -Wall -Wextra -Wno-strict-aliasing -Wno-unused-parameter -Wno-sign-compare -g -O2 -fvisibility=hidden -DZEND_SIGNALS  -include /magma/magma/src/canary.h -DMAGMA_ENABLE_CANARIES    -g -O0 -fno-sanitize=object-size  -DU_NO_DEFAULT_INCLUDE_UTF_HEADERS=1 -DU_HIDE_OBSOLETE_UTF_OLD_H=1 -Wno-write-strings -D__STDC_LIMIT_MACROS -D__STDC_CONSTANT_MACROS -D__STDC_FORMAT_MACROS -DZEND_ENABLE_STATIC_TSRMLS_CACHE=1 -c /magma/targets/php/repo/ext/intl/spoofchecker/spoofchecker.c -o ext/intl/spoofchecker/spoofchecker.lo  -MMD -MF ext/intl/spoofchecker/spoofchecker.dep -MT ext/intl/spoofchecker/spoofchecker.lo
#23 43.84 /bin/bash /magma/targets/php/repo/libtool --silent --preserve-dup-deps --tag CC --mode=compile /magma/fuzzers/aflplusplus_lto_entropy/repo/afl-clang-lto -Iext/intl/ -I/magma/targets/php/repo/ext/intl/ -I/magma/targets/php/repo/include -I/magma/targets/php/repo/main -I/magma/targets/php/repo -I/magma/targets/php/repo/ext/date/lib -I/magma/targets/php/repo/oniguruma/src -I/magma/targets/php/repo/ext/mbstring/libmbfl -I/magma/targets/php/repo/ext/mbstring/libmbfl/mbfl -I/magma/targets/php/repo/TSRM -I/magma/targets/php/repo/Zend    -fno-common -Wformat-truncation -Wall -Wextra -Wno-strict-aliasing -Wno-unused-parameter -Wno-sign-compare -g -O2 -fvisibility=hidden -DZEND_SIGNALS  -include /magma/magma/src/canary.h -DMAGMA_ENABLE_CANARIES    -g -O0 -fno-sanitize=object-size  -DU_NO_DEFAULT_INCLUDE_UTF_HEADERS=1 -DU_HIDE_OBSOLETE_UTF_OLD_H=1 -Wno-write-strings -D__STDC_LIMIT_MACROS -D__STDC_CONSTANT_MACROS -D__STDC_FORMAT_MACROS -DZEND_ENABLE_STATIC_TSRMLS_CACHE=1 -c /magma/targets/php/repo/ext/intl/spoofchecker/spoofchecker_create.c -o ext/intl/spoofchecker/spoofchecker_create.lo  -MMD -MF ext/intl/spoofchecker/spoofchecker_create.dep -MT ext/intl/spoofchecker/spoofchecker_create.lo
#23 43.85 /bin/bash /magma/targets/php/repo/libtool --silent --preserve-dup-deps --tag CC --mode=compile /magma/fuzzers/aflplusplus_lto_entropy/repo/afl-clang-lto -Iext/intl/ -I/magma/targets/php/repo/ext/intl/ -I/magma/targets/php/repo/include -I/magma/targets/php/repo/main -I/magma/targets/php/repo -I/magma/targets/php/repo/ext/date/lib -I/magma/targets/php/repo/oniguruma/src -I/magma/targets/php/repo/ext/mbstring/libmbfl -I/magma/targets/php/repo/ext/mbstring/libmbfl/mbfl -I/magma/targets/php/repo/TSRM -I/magma/targets/php/repo/Zend    -fno-common -Wformat-truncation -Wall -Wextra -Wno-strict-aliasing -Wno-unused-parameter -Wno-sign-compare -g -O2 -fvisibility=hidden -DZEND_SIGNALS  -include /magma/magma/src/canary.h -DMAGMA_ENABLE_CANARIES    -g -O0 -fno-sanitize=object-size  -DU_NO_DEFAULT_INCLUDE_UTF_HEADERS=1 -DU_HIDE_OBSOLETE_UTF_OLD_H=1 -Wno-write-strings -D__STDC_LIMIT_MACROS -D__STDC_CONSTANT_MACROS -D__STDC_FORMAT_MACROS -DZEND_ENABLE_STATIC_TSRMLS_CACHE=1 -c /magma/targets/php/repo/ext/intl/spoofchecker/spoofchecker_main.c -o ext/intl/spoofchecker/spoofchecker_main.lo  -MMD -MF ext/intl/spoofchecker/spoofchecker_main.dep -MT ext/intl/spoofchecker/spoofchecker_main.lo
#23 43.85 /bin/bash /magma/targets/php/repo/libtool --silent --preserve-dup-deps --tag CC --mode=compile /magma/fuzzers/aflplusplus_lto_entropy/repo/afl-clang-lto++ -Iext/intl/ -I/magma/targets/php/repo/ext/intl/ -I/magma/targets/php/repo/include -I/magma/targets/php/repo/main -I/magma/targets/php/repo -I/magma/targets/php/repo/ext/date/lib -I/magma/targets/php/repo/oniguruma/src -I/magma/targets/php/repo/ext/mbstring/libmbfl -I/magma/targets/php/repo/ext/mbstring/libmbfl/mbfl -I/magma/targets/php/repo/TSRM -I/magma/targets/php/repo/Zend    -g -O2 -include /magma/magma/src/canary.h -DMAGMA_ENABLE_CANARIES    -g -O0 -fno-sanitize=object-size  -DU_NO_DEFAULT_INCLUDE_UTF_HEADERS=1 -DU_HIDE_OBSOLETE_UTF_OLD_H=1 -Wno-write-strings -D__STDC_LIMIT_MACROS -D__STDC_CONSTANT_MACROS -D__STDC_FORMAT_MACROS -DZEND_ENABLE_STATIC_TSRMLS_CACHE=1 -std=c++11  -DUNISTR_FROM_CHAR_EXPLICIT=explicit -DUNISTR_FROM_STRING_EXPLICIT=explicit -c /magma/targets/php/repo/ext/intl/intl_convertcpp.cpp -o ext/intl/intl_convertcpp.lo  -MMD -MF ext/intl/intl_convertcpp.dep -MT ext/intl/intl_convertcpp.lo
#23 43.85 /bin/bash /magma/targets/php/repo/libtool --silent --preserve-dup-deps --tag CC --mode=compile /magma/fuzzers/aflplusplus_lto_entropy/repo/afl-clang-lto++ -Iext/intl/ -I/magma/targets/php/repo/ext/intl/ -I/magma/targets/php/repo/include -I/magma/targets/php/repo/main -I/magma/targets/php/repo -I/magma/targets/php/repo/ext/date/lib -I/magma/targets/php/repo/oniguruma/src -I/magma/targets/php/repo/ext/mbstring/libmbfl -I/magma/targets/php/repo/ext/mbstring/libmbfl/mbfl -I/magma/targets/php/repo/TSRM -I/magma/targets/php/repo/Zend    -g -O2 -include /magma/magma/src/canary.h -DMAGMA_ENABLE_CANARIES    -g -O0 -fno-sanitize=object-size  -DU_NO_DEFAULT_INCLUDE_UTF_HEADERS=1 -DU_HIDE_OBSOLETE_UTF_OLD_H=1 -Wno-write-strings -D__STDC_LIMIT_MACROS -D__STDC_CONSTANT_MACROS -D__STDC_FORMAT_MACROS -DZEND_ENABLE_STATIC_TSRMLS_CACHE=1 -std=c++11  -DUNISTR_FROM_CHAR_EXPLICIT=explicit -DUNISTR_FROM_STRING_EXPLICIT=explicit -c /magma/targets/php/repo/ext/intl/common/common_enum.cpp -o ext/intl/common/common_enum.lo  -MMD -MF ext/intl/common/common_enum.dep -MT ext/intl/common/common_enum.lo
#23 43.85 /magma/targets/php/repo/ext/date/lib/tm2unixtime.c:367:16: warning: variable 'tmp' set but not used [-Wunused-but-set-variable]
#23 43.85   367 |                         timelib_sll tmp;
#23 43.85       |                                     ^
#23 43.86 /bin/bash /magma/targets/php/repo/libtool --silent --preserve-dup-deps --tag CC --mode=compile /magma/fuzzers/aflplusplus_lto_entropy/repo/afl-clang-lto++ -Iext/intl/ -I/magma/targets/php/repo/ext/intl/ -I/magma/targets/php/repo/include -I/magma/targets/php/repo/main -I/magma/targets/php/repo -I/magma/targets/php/repo/ext/date/lib -I/magma/targets/php/repo/oniguruma/src -I/magma/targets/php/repo/ext/mbstring/libmbfl -I/magma/targets/php/repo/ext/mbstring/libmbfl/mbfl -I/magma/targets/php/repo/TSRM -I/magma/targets/php/repo/Zend    -g -O2 -include /magma/magma/src/canary.h -DMAGMA_ENABLE_CANARIES    -g -O0 -fno-sanitize=object-size  -DU_NO_DEFAULT_INCLUDE_UTF_HEADERS=1 -DU_HIDE_OBSOLETE_UTF_OLD_H=1 -Wno-write-strings -D__STDC_LIMIT_MACROS -D__STDC_CONSTANT_MACROS -D__STDC_FORMAT_MACROS -DZEND_ENABLE_STATIC_TSRMLS_CACHE=1 -std=c++11  -DUNISTR_FROM_CHAR_EXPLICIT=explicit -DUNISTR_FROM_STRING_EXPLICIT=explicit -c /magma/targets/php/repo/ext/intl/common/common_date.cpp -o ext/intl/common/common_date.lo  -MMD -MF ext/intl/common/common_date.dep -MT ext/intl/common/common_date.lo
#23 43.86 /bin/bash /magma/targets/php/repo/libtool --silent --preserve-dup-deps --tag CC --mode=compile /magma/fuzzers/aflplusplus_lto_entropy/repo/afl-clang-lto++ -Iext/intl/ -I/magma/targets/php/repo/ext/intl/ -I/magma/targets/php/repo/include -I/magma/targets/php/repo/main -I/magma/targets/php/repo -I/magma/targets/php/repo/ext/date/lib -I/magma/targets/php/repo/oniguruma/src -I/magma/targets/php/repo/ext/mbstring/libmbfl -I/magma/targets/php/repo/ext/mbstring/libmbfl/mbfl -I/magma/targets/php/repo/TSRM -I/magma/targets/php/repo/Zend    -g -O2 -include /magma/magma/src/canary.h -DMAGMA_ENABLE_CANARIES    -g -O0 -fno-sanitize=object-size  -DU_NO_DEFAULT_INCLUDE_UTF_HEADERS=1 -DU_HIDE_OBSOLETE_UTF_OLD_H=1 -Wno-write-strings -D__STDC_LIMIT_MACROS -D__STDC_CONSTANT_MACROS -D__STDC_FORMAT_MACROS -DZEND_ENABLE_STATIC_TSRMLS_CACHE=1 -std=c++11  -DUNISTR_FROM_CHAR_EXPLICIT=explicit -DUNISTR_FROM_STRING_EXPLICIT=explicit -c /magma/targets/php/repo/ext/intl/dateformat/dateformat_format_object.cpp -o ext/intl/dateformat/dateformat_format_object.lo  -MMD -MF ext/intl/dateformat/dateformat_format_object.dep -MT ext/intl/dateformat/dateformat_format_object.lo
#23 43.86 1 warning generated.
#23 43.86 /bin/bash /magma/targets/php/repo/libtool --silent --preserve-dup-deps --tag CC --mode=compile /magma/fuzzers/aflplusplus_lto_entropy/repo/afl-clang-lto++ -Iext/intl/ -I/magma/targets/php/repo/ext/intl/ -I/magma/targets/php/repo/include -I/magma/targets/php/repo/main -I/magma/targets/php/repo -I/magma/targets/php/repo/ext/date/lib -I/magma/targets/php/repo/oniguruma/src -I/magma/targets/php/repo/ext/mbstring/libmbfl -I/magma/targets/php/repo/ext/mbstring/libmbfl/mbfl -I/magma/targets/php/repo/TSRM -I/magma/targets/php/repo/Zend    -g -O2 -include /magma/magma/src/canary.h -DMAGMA_ENABLE_CANARIES    -g -O0 -fno-sanitize=object-size  -DU_NO_DEFAULT_INCLUDE_UTF_HEADERS=1 -DU_HIDE_OBSOLETE_UTF_OLD_H=1 -Wno-write-strings -D__STDC_LIMIT_MACROS -D__STDC_CONSTANT_MACROS -D__STDC_FORMAT_MACROS -DZEND_ENABLE_STATIC_TSRMLS_CACHE=1 -std=c++11  -DUNISTR_FROM_CHAR_EXPLICIT=explicit -DUNISTR_FROM_STRING_EXPLICIT=explicit -c /magma/targets/php/repo/ext/intl/dateformat/dateformat_create.cpp -o ext/intl/dateformat/dateformat_create.lo  -MMD -MF ext/intl/dateformat/dateformat_create.dep -MT ext/intl/dateformat/dateformat_create.lo
#23 43.87 /bin/bash /magma/targets/php/repo/libtool --silent --preserve-dup-deps --tag CC --mode=compile /magma/fuzzers/aflplusplus_lto_entropy/repo/afl-clang-lto++ -Iext/intl/ -I/magma/targets/php/repo/ext/intl/ -I/magma/targets/php/repo/include -I/magma/targets/php/repo/main -I/magma/targets/php/repo -I/magma/targets/php/repo/ext/date/lib -I/magma/targets/php/repo/oniguruma/src -I/magma/targets/php/repo/ext/mbstring/libmbfl -I/magma/targets/php/repo/ext/mbstring/libmbfl/mbfl -I/magma/targets/php/repo/TSRM -I/magma/targets/php/repo/Zend    -g -O2 -include /magma/magma/src/canary.h -DMAGMA_ENABLE_CANARIES    -g -O0 -fno-sanitize=object-size  -DU_NO_DEFAULT_INCLUDE_UTF_HEADERS=1 -DU_HIDE_OBSOLETE_UTF_OLD_H=1 -Wno-write-strings -D__STDC_LIMIT_MACROS -D__STDC_CONSTANT_MACROS -D__STDC_FORMAT_MACROS -DZEND_ENABLE_STATIC_TSRMLS_CACHE=1 -std=c++11  -DUNISTR_FROM_CHAR_EXPLICIT=explicit -DUNISTR_FROM_STRING_EXPLICIT=explicit -c /magma/targets/php/repo/ext/intl/dateformat/dateformat_attrcpp.cpp -o ext/intl/dateformat/dateformat_attrcpp.lo  -MMD -MF ext/intl/dateformat/dateformat_attrcpp.dep -MT ext/intl/dateformat/dateformat_attrcpp.lo
#23 43.87 /bin/bash /magma/targets/php/repo/libtool --silent --preserve-dup-deps --tag CC --mode=compile /magma/fuzzers/aflplusplus_lto_entropy/repo/afl-clang-lto++ -Iext/intl/ -I/magma/targets/php/repo/ext/intl/ -I/magma/targets/php/repo/include -I/magma/targets/php/repo/main -I/magma/targets/php/repo -I/magma/targets/php/repo/ext/date/lib -I/magma/targets/php/repo/oniguruma/src -I/magma/targets/php/repo/ext/mbstring/libmbfl -I/magma/targets/php/repo/ext/mbstring/libmbfl/mbfl -I/magma/targets/php/repo/TSRM -I/magma/targets/php/repo/Zend    -g -O2 -include /magma/magma/src/canary.h -DMAGMA_ENABLE_CANARIES    -g -O0 -fno-sanitize=object-size  -DU_NO_DEFAULT_INCLUDE_UTF_HEADERS=1 -DU_HIDE_OBSOLETE_UTF_OLD_H=1 -Wno-write-strings -D__STDC_LIMIT_MACROS -D__STDC_CONSTANT_MACROS -D__STDC_FORMAT_MACROS -DZEND_ENABLE_STATIC_TSRMLS_CACHE=1 -std=c++11  -DUNISTR_FROM_CHAR_EXPLICIT=explicit -DUNISTR_FROM_STRING_EXPLICIT=explicit -c /magma/targets/php/repo/ext/intl/dateformat/dateformat_helpers.cpp -o ext/intl/dateformat/dateformat_helpers.lo  -MMD -MF ext/intl/dateformat/dateformat_helpers.dep -MT ext/intl/dateformat/dateformat_helpers.lo
#23 43.88 /bin/bash /magma/targets/php/repo/libtool --silent --preserve-dup-deps --tag CC --mode=compile /magma/fuzzers/aflplusplus_lto_entropy/repo/afl-clang-lto++ -Iext/intl/ -I/magma/targets/php/repo/ext/intl/ -I/magma/targets/php/repo/include -I/magma/targets/php/repo/main -I/magma/targets/php/repo -I/magma/targets/php/repo/ext/date/lib -I/magma/targets/php/repo/oniguruma/src -I/magma/targets/php/repo/ext/mbstring/libmbfl -I/magma/targets/php/repo/ext/mbstring/libmbfl/mbfl -I/magma/targets/php/repo/TSRM -I/magma/targets/php/repo/Zend    -g -O2 -include /magma/magma/src/canary.h -DMAGMA_ENABLE_CANARIES    -g -O0 -fno-sanitize=object-size  -DU_NO_DEFAULT_INCLUDE_UTF_HEADERS=1 -DU_HIDE_OBSOLETE_UTF_OLD_H=1 -Wno-write-strings -D__STDC_LIMIT_MACROS -D__STDC_CONSTANT_MACROS -D__STDC_FORMAT_MACROS -DZEND_ENABLE_STATIC_TSRMLS_CACHE=1 -std=c++11  -DUNISTR_FROM_CHAR_EXPLICIT=explicit -DUNISTR_FROM_STRING_EXPLICIT=explicit -c /magma/targets/php/repo/ext/intl/dateformat/datepatterngenerator_class.cpp -o ext/intl/dateformat/datepatterngenerator_class.lo  -MMD -MF ext/intl/dateformat/datepatterngenerator_class.dep -MT ext/intl/dateformat/datepatterngenerator_class.lo
#23 43.88 /bin/bash /magma/targets/php/repo/libtool --silent --preserve-dup-deps --tag CC --mode=compile /magma/fuzzers/aflplusplus_lto_entropy/repo/afl-clang-lto++ -Iext/intl/ -I/magma/targets/php/repo/ext/intl/ -I/magma/targets/php/repo/include -I/magma/targets/php/repo/main -I/magma/targets/php/repo -I/magma/targets/php/repo/ext/date/lib -I/magma/targets/php/repo/oniguruma/src -I/magma/targets/php/repo/ext/mbstring/libmbfl -I/magma/targets/php/repo/ext/mbstring/libmbfl/mbfl -I/magma/targets/php/repo/TSRM -I/magma/targets/php/repo/Zend    -g -O2 -include /magma/magma/src/canary.h -DMAGMA_ENABLE_CANARIES    -g -O0 -fno-sanitize=object-size  -DU_NO_DEFAULT_INCLUDE_UTF_HEADERS=1 -DU_HIDE_OBSOLETE_UTF_OLD_H=1 -Wno-write-strings -D__STDC_LIMIT_MACROS -D__STDC_CONSTANT_MACROS -D__STDC_FORMAT_MACROS -DZEND_ENABLE_STATIC_TSRMLS_CACHE=1 -std=c++11  -DUNISTR_FROM_CHAR_EXPLICIT=explicit -DUNISTR_FROM_STRING_EXPLICIT=explicit -c /magma/targets/php/repo/ext/intl/dateformat/datepatterngenerator_methods.cpp -o ext/intl/dateformat/datepatterngenerator_methods.lo  -MMD -MF ext/intl/dateformat/datepatterngenerator_methods.dep -MT ext/intl/dateformat/datepatterngenerator_methods.lo
#23 43.88 /bin/bash /magma/targets/php/repo/libtool --silent --preserve-dup-deps --tag CC --mode=compile /magma/fuzzers/aflplusplus_lto_entropy/repo/afl-clang-lto++ -Iext/intl/ -I/magma/targets/php/repo/ext/intl/ -I/magma/targets/php/repo/include -I/magma/targets/php/repo/main -I/magma/targets/php/repo -I/magma/targets/php/repo/ext/date/lib -I/magma/targets/php/repo/oniguruma/src -I/magma/targets/php/repo/ext/mbstring/libmbfl -I/magma/targets/php/repo/ext/mbstring/libmbfl/mbfl -I/magma/targets/php/repo/TSRM -I/magma/targets/php/repo/Zend    -g -O2 -include /magma/magma/src/canary.h -DMAGMA_ENABLE_CANARIES    -g -O0 -fno-sanitize=object-size  -DU_NO_DEFAULT_INCLUDE_UTF_HEADERS=1 -DU_HIDE_OBSOLETE_UTF_OLD_H=1 -Wno-write-strings -D__STDC_LIMIT_MACROS -D__STDC_CONSTANT_MACROS -D__STDC_FORMAT_MACROS -DZEND_ENABLE_STATIC_TSRMLS_CACHE=1 -std=c++11  -DUNISTR_FROM_CHAR_EXPLICIT=explicit -DUNISTR_FROM_STRING_EXPLICIT=explicit -c /magma/targets/php/repo/ext/intl/msgformat/msgformat_helpers.cpp -o ext/intl/msgformat/msgformat_helpers.lo  -MMD -MF ext/intl/msgformat/msgformat_helpers.dep -MT ext/intl/msgformat/msgformat_helpers.lo
#23 43.89 /bin/bash /magma/targets/php/repo/libtool --silent --preserve-dup-deps --tag CC --mode=compile /magma/fuzzers/aflplusplus_lto_entropy/repo/afl-clang-lto++ -Iext/intl/ -I/magma/targets/php/repo/ext/intl/ -I/magma/targets/php/repo/include -I/magma/targets/php/repo/main -I/magma/targets/php/repo -I/magma/targets/php/repo/ext/date/lib -I/magma/targets/php/repo/oniguruma/src -I/magma/targets/php/repo/ext/mbstring/libmbfl -I/magma/targets/php/repo/ext/mbstring/libmbfl/mbfl -I/magma/targets/php/repo/TSRM -I/magma/targets/php/repo/Zend    -g -O2 -include /magma/magma/src/canary.h -DMAGMA_ENABLE_CANARIES    -g -O0 -fno-sanitize=object-size  -DU_NO_DEFAULT_INCLUDE_UTF_HEADERS=1 -DU_HIDE_OBSOLETE_UTF_OLD_H=1 -Wno-write-strings -D__STDC_LIMIT_MACROS -D__STDC_CONSTANT_MACROS -D__STDC_FORMAT_MACROS -DZEND_ENABLE_STATIC_TSRMLS_CACHE=1 -std=c++11  -DUNISTR_FROM_CHAR_EXPLICIT=explicit -DUNISTR_FROM_STRING_EXPLICIT=explicit -c /magma/targets/php/repo/ext/intl/timezone/timezone_class.cpp -o ext/intl/timezone/timezone_class.lo  -MMD -MF ext/intl/timezone/timezone_class.dep -MT ext/intl/timezone/timezone_class.lo
#23 43.91 /bin/bash /magma/targets/php/repo/libtool --silent --preserve-dup-deps --tag CC --mode=compile /magma/fuzzers/aflplusplus_lto_entropy/repo/afl-clang-lto++ -Iext/intl/ -I/magma/targets/php/repo/ext/intl/ -I/magma/targets/php/repo/include -I/magma/targets/php/repo/main -I/magma/targets/php/repo -I/magma/targets/php/repo/ext/date/lib -I/magma/targets/php/repo/oniguruma/src -I/magma/targets/php/repo/ext/mbstring/libmbfl -I/magma/targets/php/repo/ext/mbstring/libmbfl/mbfl -I/magma/targets/php/repo/TSRM -I/magma/targets/php/repo/Zend    -g -O2 -include /magma/magma/src/canary.h -DMAGMA_ENABLE_CANARIES    -g -O0 -fno-sanitize=object-size  -DU_NO_DEFAULT_INCLUDE_UTF_HEADERS=1 -DU_HIDE_OBSOLETE_UTF_OLD_H=1 -Wno-write-strings -D__STDC_LIMIT_MACROS -D__STDC_CONSTANT_MACROS -D__STDC_FORMAT_MACROS -DZEND_ENABLE_STATIC_TSRMLS_CACHE=1 -std=c++11  -DUNISTR_FROM_CHAR_EXPLICIT=explicit -DUNISTR_FROM_STRING_EXPLICIT=explicit -c /magma/targets/php/repo/ext/intl/timezone/timezone_methods.cpp -o ext/intl/timezone/timezone_methods.lo  -MMD -MF ext/intl/timezone/timezone_methods.dep -MT ext/intl/timezone/timezone_methods.lo
#23 43.92 /bin/bash /magma/targets/php/repo/libtool --silent --preserve-dup-deps --tag CC --mode=compile /magma/fuzzers/aflplusplus_lto_entropy/repo/afl-clang-lto++ -Iext/intl/ -I/magma/targets/php/repo/ext/intl/ -I/magma/targets/php/repo/include -I/magma/targets/php/repo/main -I/magma/targets/php/repo -I/magma/targets/php/repo/ext/date/lib -I/magma/targets/php/repo/oniguruma/src -I/magma/targets/php/repo/ext/mbstring/libmbfl -I/magma/targets/php/repo/ext/mbstring/libmbfl/mbfl -I/magma/targets/php/repo/TSRM -I/magma/targets/php/repo/Zend    -g -O2 -include /magma/magma/src/canary.h -DMAGMA_ENABLE_CANARIES    -g -O0 -fno-sanitize=object-size  -DU_NO_DEFAULT_INCLUDE_UTF_HEADERS=1 -DU_HIDE_OBSOLETE_UTF_OLD_H=1 -Wno-write-strings -D__STDC_LIMIT_MACROS -D__STDC_CONSTANT_MACROS -D__STDC_FORMAT_MACROS -DZEND_ENABLE_STATIC_TSRMLS_CACHE=1 -std=c++11  -DUNISTR_FROM_CHAR_EXPLICIT=explicit -DUNISTR_FROM_STRING_EXPLICIT=explicit -c /magma/targets/php/repo/ext/intl/calendar/calendar_class.cpp -o ext/intl/calendar/calendar_class.lo  -MMD -MF ext/intl/calendar/calendar_class.dep -MT ext/intl/calendar/calendar_class.lo
#23 43.92 /bin/bash /magma/targets/php/repo/libtool --silent --preserve-dup-deps --tag CC --mode=compile /magma/fuzzers/aflplusplus_lto_entropy/repo/afl-clang-lto++ -Iext/intl/ -I/magma/targets/php/repo/ext/intl/ -I/magma/targets/php/repo/include -I/magma/targets/php/repo/main -I/magma/targets/php/repo -I/magma/targets/php/repo/ext/date/lib -I/magma/targets/php/repo/oniguruma/src -I/magma/targets/php/repo/ext/mbstring/libmbfl -I/magma/targets/php/repo/ext/mbstring/libmbfl/mbfl -I/magma/targets/php/repo/TSRM -I/magma/targets/php/repo/Zend    -g -O2 -include /magma/magma/src/canary.h -DMAGMA_ENABLE_CANARIES    -g -O0 -fno-sanitize=object-size  -DU_NO_DEFAULT_INCLUDE_UTF_HEADERS=1 -DU_HIDE_OBSOLETE_UTF_OLD_H=1 -Wno-write-strings -D__STDC_LIMIT_MACROS -D__STDC_CONSTANT_MACROS -D__STDC_FORMAT_MACROS -DZEND_ENABLE_STATIC_TSRMLS_CACHE=1 -std=c++11  -DUNISTR_FROM_CHAR_EXPLICIT=explicit -DUNISTR_FROM_STRING_EXPLICIT=explicit -c /magma/targets/php/repo/ext/intl/calendar/calendar_methods.cpp -o ext/intl/calendar/calendar_methods.lo  -MMD -MF ext/intl/calendar/calendar_methods.dep -MT ext/intl/calendar/calendar_methods.lo
#23 43.93 /bin/bash /magma/targets/php/repo/libtool --silent --preserve-dup-deps --tag CC --mode=compile /magma/fuzzers/aflplusplus_lto_entropy/repo/afl-clang-lto++ -Iext/intl/ -I/magma/targets/php/repo/ext/intl/ -I/magma/targets/php/repo/include -I/magma/targets/php/repo/main -I/magma/targets/php/repo -I/magma/targets/php/repo/ext/date/lib -I/magma/targets/php/repo/oniguruma/src -I/magma/targets/php/repo/ext/mbstring/libmbfl -I/magma/targets/php/repo/ext/mbstring/libmbfl/mbfl -I/magma/targets/php/repo/TSRM -I/magma/targets/php/repo/Zend    -g -O2 -include /magma/magma/src/canary.h -DMAGMA_ENABLE_CANARIES    -g -O0 -fno-sanitize=object-size  -DU_NO_DEFAULT_INCLUDE_UTF_HEADERS=1 -DU_HIDE_OBSOLETE_UTF_OLD_H=1 -Wno-write-strings -D__STDC_LIMIT_MACROS -D__STDC_CONSTANT_MACROS -D__STDC_FORMAT_MACROS -DZEND_ENABLE_STATIC_TSRMLS_CACHE=1 -std=c++11  -DUNISTR_FROM_CHAR_EXPLICIT=explicit -DUNISTR_FROM_STRING_EXPLICIT=explicit -c /magma/targets/php/repo/ext/intl/calendar/gregoriancalendar_methods.cpp -o ext/intl/calendar/gregoriancalendar_methods.lo  -MMD -MF ext/intl/calendar/gregoriancalendar_methods.dep -MT ext/intl/calendar/gregoriancalendar_methods.lo
#23 43.94 /bin/bash /magma/targets/php/repo/libtool --silent --preserve-dup-deps --tag CC --mode=compile /magma/fuzzers/aflplusplus_lto_entropy/repo/afl-clang-lto++ -Iext/intl/ -I/magma/targets/php/repo/ext/intl/ -I/magma/targets/php/repo/include -I/magma/targets/php/repo/main -I/magma/targets/php/repo -I/magma/targets/php/repo/ext/date/lib -I/magma/targets/php/repo/oniguruma/src -I/magma/targets/php/repo/ext/mbstring/libmbfl -I/magma/targets/php/repo/ext/mbstring/libmbfl/mbfl -I/magma/targets/php/repo/TSRM -I/magma/targets/php/repo/Zend    -g -O2 -include /magma/magma/src/canary.h -DMAGMA_ENABLE_CANARIES    -g -O0 -fno-sanitize=object-size  -DU_NO_DEFAULT_INCLUDE_UTF_HEADERS=1 -DU_HIDE_OBSOLETE_UTF_OLD_H=1 -Wno-write-strings -D__STDC_LIMIT_MACROS -D__STDC_CONSTANT_MACROS -D__STDC_FORMAT_MACROS -DZEND_ENABLE_STATIC_TSRMLS_CACHE=1 -std=c++11  -DUNISTR_FROM_CHAR_EXPLICIT=explicit -DUNISTR_FROM_STRING_EXPLICIT=explicit -c /magma/targets/php/repo/ext/intl/breakiterator/breakiterator_class.cpp -o ext/intl/breakiterator/breakiterator_class.lo  -MMD -MF ext/intl/breakiterator/breakiterator_class.dep -MT ext/intl/breakiterator/breakiterator_class.lo
#23 43.97 /bin/bash /magma/targets/php/repo/libtool --silent --preserve-dup-deps --tag CC --mode=compile /magma/fuzzers/aflplusplus_lto_entropy/repo/afl-clang-lto++ -Iext/intl/ -I/magma/targets/php/repo/ext/intl/ -I/magma/targets/php/repo/include -I/magma/targets/php/repo/main -I/magma/targets/php/repo -I/magma/targets/php/repo/ext/date/lib -I/magma/targets/php/repo/oniguruma/src -I/magma/targets/php/repo/ext/mbstring/libmbfl -I/magma/targets/php/repo/ext/mbstring/libmbfl/mbfl -I/magma/targets/php/repo/TSRM -I/magma/targets/php/repo/Zend    -g -O2 -include /magma/magma/src/canary.h -DMAGMA_ENABLE_CANARIES    -g -O0 -fno-sanitize=object-size  -DU_NO_DEFAULT_INCLUDE_UTF_HEADERS=1 -DU_HIDE_OBSOLETE_UTF_OLD_H=1 -Wno-write-strings -D__STDC_LIMIT_MACROS -D__STDC_CONSTANT_MACROS -D__STDC_FORMAT_MACROS -DZEND_ENABLE_STATIC_TSRMLS_CACHE=1 -std=c++11  -DUNISTR_FROM_CHAR_EXPLICIT=explicit -DUNISTR_FROM_STRING_EXPLICIT=explicit -c /magma/targets/php/repo/ext/intl/breakiterator/breakiterator_iterators.cpp -o ext/intl/breakiterator/breakiterator_iterators.lo  -MMD -MF ext/intl/breakiterator/breakiterator_iterators.dep -MT ext/intl/breakiterator/breakiterator_iterators.lo
#23 43.97 /magma/targets/php/repo/ext/exif/exif.c:3808:6: warning: variable 'section' set but not used [-Wunused-but-set-variable]
#23 43.97  3808 |         int section, sn;
#23 43.97       |             ^
#23 44.00 /bin/bash /magma/targets/php/repo/libtool --silent --preserve-dup-deps --tag CC --mode=compile /magma/fuzzers/aflplusplus_lto_entropy/repo/afl-clang-lto++ -Iext/intl/ -I/magma/targets/php/repo/ext/intl/ -I/magma/targets/php/repo/include -I/magma/targets/php/repo/main -I/magma/targets/php/repo -I/magma/targets/php/repo/ext/date/lib -I/magma/targets/php/repo/oniguruma/src -I/magma/targets/php/repo/ext/mbstring/libmbfl -I/magma/targets/php/repo/ext/mbstring/libmbfl/mbfl -I/magma/targets/php/repo/TSRM -I/magma/targets/php/repo/Zend    -g -O2 -include /magma/magma/src/canary.h -DMAGMA_ENABLE_CANARIES    -g -O0 -fno-sanitize=object-size  -DU_NO_DEFAULT_INCLUDE_UTF_HEADERS=1 -DU_HIDE_OBSOLETE_UTF_OLD_H=1 -Wno-write-strings -D__STDC_LIMIT_MACROS -D__STDC_CONSTANT_MACROS -D__STDC_FORMAT_MACROS -DZEND_ENABLE_STATIC_TSRMLS_CACHE=1 -std=c++11  -DUNISTR_FROM_CHAR_EXPLICIT=explicit -DUNISTR_FROM_STRING_EXPLICIT=explicit -c /magma/targets/php/repo/ext/intl/breakiterator/breakiterator_methods.cpp -o ext/intl/breakiterator/breakiterator_methods.lo  -MMD -MF ext/intl/breakiterator/breakiterator_methods.dep -MT ext/intl/breakiterator/breakiterator_methods.lo
#23 44.00 /bin/bash /magma/targets/php/repo/libtool --silent --preserve-dup-deps --tag CC --mode=compile /magma/fuzzers/aflplusplus_lto_entropy/repo/afl-clang-lto++ -Iext/intl/ -I/magma/targets/php/repo/ext/intl/ -I/magma/targets/php/repo/include -I/magma/targets/php/repo/main -I/magma/targets/php/repo -I/magma/targets/php/repo/ext/date/lib -I/magma/targets/php/repo/oniguruma/src -I/magma/targets/php/repo/ext/mbstring/libmbfl -I/magma/targets/php/repo/ext/mbstring/libmbfl/mbfl -I/magma/targets/php/repo/TSRM -I/magma/targets/php/repo/Zend    -g -O2 -include /magma/magma/src/canary.h -DMAGMA_ENABLE_CANARIES    -g -O0 -fno-sanitize=object-size  -DU_NO_DEFAULT_INCLUDE_UTF_HEADERS=1 -DU_HIDE_OBSOLETE_UTF_OLD_H=1 -Wno-write-strings -D__STDC_LIMIT_MACROS -D__STDC_CONSTANT_MACROS -D__STDC_FORMAT_MACROS -DZEND_ENABLE_STATIC_TSRMLS_CACHE=1 -std=c++11  -DUNISTR_FROM_CHAR_EXPLICIT=explicit -DUNISTR_FROM_STRING_EXPLICIT=explicit -c /magma/targets/php/repo/ext/intl/breakiterator/rulebasedbreakiterator_methods.cpp -o ext/intl/breakiterator/rulebasedbreakiterator_methods.lo  -MMD -MF ext/intl/breakiterator/rulebasedbreakiterator_methods.dep -MT ext/intl/breakiterator/rulebasedbreakiterator_methods.lo
#23 44.01 /bin/bash /magma/targets/php/repo/libtool --silent --preserve-dup-deps --tag CC --mode=compile /magma/fuzzers/aflplusplus_lto_entropy/repo/afl-clang-lto++ -Iext/intl/ -I/magma/targets/php/repo/ext/intl/ -I/magma/targets/php/repo/include -I/magma/targets/php/repo/main -I/magma/targets/php/repo -I/magma/targets/php/repo/ext/date/lib -I/magma/targets/php/repo/oniguruma/src -I/magma/targets/php/repo/ext/mbstring/libmbfl -I/magma/targets/php/repo/ext/mbstring/libmbfl/mbfl -I/magma/targets/php/repo/TSRM -I/magma/targets/php/repo/Zend    -g -O2 -include /magma/magma/src/canary.h -DMAGMA_ENABLE_CANARIES    -g -O0 -fno-sanitize=object-size  -DU_NO_DEFAULT_INCLUDE_UTF_HEADERS=1 -DU_HIDE_OBSOLETE_UTF_OLD_H=1 -Wno-write-strings -D__STDC_LIMIT_MACROS -D__STDC_CONSTANT_MACROS -D__STDC_FORMAT_MACROS -DZEND_ENABLE_STATIC_TSRMLS_CACHE=1 -std=c++11  -DUNISTR_FROM_CHAR_EXPLICIT=explicit -DUNISTR_FROM_STRING_EXPLICIT=explicit -c /magma/targets/php/repo/ext/intl/breakiterator/codepointiterator_internal.cpp -o ext/intl/breakiterator/codepointiterator_internal.lo  -MMD -MF ext/intl/breakiterator/codepointiterator_internal.dep -MT ext/intl/breakiterator/codepointiterator_internal.lo
#23 44.01 /bin/bash /magma/targets/php/repo/libtool --silent --preserve-dup-deps --tag CC --mode=compile /magma/fuzzers/aflplusplus_lto_entropy/repo/afl-clang-lto++ -Iext/intl/ -I/magma/targets/php/repo/ext/intl/ -I/magma/targets/php/repo/include -I/magma/targets/php/repo/main -I/magma/targets/php/repo -I/magma/targets/php/repo/ext/date/lib -I/magma/targets/php/repo/oniguruma/src -I/magma/targets/php/repo/ext/mbstring/libmbfl -I/magma/targets/php/repo/ext/mbstring/libmbfl/mbfl -I/magma/targets/php/repo/TSRM -I/magma/targets/php/repo/Zend    -g -O2 -include /magma/magma/src/canary.h -DMAGMA_ENABLE_CANARIES    -g -O0 -fno-sanitize=object-size  -DU_NO_DEFAULT_INCLUDE_UTF_HEADERS=1 -DU_HIDE_OBSOLETE_UTF_OLD_H=1 -Wno-write-strings -D__STDC_LIMIT_MACROS -D__STDC_CONSTANT_MACROS -D__STDC_FORMAT_MACROS -DZEND_ENABLE_STATIC_TSRMLS_CACHE=1 -std=c++11  -DUNISTR_FROM_CHAR_EXPLICIT=explicit -DUNISTR_FROM_STRING_EXPLICIT=explicit -c /magma/targets/php/repo/ext/intl/breakiterator/codepointiterator_methods.cpp -o ext/intl/breakiterator/codepointiterator_methods.lo  -MMD -MF ext/intl/breakiterator/codepointiterator_methods.dep -MT ext/intl/breakiterator/codepointiterator_methods.lo
#23 44.01 /bin/bash /magma/targets/php/repo/libtool --silent --preserve-dup-deps --tag CC --mode=compile /magma/fuzzers/aflplusplus_lto_entropy/repo/afl-clang-lto -Iext/json/ -I/magma/targets/php/repo/ext/json/ -I/magma/targets/php/repo/include -I/magma/targets/php/repo/main -I/magma/targets/php/repo -I/magma/targets/php/repo/ext/date/lib -I/magma/targets/php/repo/oniguruma/src -I/magma/targets/php/repo/ext/mbstring/libmbfl -I/magma/targets/php/repo/ext/mbstring/libmbfl/mbfl -I/magma/targets/php/repo/TSRM -I/magma/targets/php/repo/Zend    -fno-common -Wformat-truncation -Wall -Wextra -Wno-strict-aliasing -Wno-unused-parameter -Wno-sign-compare -g -O2 -fvisibility=hidden -DZEND_SIGNALS  -include /magma/magma/src/canary.h -DMAGMA_ENABLE_CANARIES    -g -O0 -fno-sanitize=object-size -DZEND_ENABLE_STATIC_TSRMLS_CACHE=1 -c /magma/targets/php/repo/ext/json/json.c -o ext/json/json.lo  -MMD -MF ext/json/json.dep -MT ext/json/json.lo
#23 44.01 /bin/bash /magma/targets/php/repo/libtool --silent --preserve-dup-deps --tag CC --mode=compile /magma/fuzzers/aflplusplus_lto_entropy/repo/afl-clang-lto -Iext/json/ -I/magma/targets/php/repo/ext/json/ -I/magma/targets/php/repo/include -I/magma/targets/php/repo/main -I/magma/targets/php/repo -I/magma/targets/php/repo/ext/date/lib -I/magma/targets/php/repo/oniguruma/src -I/magma/targets/php/repo/ext/mbstring/libmbfl -I/magma/targets/php/repo/ext/mbstring/libmbfl/mbfl -I/magma/targets/php/repo/TSRM -I/magma/targets/php/repo/Zend    -fno-common -Wformat-truncation -Wall -Wextra -Wno-strict-aliasing -Wno-unused-parameter -Wno-sign-compare -g -O2 -fvisibility=hidden -DZEND_SIGNALS  -include /magma/magma/src/canary.h -DMAGMA_ENABLE_CANARIES    -g -O0 -fno-sanitize=object-size -DZEND_ENABLE_STATIC_TSRMLS_CACHE=1 -c /magma/targets/php/repo/ext/json/json_encoder.c -o ext/json/json_encoder.lo  -MMD -MF ext/json/json_encoder.dep -MT ext/json/json_encoder.lo
#23 44.02 /bin/bash /magma/targets/php/repo/libtool --silent --preserve-dup-deps --tag CC --mode=compile /magma/fuzzers/aflplusplus_lto_entropy/repo/afl-clang-lto -Iext/mbstring/ -I/magma/targets/php/repo/ext/mbstring/ -I/magma/targets/php/repo/include -I/magma/targets/php/repo/main -I/magma/targets/php/repo -I/magma/targets/php/repo/ext/date/lib -I/magma/targets/php/repo/oniguruma/src -I/magma/targets/php/repo/ext/mbstring/libmbfl -I/magma/targets/php/repo/ext/mbstring/libmbfl/mbfl -I/magma/targets/php/repo/TSRM -I/magma/targets/php/repo/Zend    -fno-common -Wformat-truncation -Wall -Wextra -Wno-strict-aliasing -Wno-unused-parameter -Wno-sign-compare -g -O2 -fvisibility=hidden -DZEND_SIGNALS  -include /magma/magma/src/canary.h -DMAGMA_ENABLE_CANARIES    -g -O0 -fno-sanitize=object-size  -DONIG_ESCAPE_UCHAR_COLLISION=1 -DUChar=OnigUChar -DZEND_ENABLE_STATIC_TSRMLS_CACHE=1 -c /magma/targets/php/repo/ext/mbstring/mbstring.c -o ext/mbstring/mbstring.lo  -MMD -MF ext/mbstring/mbstring.dep -MT ext/mbstring/mbstring.lo
#23 44.02 /bin/bash /magma/targets/php/repo/libtool --silent --preserve-dup-deps --tag CC --mode=compile /magma/fuzzers/aflplusplus_lto_entropy/repo/afl-clang-lto -Iext/mbstring/ -I/magma/targets/php/repo/ext/mbstring/ -I/magma/targets/php/repo/include -I/magma/targets/php/repo/main -I/magma/targets/php/repo -I/magma/targets/php/repo/ext/date/lib -I/magma/targets/php/repo/oniguruma/src -I/magma/targets/php/repo/ext/mbstring/libmbfl -I/magma/targets/php/repo/ext/mbstring/libmbfl/mbfl -I/magma/targets/php/repo/TSRM -I/magma/targets/php/repo/Zend    -fno-common -Wformat-truncation -Wall -Wextra -Wno-strict-aliasing -Wno-unused-parameter -Wno-sign-compare -g -O2 -fvisibility=hidden -DZEND_SIGNALS  -include /magma/magma/src/canary.h -DMAGMA_ENABLE_CANARIES    -g -O0 -fno-sanitize=object-size  -DONIG_ESCAPE_UCHAR_COLLISION=1 -DUChar=OnigUChar -DZEND_ENABLE_STATIC_TSRMLS_CACHE=1 -c /magma/targets/php/repo/ext/mbstring/php_unicode.c -o ext/mbstring/php_unicode.lo  -MMD -MF ext/mbstring/php_unicode.dep -MT ext/mbstring/php_unicode.lo
#23 44.03 /bin/bash /magma/targets/php/repo/libtool --silent --preserve-dup-deps --tag CC --mode=compile /magma/fuzzers/aflplusplus_lto_entropy/repo/afl-clang-lto -Iext/mbstring/ -I/magma/targets/php/repo/ext/mbstring/ -I/magma/targets/php/repo/include -I/magma/targets/php/repo/main -I/magma/targets/php/repo -I/magma/targets/php/repo/ext/date/lib -I/magma/targets/php/repo/oniguruma/src -I/magma/targets/php/repo/ext/mbstring/libmbfl -I/magma/targets/php/repo/ext/mbstring/libmbfl/mbfl -I/magma/targets/php/repo/TSRM -I/magma/targets/php/repo/Zend    -fno-common -Wformat-truncation -Wall -Wextra -Wno-strict-aliasing -Wno-unused-parameter -Wno-sign-compare -g -O2 -fvisibility=hidden -DZEND_SIGNALS  -include /magma/magma/src/canary.h -DMAGMA_ENABLE_CANARIES    -g -O0 -fno-sanitize=object-size  -DONIG_ESCAPE_UCHAR_COLLISION=1 -DUChar=OnigUChar -DZEND_ENABLE_STATIC_TSRMLS_CACHE=1 -c /magma/targets/php/repo/ext/mbstring/mb_gpc.c -o ext/mbstring/mb_gpc.lo  -MMD -MF ext/mbstring/mb_gpc.dep -MT ext/mbstring/mb_gpc.lo
#23 44.04 /bin/bash /magma/targets/php/repo/libtool --silent --preserve-dup-deps --tag CC --mode=compile /magma/fuzzers/aflplusplus_lto_entropy/repo/afl-clang-lto -Iext/mbstring/ -I/magma/targets/php/repo/ext/mbstring/ -I/magma/targets/php/repo/include -I/magma/targets/php/repo/main -I/magma/targets/php/repo -I/magma/targets/php/repo/ext/date/lib -I/magma/targets/php/repo/oniguruma/src -I/magma/targets/php/repo/ext/mbstring/libmbfl -I/magma/targets/php/repo/ext/mbstring/libmbfl/mbfl -I/magma/targets/php/repo/TSRM -I/magma/targets/php/repo/Zend    -fno-common -Wformat-truncation -Wall -Wextra -Wno-strict-aliasing -Wno-unused-parameter -Wno-sign-compare -g -O2 -fvisibility=hidden -DZEND_SIGNALS  -include /magma/magma/src/canary.h -DMAGMA_ENABLE_CANARIES    -g -O0 -fno-sanitize=object-size  -DONIG_ESCAPE_UCHAR_COLLISION=1 -DUChar=OnigUChar -DZEND_ENABLE_STATIC_TSRMLS_CACHE=1 -c /magma/targets/php/repo/ext/mbstring/php_mbregex.c -o ext/mbstring/php_mbregex.lo  -MMD -MF ext/mbstring/php_mbregex.dep -MT ext/mbstring/php_mbregex.lo
#23 44.04 /bin/bash /magma/targets/php/repo/libtool --silent --preserve-dup-deps --tag CC --mode=compile /magma/fuzzers/aflplusplus_lto_entropy/repo/afl-clang-lto -Iext/mbstring/ -I/magma/targets/php/repo/ext/mbstring/ -I/magma/targets/php/repo/include -I/magma/targets/php/repo/main -I/magma/targets/php/repo -I/magma/targets/php/repo/ext/date/lib -I/magma/targets/php/repo/oniguruma/src -I/magma/targets/php/repo/ext/mbstring/libmbfl -I/magma/targets/php/repo/ext/mbstring/libmbfl/mbfl -I/magma/targets/php/repo/TSRM -I/magma/targets/php/repo/Zend    -fno-common -Wformat-truncation -Wall -Wextra -Wno-strict-aliasing -Wno-unused-parameter -Wno-sign-compare -g -O2 -fvisibility=hidden -DZEND_SIGNALS  -include /magma/magma/src/canary.h -DMAGMA_ENABLE_CANARIES    -g -O0 -fno-sanitize=object-size  -DONIG_ESCAPE_UCHAR_COLLISION=1 -DUChar=OnigUChar -DZEND_ENABLE_STATIC_TSRMLS_CACHE=1 -c /magma/targets/php/repo/ext/mbstring/libmbfl/filters/html_entities.c -o ext/mbstring/libmbfl/filters/html_entities.lo  -MMD -MF ext/mbstring/libmbfl/filters/html_entities.dep -MT ext/mbstring/libmbfl/filters/html_entities.lo
#23 44.04 /bin/bash /magma/targets/php/repo/libtool --silent --preserve-dup-deps --tag CC --mode=compile /magma/fuzzers/aflplusplus_lto_entropy/repo/afl-clang-lto -Iext/mbstring/ -I/magma/targets/php/repo/ext/mbstring/ -I/magma/targets/php/repo/include -I/magma/targets/php/repo/main -I/magma/targets/php/repo -I/magma/targets/php/repo/ext/date/lib -I/magma/targets/php/repo/oniguruma/src -I/magma/targets/php/repo/ext/mbstring/libmbfl -I/magma/targets/php/repo/ext/mbstring/libmbfl/mbfl -I/magma/targets/php/repo/TSRM -I/magma/targets/php/repo/Zend    -fno-common -Wformat-truncation -Wall -Wextra -Wno-strict-aliasing -Wno-unused-parameter -Wno-sign-compare -g -O2 -fvisibility=hidden -DZEND_SIGNALS  -include /magma/magma/src/canary.h -DMAGMA_ENABLE_CANARIES    -g -O0 -fno-sanitize=object-size  -DONIG_ESCAPE_UCHAR_COLLISION=1 -DUChar=OnigUChar -DZEND_ENABLE_STATIC_TSRMLS_CACHE=1 -c /magma/targets/php/repo/ext/mbstring/libmbfl/filters/mbfilter_7bit.c -o ext/mbstring/libmbfl/filters/mbfilter_7bit.lo  -MMD -MF ext/mbstring/libmbfl/filters/mbfilter_7bit.dep -MT ext/mbstring/libmbfl/filters/mbfilter_7bit.lo
#23 44.04 /bin/bash /magma/targets/php/repo/libtool --silent --preserve-dup-deps --tag CC --mode=compile /magma/fuzzers/aflplusplus_lto_entropy/repo/afl-clang-lto -Iext/mbstring/ -I/magma/targets/php/repo/ext/mbstring/ -I/magma/targets/php/repo/include -I/magma/targets/php/repo/main -I/magma/targets/php/repo -I/magma/targets/php/repo/ext/date/lib -I/magma/targets/php/repo/oniguruma/src -I/magma/targets/php/repo/ext/mbstring/libmbfl -I/magma/targets/php/repo/ext/mbstring/libmbfl/mbfl -I/magma/targets/php/repo/TSRM -I/magma/targets/php/repo/Zend    -fno-common -Wformat-truncation -Wall -Wextra -Wno-strict-aliasing -Wno-unused-parameter -Wno-sign-compare -g -O2 -fvisibility=hidden -DZEND_SIGNALS  -include /magma/magma/src/canary.h -DMAGMA_ENABLE_CANARIES    -g -O0 -fno-sanitize=object-size  -DONIG_ESCAPE_UCHAR_COLLISION=1 -DUChar=OnigUChar -DZEND_ENABLE_STATIC_TSRMLS_CACHE=1 -c /magma/targets/php/repo/ext/mbstring/libmbfl/filters/mbfilter_base64.c -o ext/mbstring/libmbfl/filters/mbfilter_base64.lo  -MMD -MF ext/mbstring/libmbfl/filters/mbfilter_base64.dep -MT ext/mbstring/libmbfl/filters/mbfilter_base64.lo
#23 44.04 /bin/bash /magma/targets/php/repo/libtool --silent --preserve-dup-deps --tag CC --mode=compile /magma/fuzzers/aflplusplus_lto_entropy/repo/afl-clang-lto -Iext/mbstring/ -I/magma/targets/php/repo/ext/mbstring/ -I/magma/targets/php/repo/include -I/magma/targets/php/repo/main -I/magma/targets/php/repo -I/magma/targets/php/repo/ext/date/lib -I/magma/targets/php/repo/oniguruma/src -I/magma/targets/php/repo/ext/mbstring/libmbfl -I/magma/targets/php/repo/ext/mbstring/libmbfl/mbfl -I/magma/targets/php/repo/TSRM -I/magma/targets/php/repo/Zend    -fno-common -Wformat-truncation -Wall -Wextra -Wno-strict-aliasing -Wno-unused-parameter -Wno-sign-compare -g -O2 -fvisibility=hidden -DZEND_SIGNALS  -include /magma/magma/src/canary.h -DMAGMA_ENABLE_CANARIES    -g -O0 -fno-sanitize=object-size  -DONIG_ESCAPE_UCHAR_COLLISION=1 -DUChar=OnigUChar -DZEND_ENABLE_STATIC_TSRMLS_CACHE=1 -c /magma/targets/php/repo/ext/mbstring/libmbfl/filters/mbfilter_big5.c -o ext/mbstring/libmbfl/filters/mbfilter_big5.lo  -MMD -MF ext/mbstring/libmbfl/filters/mbfilter_big5.dep -MT ext/mbstring/libmbfl/filters/mbfilter_big5.lo
#23 44.04 /bin/bash /magma/targets/php/repo/libtool --silent --preserve-dup-deps --tag CC --mode=compile /magma/fuzzers/aflplusplus_lto_entropy/repo/afl-clang-lto -Iext/mbstring/ -I/magma/targets/php/repo/ext/mbstring/ -I/magma/targets/php/repo/include -I/magma/targets/php/repo/main -I/magma/targets/php/repo -I/magma/targets/php/repo/ext/date/lib -I/magma/targets/php/repo/oniguruma/src -I/magma/targets/php/repo/ext/mbstring/libmbfl -I/magma/targets/php/repo/ext/mbstring/libmbfl/mbfl -I/magma/targets/php/repo/TSRM -I/magma/targets/php/repo/Zend    -fno-common -Wformat-truncation -Wall -Wextra -Wno-strict-aliasing -Wno-unused-parameter -Wno-sign-compare -g -O2 -fvisibility=hidden -DZEND_SIGNALS  -include /magma/magma/src/canary.h -DMAGMA_ENABLE_CANARIES    -g -O0 -fno-sanitize=object-size  -DONIG_ESCAPE_UCHAR_COLLISION=1 -DUChar=OnigUChar -DZEND_ENABLE_STATIC_TSRMLS_CACHE=1 -c /magma/targets/php/repo/ext/mbstring/libmbfl/filters/mbfilter_cp5022x.c -o ext/mbstring/libmbfl/filters/mbfilter_cp5022x.lo  -MMD -MF ext/mbstring/libmbfl/filters/mbfilter_cp5022x.dep -MT ext/mbstring/libmbfl/filters/mbfilter_cp5022x.lo
#23 44.04 /bin/bash /magma/targets/php/repo/libtool --silent --preserve-dup-deps --tag CC --mode=compile /magma/fuzzers/aflplusplus_lto_entropy/repo/afl-clang-lto -Iext/mbstring/ -I/magma/targets/php/repo/ext/mbstring/ -I/magma/targets/php/repo/include -I/magma/targets/php/repo/main -I/magma/targets/php/repo -I/magma/targets/php/repo/ext/date/lib -I/magma/targets/php/repo/oniguruma/src -I/magma/targets/php/repo/ext/mbstring/libmbfl -I/magma/targets/php/repo/ext/mbstring/libmbfl/mbfl -I/magma/targets/php/repo/TSRM -I/magma/targets/php/repo/Zend    -fno-common -Wformat-truncation -Wall -Wextra -Wno-strict-aliasing -Wno-unused-parameter -Wno-sign-compare -g -O2 -fvisibility=hidden -DZEND_SIGNALS  -include /magma/magma/src/canary.h -DMAGMA_ENABLE_CANARIES    -g -O0 -fno-sanitize=object-size  -DONIG_ESCAPE_UCHAR_COLLISION=1 -DUChar=OnigUChar -DZEND_ENABLE_STATIC_TSRMLS_CACHE=1 -c /magma/targets/php/repo/ext/mbstring/libmbfl/filters/mbfilter_cp51932.c -o ext/mbstring/libmbfl/filters/mbfilter_cp51932.lo  -MMD -MF ext/mbstring/libmbfl/filters/mbfilter_cp51932.dep -MT ext/mbstring/libmbfl/filters/mbfilter_cp51932.lo
#23 44.05 /bin/bash /magma/targets/php/repo/libtool --silent --preserve-dup-deps --tag CC --mode=compile /magma/fuzzers/aflplusplus_lto_entropy/repo/afl-clang-lto -Iext/mbstring/ -I/magma/targets/php/repo/ext/mbstring/ -I/magma/targets/php/repo/include -I/magma/targets/php/repo/main -I/magma/targets/php/repo -I/magma/targets/php/repo/ext/date/lib -I/magma/targets/php/repo/oniguruma/src -I/magma/targets/php/repo/ext/mbstring/libmbfl -I/magma/targets/php/repo/ext/mbstring/libmbfl/mbfl -I/magma/targets/php/repo/TSRM -I/magma/targets/php/repo/Zend    -fno-common -Wformat-truncation -Wall -Wextra -Wno-strict-aliasing -Wno-unused-parameter -Wno-sign-compare -g -O2 -fvisibility=hidden -DZEND_SIGNALS  -include /magma/magma/src/canary.h -DMAGMA_ENABLE_CANARIES    -g -O0 -fno-sanitize=object-size  -DONIG_ESCAPE_UCHAR_COLLISION=1 -DUChar=OnigUChar -DZEND_ENABLE_STATIC_TSRMLS_CACHE=1 -c /magma/targets/php/repo/ext/mbstring/libmbfl/filters/mbfilter_cp932.c -o ext/mbstring/libmbfl/filters/mbfilter_cp932.lo  -MMD -MF ext/mbstring/libmbfl/filters/mbfilter_cp932.dep -MT ext/mbstring/libmbfl/filters/mbfilter_cp932.lo
#23 44.05 /bin/bash /magma/targets/php/repo/libtool --silent --preserve-dup-deps --tag CC --mode=compile /magma/fuzzers/aflplusplus_lto_entropy/repo/afl-clang-lto -Iext/mbstring/ -I/magma/targets/php/repo/ext/mbstring/ -I/magma/targets/php/repo/include -I/magma/targets/php/repo/main -I/magma/targets/php/repo -I/magma/targets/php/repo/ext/date/lib -I/magma/targets/php/repo/oniguruma/src -I/magma/targets/php/repo/ext/mbstring/libmbfl -I/magma/targets/php/repo/ext/mbstring/libmbfl/mbfl -I/magma/targets/php/repo/TSRM -I/magma/targets/php/repo/Zend    -fno-common -Wformat-truncation -Wall -Wextra -Wno-strict-aliasing -Wno-unused-parameter -Wno-sign-compare -g -O2 -fvisibility=hidden -DZEND_SIGNALS  -include /magma/magma/src/canary.h -DMAGMA_ENABLE_CANARIES    -g -O0 -fno-sanitize=object-size  -DONIG_ESCAPE_UCHAR_COLLISION=1 -DUChar=OnigUChar -DZEND_ENABLE_STATIC_TSRMLS_CACHE=1 -c /magma/targets/php/repo/ext/mbstring/libmbfl/filters/mbfilter_cp936.c -o ext/mbstring/libmbfl/filters/mbfilter_cp936.lo  -MMD -MF ext/mbstring/libmbfl/filters/mbfilter_cp936.dep -MT ext/mbstring/libmbfl/filters/mbfilter_cp936.lo
#23 44.05 /bin/bash /magma/targets/php/repo/libtool --silent --preserve-dup-deps --tag CC --mode=compile /magma/fuzzers/aflplusplus_lto_entropy/repo/afl-clang-lto -Iext/mbstring/ -I/magma/targets/php/repo/ext/mbstring/ -I/magma/targets/php/repo/include -I/magma/targets/php/repo/main -I/magma/targets/php/repo -I/magma/targets/php/repo/ext/date/lib -I/magma/targets/php/repo/oniguruma/src -I/magma/targets/php/repo/ext/mbstring/libmbfl -I/magma/targets/php/repo/ext/mbstring/libmbfl/mbfl -I/magma/targets/php/repo/TSRM -I/magma/targets/php/repo/Zend    -fno-common -Wformat-truncation -Wall -Wextra -Wno-strict-aliasing -Wno-unused-parameter -Wno-sign-compare -g -O2 -fvisibility=hidden -DZEND_SIGNALS  -include /magma/magma/src/canary.h -DMAGMA_ENABLE_CANARIES    -g -O0 -fno-sanitize=object-size  -DONIG_ESCAPE_UCHAR_COLLISION=1 -DUChar=OnigUChar -DZEND_ENABLE_STATIC_TSRMLS_CACHE=1 -c /magma/targets/php/repo/ext/mbstring/libmbfl/filters/mbfilter_gb18030.c -o ext/mbstring/libmbfl/filters/mbfilter_gb18030.lo  -MMD -MF ext/mbstring/libmbfl/filters/mbfilter_gb18030.dep -MT ext/mbstring/libmbfl/filters/mbfilter_gb18030.lo
#23 44.05 /bin/bash /magma/targets/php/repo/libtool --silent --preserve-dup-deps --tag CC --mode=compile /magma/fuzzers/aflplusplus_lto_entropy/repo/afl-clang-lto -Iext/mbstring/ -I/magma/targets/php/repo/ext/mbstring/ -I/magma/targets/php/repo/include -I/magma/targets/php/repo/main -I/magma/targets/php/repo -I/magma/targets/php/repo/ext/date/lib -I/magma/targets/php/repo/oniguruma/src -I/magma/targets/php/repo/ext/mbstring/libmbfl -I/magma/targets/php/repo/ext/mbstring/libmbfl/mbfl -I/magma/targets/php/repo/TSRM -I/magma/targets/php/repo/Zend    -fno-common -Wformat-truncation -Wall -Wextra -Wno-strict-aliasing -Wno-unused-parameter -Wno-sign-compare -g -O2 -fvisibility=hidden -DZEND_SIGNALS  -include /magma/magma/src/canary.h -DMAGMA_ENABLE_CANARIES    -g -O0 -fno-sanitize=object-size  -DONIG_ESCAPE_UCHAR_COLLISION=1 -DUChar=OnigUChar -DZEND_ENABLE_STATIC_TSRMLS_CACHE=1 -c /magma/targets/php/repo/ext/mbstring/libmbfl/filters/mbfilter_euc_cn.c -o ext/mbstring/libmbfl/filters/mbfilter_euc_cn.lo  -MMD -MF ext/mbstring/libmbfl/filters/mbfilter_euc_cn.dep -MT ext/mbstring/libmbfl/filters/mbfilter_euc_cn.lo
#23 44.05 /bin/bash /magma/targets/php/repo/libtool --silent --preserve-dup-deps --tag CC --mode=compile /magma/fuzzers/aflplusplus_lto_entropy/repo/afl-clang-lto -Iext/mbstring/ -I/magma/targets/php/repo/ext/mbstring/ -I/magma/targets/php/repo/include -I/magma/targets/php/repo/main -I/magma/targets/php/repo -I/magma/targets/php/repo/ext/date/lib -I/magma/targets/php/repo/oniguruma/src -I/magma/targets/php/repo/ext/mbstring/libmbfl -I/magma/targets/php/repo/ext/mbstring/libmbfl/mbfl -I/magma/targets/php/repo/TSRM -I/magma/targets/php/repo/Zend    -fno-common -Wformat-truncation -Wall -Wextra -Wno-strict-aliasing -Wno-unused-parameter -Wno-sign-compare -g -O2 -fvisibility=hidden -DZEND_SIGNALS  -include /magma/magma/src/canary.h -DMAGMA_ENABLE_CANARIES    -g -O0 -fno-sanitize=object-size  -DONIG_ESCAPE_UCHAR_COLLISION=1 -DUChar=OnigUChar -DZEND_ENABLE_STATIC_TSRMLS_CACHE=1 -c /magma/targets/php/repo/ext/mbstring/libmbfl/filters/mbfilter_euc_jp.c -o ext/mbstring/libmbfl/filters/mbfilter_euc_jp.lo  -MMD -MF ext/mbstring/libmbfl/filters/mbfilter_euc_jp.dep -MT ext/mbstring/libmbfl/filters/mbfilter_euc_jp.lo
#23 44.06 /bin/bash /magma/targets/php/repo/libtool --silent --preserve-dup-deps --tag CC --mode=compile /magma/fuzzers/aflplusplus_lto_entropy/repo/afl-clang-lto -Iext/mbstring/ -I/magma/targets/php/repo/ext/mbstring/ -I/magma/targets/php/repo/include -I/magma/targets/php/repo/main -I/magma/targets/php/repo -I/magma/targets/php/repo/ext/date/lib -I/magma/targets/php/repo/oniguruma/src -I/magma/targets/php/repo/ext/mbstring/libmbfl -I/magma/targets/php/repo/ext/mbstring/libmbfl/mbfl -I/magma/targets/php/repo/TSRM -I/magma/targets/php/repo/Zend    -fno-common -Wformat-truncation -Wall -Wextra -Wno-strict-aliasing -Wno-unused-parameter -Wno-sign-compare -g -O2 -fvisibility=hidden -DZEND_SIGNALS  -include /magma/magma/src/canary.h -DMAGMA_ENABLE_CANARIES    -g -O0 -fno-sanitize=object-size  -DONIG_ESCAPE_UCHAR_COLLISION=1 -DUChar=OnigUChar -DZEND_ENABLE_STATIC_TSRMLS_CACHE=1 -c /magma/targets/php/repo/ext/mbstring/libmbfl/filters/mbfilter_euc_jp_2004.c -o ext/mbstring/libmbfl/filters/mbfilter_euc_jp_2004.lo  -MMD -MF ext/mbstring/libmbfl/filters/mbfilter_euc_jp_2004.dep -MT ext/mbstring/libmbfl/filters/mbfilter_euc_jp_2004.lo
#23 44.06 /bin/bash /magma/targets/php/repo/libtool --silent --preserve-dup-deps --tag CC --mode=compile /magma/fuzzers/aflplusplus_lto_entropy/repo/afl-clang-lto -Iext/mbstring/ -I/magma/targets/php/repo/ext/mbstring/ -I/magma/targets/php/repo/include -I/magma/targets/php/repo/main -I/magma/targets/php/repo -I/magma/targets/php/repo/ext/date/lib -I/magma/targets/php/repo/oniguruma/src -I/magma/targets/php/repo/ext/mbstring/libmbfl -I/magma/targets/php/repo/ext/mbstring/libmbfl/mbfl -I/magma/targets/php/repo/TSRM -I/magma/targets/php/repo/Zend    -fno-common -Wformat-truncation -Wall -Wextra -Wno-strict-aliasing -Wno-unused-parameter -Wno-sign-compare -g -O2 -fvisibility=hidden -DZEND_SIGNALS  -include /magma/magma/src/canary.h -DMAGMA_ENABLE_CANARIES    -g -O0 -fno-sanitize=object-size  -DONIG_ESCAPE_UCHAR_COLLISION=1 -DUChar=OnigUChar -DZEND_ENABLE_STATIC_TSRMLS_CACHE=1 -c /magma/targets/php/repo/ext/mbstring/libmbfl/filters/mbfilter_euc_jp_win.c -o ext/mbstring/libmbfl/filters/mbfilter_euc_jp_win.lo  -MMD -MF ext/mbstring/libmbfl/filters/mbfilter_euc_jp_win.dep -MT ext/mbstring/libmbfl/filters/mbfilter_euc_jp_win.lo
#23 44.06 /bin/bash /magma/targets/php/repo/libtool --silent --preserve-dup-deps --tag CC --mode=compile /magma/fuzzers/aflplusplus_lto_entropy/repo/afl-clang-lto -Iext/mbstring/ -I/magma/targets/php/repo/ext/mbstring/ -I/magma/targets/php/repo/include -I/magma/targets/php/repo/main -I/magma/targets/php/repo -I/magma/targets/php/repo/ext/date/lib -I/magma/targets/php/repo/oniguruma/src -I/magma/targets/php/repo/ext/mbstring/libmbfl -I/magma/targets/php/repo/ext/mbstring/libmbfl/mbfl -I/magma/targets/php/repo/TSRM -I/magma/targets/php/repo/Zend    -fno-common -Wformat-truncation -Wall -Wextra -Wno-strict-aliasing -Wno-unused-parameter -Wno-sign-compare -g -O2 -fvisibility=hidden -DZEND_SIGNALS  -include /magma/magma/src/canary.h -DMAGMA_ENABLE_CANARIES    -g -O0 -fno-sanitize=object-size  -DONIG_ESCAPE_UCHAR_COLLISION=1 -DUChar=OnigUChar -DZEND_ENABLE_STATIC_TSRMLS_CACHE=1 -c /magma/targets/php/repo/ext/mbstring/libmbfl/filters/mbfilter_euc_kr.c -o ext/mbstring/libmbfl/filters/mbfilter_euc_kr.lo  -MMD -MF ext/mbstring/libmbfl/filters/mbfilter_euc_kr.dep -MT ext/mbstring/libmbfl/filters/mbfilter_euc_kr.lo
#23 44.06 /bin/bash /magma/targets/php/repo/libtool --silent --preserve-dup-deps --tag CC --mode=compile /magma/fuzzers/aflplusplus_lto_entropy/repo/afl-clang-lto -Iext/mbstring/ -I/magma/targets/php/repo/ext/mbstring/ -I/magma/targets/php/repo/include -I/magma/targets/php/repo/main -I/magma/targets/php/repo -I/magma/targets/php/repo/ext/date/lib -I/magma/targets/php/repo/oniguruma/src -I/magma/targets/php/repo/ext/mbstring/libmbfl -I/magma/targets/php/repo/ext/mbstring/libmbfl/mbfl -I/magma/targets/php/repo/TSRM -I/magma/targets/php/repo/Zend    -fno-common -Wformat-truncation -Wall -Wextra -Wno-strict-aliasing -Wno-unused-parameter -Wno-sign-compare -g -O2 -fvisibility=hidden -DZEND_SIGNALS  -include /magma/magma/src/canary.h -DMAGMA_ENABLE_CANARIES    -g -O0 -fno-sanitize=object-size  -DONIG_ESCAPE_UCHAR_COLLISION=1 -DUChar=OnigUChar -DZEND_ENABLE_STATIC_TSRMLS_CACHE=1 -c /magma/targets/php/repo/ext/mbstring/libmbfl/filters/mbfilter_euc_tw.c -o ext/mbstring/libmbfl/filters/mbfilter_euc_tw.lo  -MMD -MF ext/mbstring/libmbfl/filters/mbfilter_euc_tw.dep -MT ext/mbstring/libmbfl/filters/mbfilter_euc_tw.lo
#23 44.06 /bin/bash /magma/targets/php/repo/libtool --silent --preserve-dup-deps --tag CC --mode=compile /magma/fuzzers/aflplusplus_lto_entropy/repo/afl-clang-lto -Iext/mbstring/ -I/magma/targets/php/repo/ext/mbstring/ -I/magma/targets/php/repo/include -I/magma/targets/php/repo/main -I/magma/targets/php/repo -I/magma/targets/php/repo/ext/date/lib -I/magma/targets/php/repo/oniguruma/src -I/magma/targets/php/repo/ext/mbstring/libmbfl -I/magma/targets/php/repo/ext/mbstring/libmbfl/mbfl -I/magma/targets/php/repo/TSRM -I/magma/targets/php/repo/Zend    -fno-common -Wformat-truncation -Wall -Wextra -Wno-strict-aliasing -Wno-unused-parameter -Wno-sign-compare -g -O2 -fvisibility=hidden -DZEND_SIGNALS  -include /magma/magma/src/canary.h -DMAGMA_ENABLE_CANARIES    -g -O0 -fno-sanitize=object-size  -DONIG_ESCAPE_UCHAR_COLLISION=1 -DUChar=OnigUChar -DZEND_ENABLE_STATIC_TSRMLS_CACHE=1 -c /magma/targets/php/repo/ext/mbstring/libmbfl/filters/mbfilter_htmlent.c -o ext/mbstring/libmbfl/filters/mbfilter_htmlent.lo  -MMD -MF ext/mbstring/libmbfl/filters/mbfilter_htmlent.dep -MT ext/mbstring/libmbfl/filters/mbfilter_htmlent.lo
#23 44.06 /bin/bash /magma/targets/php/repo/libtool --silent --preserve-dup-deps --tag CC --mode=compile /magma/fuzzers/aflplusplus_lto_entropy/repo/afl-clang-lto -Iext/mbstring/ -I/magma/targets/php/repo/ext/mbstring/ -I/magma/targets/php/repo/include -I/magma/targets/php/repo/main -I/magma/targets/php/repo -I/magma/targets/php/repo/ext/date/lib -I/magma/targets/php/repo/oniguruma/src -I/magma/targets/php/repo/ext/mbstring/libmbfl -I/magma/targets/php/repo/ext/mbstring/libmbfl/mbfl -I/magma/targets/php/repo/TSRM -I/magma/targets/php/repo/Zend    -fno-common -Wformat-truncation -Wall -Wextra -Wno-strict-aliasing -Wno-unused-parameter -Wno-sign-compare -g -O2 -fvisibility=hidden -DZEND_SIGNALS  -include /magma/magma/src/canary.h -DMAGMA_ENABLE_CANARIES    -g -O0 -fno-sanitize=object-size  -DONIG_ESCAPE_UCHAR_COLLISION=1 -DUChar=OnigUChar -DZEND_ENABLE_STATIC_TSRMLS_CACHE=1 -c /magma/targets/php/repo/ext/mbstring/libmbfl/filters/mbfilter_hz.c -o ext/mbstring/libmbfl/filters/mbfilter_hz.lo  -MMD -MF ext/mbstring/libmbfl/filters/mbfilter_hz.dep -MT ext/mbstring/libmbfl/filters/mbfilter_hz.lo
#23 44.07 /bin/bash /magma/targets/php/repo/libtool --silent --preserve-dup-deps --tag CC --mode=compile /magma/fuzzers/aflplusplus_lto_entropy/repo/afl-clang-lto -Iext/mbstring/ -I/magma/targets/php/repo/ext/mbstring/ -I/magma/targets/php/repo/include -I/magma/targets/php/repo/main -I/magma/targets/php/repo -I/magma/targets/php/repo/ext/date/lib -I/magma/targets/php/repo/oniguruma/src -I/magma/targets/php/repo/ext/mbstring/libmbfl -I/magma/targets/php/repo/ext/mbstring/libmbfl/mbfl -I/magma/targets/php/repo/TSRM -I/magma/targets/php/repo/Zend    -fno-common -Wformat-truncation -Wall -Wextra -Wno-strict-aliasing -Wno-unused-parameter -Wno-sign-compare -g -O2 -fvisibility=hidden -DZEND_SIGNALS  -include /magma/magma/src/canary.h -DMAGMA_ENABLE_CANARIES    -g -O0 -fno-sanitize=object-size  -DONIG_ESCAPE_UCHAR_COLLISION=1 -DUChar=OnigUChar -DZEND_ENABLE_STATIC_TSRMLS_CACHE=1 -c /magma/targets/php/repo/ext/mbstring/libmbfl/filters/mbfilter_iso2022_jp_ms.c -o ext/mbstring/libmbfl/filters/mbfilter_iso2022_jp_ms.lo  -MMD -MF ext/mbstring/libmbfl/filters/mbfilter_iso2022_jp_ms.dep -MT ext/mbstring/libmbfl/filters/mbfilter_iso2022_jp_ms.lo
#23 44.07 1 warning generated.
#23 44.07 /bin/bash /magma/targets/php/repo/libtool --silent --preserve-dup-deps --tag CC --mode=compile /magma/fuzzers/aflplusplus_lto_entropy/repo/afl-clang-lto -Iext/mbstring/ -I/magma/targets/php/repo/ext/mbstring/ -I/magma/targets/php/repo/include -I/magma/targets/php/repo/main -I/magma/targets/php/repo -I/magma/targets/php/repo/ext/date/lib -I/magma/targets/php/repo/oniguruma/src -I/magma/targets/php/repo/ext/mbstring/libmbfl -I/magma/targets/php/repo/ext/mbstring/libmbfl/mbfl -I/magma/targets/php/repo/TSRM -I/magma/targets/php/repo/Zend    -fno-common -Wformat-truncation -Wall -Wextra -Wno-strict-aliasing -Wno-unused-parameter -Wno-sign-compare -g -O2 -fvisibility=hidden -DZEND_SIGNALS  -include /magma/magma/src/canary.h -DMAGMA_ENABLE_CANARIES    -g -O0 -fno-sanitize=object-size  -DONIG_ESCAPE_UCHAR_COLLISION=1 -DUChar=OnigUChar -DZEND_ENABLE_STATIC_TSRMLS_CACHE=1 -c /magma/targets/php/repo/ext/mbstring/libmbfl/filters/mbfilter_iso2022jp_2004.c -o ext/mbstring/libmbfl/filters/mbfilter_iso2022jp_2004.lo  -MMD -MF ext/mbstring/libmbfl/filters/mbfilter_iso2022jp_2004.dep -MT ext/mbstring/libmbfl/filters/mbfilter_iso2022jp_2004.lo
#23 44.08 /bin/bash /magma/targets/php/repo/libtool --silent --preserve-dup-deps --tag CC --mode=compile /magma/fuzzers/aflplusplus_lto_entropy/repo/afl-clang-lto -Iext/mbstring/ -I/magma/targets/php/repo/ext/mbstring/ -I/magma/targets/php/repo/include -I/magma/targets/php/repo/main -I/magma/targets/php/repo -I/magma/targets/php/repo/ext/date/lib -I/magma/targets/php/repo/oniguruma/src -I/magma/targets/php/repo/ext/mbstring/libmbfl -I/magma/targets/php/repo/ext/mbstring/libmbfl/mbfl -I/magma/targets/php/repo/TSRM -I/magma/targets/php/repo/Zend    -fno-common -Wformat-truncation -Wall -Wextra -Wno-strict-aliasing -Wno-unused-parameter -Wno-sign-compare -g -O2 -fvisibility=hidden -DZEND_SIGNALS  -include /magma/magma/src/canary.h -DMAGMA_ENABLE_CANARIES    -g -O0 -fno-sanitize=object-size  -DONIG_ESCAPE_UCHAR_COLLISION=1 -DUChar=OnigUChar -DZEND_ENABLE_STATIC_TSRMLS_CACHE=1 -c /magma/targets/php/repo/ext/mbstring/libmbfl/filters/mbfilter_iso2022jp_mobile.c -o ext/mbstring/libmbfl/filters/mbfilter_iso2022jp_mobile.lo  -MMD -MF ext/mbstring/libmbfl/filters/mbfilter_iso2022jp_mobile.dep -MT ext/mbstring/libmbfl/filters/mbfilter_iso2022jp_mobile.lo
#23 44.08 /bin/bash /magma/targets/php/repo/libtool --silent --preserve-dup-deps --tag CC --mode=compile /magma/fuzzers/aflplusplus_lto_entropy/repo/afl-clang-lto -Iext/mbstring/ -I/magma/targets/php/repo/ext/mbstring/ -I/magma/targets/php/repo/include -I/magma/targets/php/repo/main -I/magma/targets/php/repo -I/magma/targets/php/repo/ext/date/lib -I/magma/targets/php/repo/oniguruma/src -I/magma/targets/php/repo/ext/mbstring/libmbfl -I/magma/targets/php/repo/ext/mbstring/libmbfl/mbfl -I/magma/targets/php/repo/TSRM -I/magma/targets/php/repo/Zend    -fno-common -Wformat-truncation -Wall -Wextra -Wno-strict-aliasing -Wno-unused-parameter -Wno-sign-compare -g -O2 -fvisibility=hidden -DZEND_SIGNALS  -include /magma/magma/src/canary.h -DMAGMA_ENABLE_CANARIES    -g -O0 -fno-sanitize=object-size  -DONIG_ESCAPE_UCHAR_COLLISION=1 -DUChar=OnigUChar -DZEND_ENABLE_STATIC_TSRMLS_CACHE=1 -c /magma/targets/php/repo/ext/mbstring/libmbfl/filters/mbfilter_iso2022_kr.c -o ext/mbstring/libmbfl/filters/mbfilter_iso2022_kr.lo  -MMD -MF ext/mbstring/libmbfl/filters/mbfilter_iso2022_kr.dep -MT ext/mbstring/libmbfl/filters/mbfilter_iso2022_kr.lo
#23 44.08 /bin/bash /magma/targets/php/repo/libtool --silent --preserve-dup-deps --tag CC --mode=compile /magma/fuzzers/aflplusplus_lto_entropy/repo/afl-clang-lto -Iext/mbstring/ -I/magma/targets/php/repo/ext/mbstring/ -I/magma/targets/php/repo/include -I/magma/targets/php/repo/main -I/magma/targets/php/repo -I/magma/targets/php/repo/ext/date/lib -I/magma/targets/php/repo/oniguruma/src -I/magma/targets/php/repo/ext/mbstring/libmbfl -I/magma/targets/php/repo/ext/mbstring/libmbfl/mbfl -I/magma/targets/php/repo/TSRM -I/magma/targets/php/repo/Zend    -fno-common -Wformat-truncation -Wall -Wextra -Wno-strict-aliasing -Wno-unused-parameter -Wno-sign-compare -g -O2 -fvisibility=hidden -DZEND_SIGNALS  -include /magma/magma/src/canary.h -DMAGMA_ENABLE_CANARIES    -g -O0 -fno-sanitize=object-size  -DONIG_ESCAPE_UCHAR_COLLISION=1 -DUChar=OnigUChar -DZEND_ENABLE_STATIC_TSRMLS_CACHE=1 -c /magma/targets/php/repo/ext/mbstring/libmbfl/filters/mbfilter_jis.c -o ext/mbstring/libmbfl/filters/mbfilter_jis.lo  -MMD -MF ext/mbstring/libmbfl/filters/mbfilter_jis.dep -MT ext/mbstring/libmbfl/filters/mbfilter_jis.lo
#23 44.09 /bin/bash /magma/targets/php/repo/libtool --silent --preserve-dup-deps --tag CC --mode=compile /magma/fuzzers/aflplusplus_lto_entropy/repo/afl-clang-lto -Iext/mbstring/ -I/magma/targets/php/repo/ext/mbstring/ -I/magma/targets/php/repo/include -I/magma/targets/php/repo/main -I/magma/targets/php/repo -I/magma/targets/php/repo/ext/date/lib -I/magma/targets/php/repo/oniguruma/src -I/magma/targets/php/repo/ext/mbstring/libmbfl -I/magma/targets/php/repo/ext/mbstring/libmbfl/mbfl -I/magma/targets/php/repo/TSRM -I/magma/targets/php/repo/Zend    -fno-common -Wformat-truncation -Wall -Wextra -Wno-strict-aliasing -Wno-unused-parameter -Wno-sign-compare -g -O2 -fvisibility=hidden -DZEND_SIGNALS  -include /magma/magma/src/canary.h -DMAGMA_ENABLE_CANARIES    -g -O0 -fno-sanitize=object-size  -DONIG_ESCAPE_UCHAR_COLLISION=1 -DUChar=OnigUChar -DZEND_ENABLE_STATIC_TSRMLS_CACHE=1 -c /magma/targets/php/repo/ext/mbstring/libmbfl/filters/mbfilter_qprint.c -o ext/mbstring/libmbfl/filters/mbfilter_qprint.lo  -MMD -MF ext/mbstring/libmbfl/filters/mbfilter_qprint.dep -MT ext/mbstring/libmbfl/filters/mbfilter_qprint.lo
#23 44.09 /bin/bash /magma/targets/php/repo/libtool --silent --preserve-dup-deps --tag CC --mode=compile /magma/fuzzers/aflplusplus_lto_entropy/repo/afl-clang-lto -Iext/mbstring/ -I/magma/targets/php/repo/ext/mbstring/ -I/magma/targets/php/repo/include -I/magma/targets/php/repo/main -I/magma/targets/php/repo -I/magma/targets/php/repo/ext/date/lib -I/magma/targets/php/repo/oniguruma/src -I/magma/targets/php/repo/ext/mbstring/libmbfl -I/magma/targets/php/repo/ext/mbstring/libmbfl/mbfl -I/magma/targets/php/repo/TSRM -I/magma/targets/php/repo/Zend    -fno-common -Wformat-truncation -Wall -Wextra -Wno-strict-aliasing -Wno-unused-parameter -Wno-sign-compare -g -O2 -fvisibility=hidden -DZEND_SIGNALS  -include /magma/magma/src/canary.h -DMAGMA_ENABLE_CANARIES    -g -O0 -fno-sanitize=object-size  -DONIG_ESCAPE_UCHAR_COLLISION=1 -DUChar=OnigUChar -DZEND_ENABLE_STATIC_TSRMLS_CACHE=1 -c /magma/targets/php/repo/ext/mbstring/libmbfl/filters/mbfilter_singlebyte.c -o ext/mbstring/libmbfl/filters/mbfilter_singlebyte.lo  -MMD -MF ext/mbstring/libmbfl/filters/mbfilter_singlebyte.dep -MT ext/mbstring/libmbfl/filters/mbfilter_singlebyte.lo
#23 44.09 /bin/bash /magma/targets/php/repo/libtool --silent --preserve-dup-deps --tag CC --mode=compile /magma/fuzzers/aflplusplus_lto_entropy/repo/afl-clang-lto -Iext/mbstring/ -I/magma/targets/php/repo/ext/mbstring/ -I/magma/targets/php/repo/include -I/magma/targets/php/repo/main -I/magma/targets/php/repo -I/magma/targets/php/repo/ext/date/lib -I/magma/targets/php/repo/oniguruma/src -I/magma/targets/php/repo/ext/mbstring/libmbfl -I/magma/targets/php/repo/ext/mbstring/libmbfl/mbfl -I/magma/targets/php/repo/TSRM -I/magma/targets/php/repo/Zend    -fno-common -Wformat-truncation -Wall -Wextra -Wno-strict-aliasing -Wno-unused-parameter -Wno-sign-compare -g -O2 -fvisibility=hidden -DZEND_SIGNALS  -include /magma/magma/src/canary.h -DMAGMA_ENABLE_CANARIES    -g -O0 -fno-sanitize=object-size  -DONIG_ESCAPE_UCHAR_COLLISION=1 -DUChar=OnigUChar -DZEND_ENABLE_STATIC_TSRMLS_CACHE=1 -c /magma/targets/php/repo/ext/mbstring/libmbfl/filters/mbfilter_sjis.c -o ext/mbstring/libmbfl/filters/mbfilter_sjis.lo  -MMD -MF ext/mbstring/libmbfl/filters/mbfilter_sjis.dep -MT ext/mbstring/libmbfl/filters/mbfilter_sjis.lo
#23 44.09 /bin/bash /magma/targets/php/repo/libtool --silent --preserve-dup-deps --tag CC --mode=compile /magma/fuzzers/aflplusplus_lto_entropy/repo/afl-clang-lto -Iext/mbstring/ -I/magma/targets/php/repo/ext/mbstring/ -I/magma/targets/php/repo/include -I/magma/targets/php/repo/main -I/magma/targets/php/repo -I/magma/targets/php/repo/ext/date/lib -I/magma/targets/php/repo/oniguruma/src -I/magma/targets/php/repo/ext/mbstring/libmbfl -I/magma/targets/php/repo/ext/mbstring/libmbfl/mbfl -I/magma/targets/php/repo/TSRM -I/magma/targets/php/repo/Zend    -fno-common -Wformat-truncation -Wall -Wextra -Wno-strict-aliasing -Wno-unused-parameter -Wno-sign-compare -g -O2 -fvisibility=hidden -DZEND_SIGNALS  -include /magma/magma/src/canary.h -DMAGMA_ENABLE_CANARIES    -g -O0 -fno-sanitize=object-size  -DONIG_ESCAPE_UCHAR_COLLISION=1 -DUChar=OnigUChar -DZEND_ENABLE_STATIC_TSRMLS_CACHE=1 -c /magma/targets/php/repo/ext/mbstring/libmbfl/filters/mbfilter_sjis_mobile.c -o ext/mbstring/libmbfl/filters/mbfilter_sjis_mobile.lo  -MMD -MF ext/mbstring/libmbfl/filters/mbfilter_sjis_mobile.dep -MT ext/mbstring/libmbfl/filters/mbfilter_sjis_mobile.lo
#23 44.10 /bin/bash /magma/targets/php/repo/libtool --silent --preserve-dup-deps --tag CC --mode=compile /magma/fuzzers/aflplusplus_lto_entropy/repo/afl-clang-lto -Iext/mbstring/ -I/magma/targets/php/repo/ext/mbstring/ -I/magma/targets/php/repo/include -I/magma/targets/php/repo/main -I/magma/targets/php/repo -I/magma/targets/php/repo/ext/date/lib -I/magma/targets/php/repo/oniguruma/src -I/magma/targets/php/repo/ext/mbstring/libmbfl -I/magma/targets/php/repo/ext/mbstring/libmbfl/mbfl -I/magma/targets/php/repo/TSRM -I/magma/targets/php/repo/Zend    -fno-common -Wformat-truncation -Wall -Wextra -Wno-strict-aliasing -Wno-unused-parameter -Wno-sign-compare -g -O2 -fvisibility=hidden -DZEND_SIGNALS  -include /magma/magma/src/canary.h -DMAGMA_ENABLE_CANARIES    -g -O0 -fno-sanitize=object-size  -DONIG_ESCAPE_UCHAR_COLLISION=1 -DUChar=OnigUChar -DZEND_ENABLE_STATIC_TSRMLS_CACHE=1 -c /magma/targets/php/repo/ext/mbstring/libmbfl/filters/mbfilter_sjis_mac.c -o ext/mbstring/libmbfl/filters/mbfilter_sjis_mac.lo  -MMD -MF ext/mbstring/libmbfl/filters/mbfilter_sjis_mac.dep -MT ext/mbstring/libmbfl/filters/mbfilter_sjis_mac.lo
#23 44.10 /bin/bash /magma/targets/php/repo/libtool --silent --preserve-dup-deps --tag CC --mode=compile /magma/fuzzers/aflplusplus_lto_entropy/repo/afl-clang-lto -Iext/mbstring/ -I/magma/targets/php/repo/ext/mbstring/ -I/magma/targets/php/repo/include -I/magma/targets/php/repo/main -I/magma/targets/php/repo -I/magma/targets/php/repo/ext/date/lib -I/magma/targets/php/repo/oniguruma/src -I/magma/targets/php/repo/ext/mbstring/libmbfl -I/magma/targets/php/repo/ext/mbstring/libmbfl/mbfl -I/magma/targets/php/repo/TSRM -I/magma/targets/php/repo/Zend    -fno-common -Wformat-truncation -Wall -Wextra -Wno-strict-aliasing -Wno-unused-parameter -Wno-sign-compare -g -O2 -fvisibility=hidden -DZEND_SIGNALS  -include /magma/magma/src/canary.h -DMAGMA_ENABLE_CANARIES    -g -O0 -fno-sanitize=object-size  -DONIG_ESCAPE_UCHAR_COLLISION=1 -DUChar=OnigUChar -DZEND_ENABLE_STATIC_TSRMLS_CACHE=1 -c /magma/targets/php/repo/ext/mbstring/libmbfl/filters/mbfilter_sjis_2004.c -o ext/mbstring/libmbfl/filters/mbfilter_sjis_2004.lo  -MMD -MF ext/mbstring/libmbfl/filters/mbfilter_sjis_2004.dep -MT ext/mbstring/libmbfl/filters/mbfilter_sjis_2004.lo
#23 44.10 /bin/bash /magma/targets/php/repo/libtool --silent --preserve-dup-deps --tag CC --mode=compile /magma/fuzzers/aflplusplus_lto_entropy/repo/afl-clang-lto -Iext/mbstring/ -I/magma/targets/php/repo/ext/mbstring/ -I/magma/targets/php/repo/include -I/magma/targets/php/repo/main -I/magma/targets/php/repo -I/magma/targets/php/repo/ext/date/lib -I/magma/targets/php/repo/oniguruma/src -I/magma/targets/php/repo/ext/mbstring/libmbfl -I/magma/targets/php/repo/ext/mbstring/libmbfl/mbfl -I/magma/targets/php/repo/TSRM -I/magma/targets/php/repo/Zend    -fno-common -Wformat-truncation -Wall -Wextra -Wno-strict-aliasing -Wno-unused-parameter -Wno-sign-compare -g -O2 -fvisibility=hidden -DZEND_SIGNALS  -include /magma/magma/src/canary.h -DMAGMA_ENABLE_CANARIES    -g -O0 -fno-sanitize=object-size  -DONIG_ESCAPE_UCHAR_COLLISION=1 -DUChar=OnigUChar -DZEND_ENABLE_STATIC_TSRMLS_CACHE=1 -c /magma/targets/php/repo/ext/mbstring/libmbfl/filters/mbfilter_tl_jisx0201_jisx0208.c -o ext/mbstring/libmbfl/filters/mbfilter_tl_jisx0201_jisx0208.lo  -MMD -MF ext/mbstring/libmbfl/filters/mbfilter_tl_jisx0201_jisx0208.dep -MT ext/mbstring/libmbfl/filters/mbfilter_tl_jisx0201_jisx0208.lo
#23 44.10 /bin/bash /magma/targets/php/repo/libtool --silent --preserve-dup-deps --tag CC --mode=compile /magma/fuzzers/aflplusplus_lto_entropy/repo/afl-clang-lto -Iext/mbstring/ -I/magma/targets/php/repo/ext/mbstring/ -I/magma/targets/php/repo/include -I/magma/targets/php/repo/main -I/magma/targets/php/repo -I/magma/targets/php/repo/ext/date/lib -I/magma/targets/php/repo/oniguruma/src -I/magma/targets/php/repo/ext/mbstring/libmbfl -I/magma/targets/php/repo/ext/mbstring/libmbfl/mbfl -I/magma/targets/php/repo/TSRM -I/magma/targets/php/repo/Zend    -fno-common -Wformat-truncation -Wall -Wextra -Wno-strict-aliasing -Wno-unused-parameter -Wno-sign-compare -g -O2 -fvisibility=hidden -DZEND_SIGNALS  -include /magma/magma/src/canary.h -DMAGMA_ENABLE_CANARIES    -g -O0 -fno-sanitize=object-size  -DONIG_ESCAPE_UCHAR_COLLISION=1 -DUChar=OnigUChar -DZEND_ENABLE_STATIC_TSRMLS_CACHE=1 -c /magma/targets/php/repo/ext/mbstring/libmbfl/filters/mbfilter_ucs2.c -o ext/mbstring/libmbfl/filters/mbfilter_ucs2.lo  -MMD -MF ext/mbstring/libmbfl/filters/mbfilter_ucs2.dep -MT ext/mbstring/libmbfl/filters/mbfilter_ucs2.lo
#23 44.12 /bin/bash /magma/targets/php/repo/libtool --silent --preserve-dup-deps --tag CC --mode=compile /magma/fuzzers/aflplusplus_lto_entropy/repo/afl-clang-lto -Iext/mbstring/ -I/magma/targets/php/repo/ext/mbstring/ -I/magma/targets/php/repo/include -I/magma/targets/php/repo/main -I/magma/targets/php/repo -I/magma/targets/php/repo/ext/date/lib -I/magma/targets/php/repo/oniguruma/src -I/magma/targets/php/repo/ext/mbstring/libmbfl -I/magma/targets/php/repo/ext/mbstring/libmbfl/mbfl -I/magma/targets/php/repo/TSRM -I/magma/targets/php/repo/Zend    -fno-common -Wformat-truncation -Wall -Wextra -Wno-strict-aliasing -Wno-unused-parameter -Wno-sign-compare -g -O2 -fvisibility=hidden -DZEND_SIGNALS  -include /magma/magma/src/canary.h -DMAGMA_ENABLE_CANARIES    -g -O0 -fno-sanitize=object-size  -DONIG_ESCAPE_UCHAR_COLLISION=1 -DUChar=OnigUChar -DZEND_ENABLE_STATIC_TSRMLS_CACHE=1 -c /magma/targets/php/repo/ext/mbstring/libmbfl/filters/mbfilter_ucs4.c -o ext/mbstring/libmbfl/filters/mbfilter_ucs4.lo  -MMD -MF ext/mbstring/libmbfl/filters/mbfilter_ucs4.dep -MT ext/mbstring/libmbfl/filters/mbfilter_ucs4.lo
#23 44.14 /bin/bash /magma/targets/php/repo/libtool --silent --preserve-dup-deps --tag CC --mode=compile /magma/fuzzers/aflplusplus_lto_entropy/repo/afl-clang-lto -Iext/mbstring/ -I/magma/targets/php/repo/ext/mbstring/ -I/magma/targets/php/repo/include -I/magma/targets/php/repo/main -I/magma/targets/php/repo -I/magma/targets/php/repo/ext/date/lib -I/magma/targets/php/repo/oniguruma/src -I/magma/targets/php/repo/ext/mbstring/libmbfl -I/magma/targets/php/repo/ext/mbstring/libmbfl/mbfl -I/magma/targets/php/repo/TSRM -I/magma/targets/php/repo/Zend    -fno-common -Wformat-truncation -Wall -Wextra -Wno-strict-aliasing -Wno-unused-parameter -Wno-sign-compare -g -O2 -fvisibility=hidden -DZEND_SIGNALS  -include /magma/magma/src/canary.h -DMAGMA_ENABLE_CANARIES    -g -O0 -fno-sanitize=object-size  -DONIG_ESCAPE_UCHAR_COLLISION=1 -DUChar=OnigUChar -DZEND_ENABLE_STATIC_TSRMLS_CACHE=1 -c /magma/targets/php/repo/ext/mbstring/libmbfl/filters/mbfilter_uhc.c -o ext/mbstring/libmbfl/filters/mbfilter_uhc.lo  -MMD -MF ext/mbstring/libmbfl/filters/mbfilter_uhc.dep -MT ext/mbstring/libmbfl/filters/mbfilter_uhc.lo
#23 44.14 /bin/bash /magma/targets/php/repo/libtool --silent --preserve-dup-deps --tag CC --mode=compile /magma/fuzzers/aflplusplus_lto_entropy/repo/afl-clang-lto -Iext/mbstring/ -I/magma/targets/php/repo/ext/mbstring/ -I/magma/targets/php/repo/include -I/magma/targets/php/repo/main -I/magma/targets/php/repo -I/magma/targets/php/repo/ext/date/lib -I/magma/targets/php/repo/oniguruma/src -I/magma/targets/php/repo/ext/mbstring/libmbfl -I/magma/targets/php/repo/ext/mbstring/libmbfl/mbfl -I/magma/targets/php/repo/TSRM -I/magma/targets/php/repo/Zend    -fno-common -Wformat-truncation -Wall -Wextra -Wno-strict-aliasing -Wno-unused-parameter -Wno-sign-compare -g -O2 -fvisibility=hidden -DZEND_SIGNALS  -include /magma/magma/src/canary.h -DMAGMA_ENABLE_CANARIES    -g -O0 -fno-sanitize=object-size  -DONIG_ESCAPE_UCHAR_COLLISION=1 -DUChar=OnigUChar -DZEND_ENABLE_STATIC_TSRMLS_CACHE=1 -c /magma/targets/php/repo/ext/mbstring/libmbfl/filters/mbfilter_utf16.c -o ext/mbstring/libmbfl/filters/mbfilter_utf16.lo  -MMD -MF ext/mbstring/libmbfl/filters/mbfilter_utf16.dep -MT ext/mbstring/libmbfl/filters/mbfilter_utf16.lo
#23 44.15 /bin/bash /magma/targets/php/repo/libtool --silent --preserve-dup-deps --tag CC --mode=compile /magma/fuzzers/aflplusplus_lto_entropy/repo/afl-clang-lto -Iext/mbstring/ -I/magma/targets/php/repo/ext/mbstring/ -I/magma/targets/php/repo/include -I/magma/targets/php/repo/main -I/magma/targets/php/repo -I/magma/targets/php/repo/ext/date/lib -I/magma/targets/php/repo/oniguruma/src -I/magma/targets/php/repo/ext/mbstring/libmbfl -I/magma/targets/php/repo/ext/mbstring/libmbfl/mbfl -I/magma/targets/php/repo/TSRM -I/magma/targets/php/repo/Zend    -fno-common -Wformat-truncation -Wall -Wextra -Wno-strict-aliasing -Wno-unused-parameter -Wno-sign-compare -g -O2 -fvisibility=hidden -DZEND_SIGNALS  -include /magma/magma/src/canary.h -DMAGMA_ENABLE_CANARIES    -g -O0 -fno-sanitize=object-size  -DONIG_ESCAPE_UCHAR_COLLISION=1 -DUChar=OnigUChar -DZEND_ENABLE_STATIC_TSRMLS_CACHE=1 -c /magma/targets/php/repo/ext/mbstring/libmbfl/filters/mbfilter_utf32.c -o ext/mbstring/libmbfl/filters/mbfilter_utf32.lo  -MMD -MF ext/mbstring/libmbfl/filters/mbfilter_utf32.dep -MT ext/mbstring/libmbfl/filters/mbfilter_utf32.lo
#23 44.16 /bin/bash /magma/targets/php/repo/libtool --silent --preserve-dup-deps --tag CC --mode=compile /magma/fuzzers/aflplusplus_lto_entropy/repo/afl-clang-lto -Iext/mbstring/ -I/magma/targets/php/repo/ext/mbstring/ -I/magma/targets/php/repo/include -I/magma/targets/php/repo/main -I/magma/targets/php/repo -I/magma/targets/php/repo/ext/date/lib -I/magma/targets/php/repo/oniguruma/src -I/magma/targets/php/repo/ext/mbstring/libmbfl -I/magma/targets/php/repo/ext/mbstring/libmbfl/mbfl -I/magma/targets/php/repo/TSRM -I/magma/targets/php/repo/Zend    -fno-common -Wformat-truncation -Wall -Wextra -Wno-strict-aliasing -Wno-unused-parameter -Wno-sign-compare -g -O2 -fvisibility=hidden -DZEND_SIGNALS  -include /magma/magma/src/canary.h -DMAGMA_ENABLE_CANARIES    -g -O0 -fno-sanitize=object-size  -DONIG_ESCAPE_UCHAR_COLLISION=1 -DUChar=OnigUChar -DZEND_ENABLE_STATIC_TSRMLS_CACHE=1 -c /magma/targets/php/repo/ext/mbstring/libmbfl/filters/mbfilter_utf7.c -o ext/mbstring/libmbfl/filters/mbfilter_utf7.lo  -MMD -MF ext/mbstring/libmbfl/filters/mbfilter_utf7.dep -MT ext/mbstring/libmbfl/filters/mbfilter_utf7.lo
#23 44.16 /bin/bash /magma/targets/php/repo/libtool --silent --preserve-dup-deps --tag CC --mode=compile /magma/fuzzers/aflplusplus_lto_entropy/repo/afl-clang-lto -Iext/mbstring/ -I/magma/targets/php/repo/ext/mbstring/ -I/magma/targets/php/repo/include -I/magma/targets/php/repo/main -I/magma/targets/php/repo -I/magma/targets/php/repo/ext/date/lib -I/magma/targets/php/repo/oniguruma/src -I/magma/targets/php/repo/ext/mbstring/libmbfl -I/magma/targets/php/repo/ext/mbstring/libmbfl/mbfl -I/magma/targets/php/repo/TSRM -I/magma/targets/php/repo/Zend    -fno-common -Wformat-truncation -Wall -Wextra -Wno-strict-aliasing -Wno-unused-parameter -Wno-sign-compare -g -O2 -fvisibility=hidden -DZEND_SIGNALS  -include /magma/magma/src/canary.h -DMAGMA_ENABLE_CANARIES    -g -O0 -fno-sanitize=object-size  -DONIG_ESCAPE_UCHAR_COLLISION=1 -DUChar=OnigUChar -DZEND_ENABLE_STATIC_TSRMLS_CACHE=1 -c /magma/targets/php/repo/ext/mbstring/libmbfl/filters/mbfilter_utf7imap.c -o ext/mbstring/libmbfl/filters/mbfilter_utf7imap.lo  -MMD -MF ext/mbstring/libmbfl/filters/mbfilter_utf7imap.dep -MT ext/mbstring/libmbfl/filters/mbfilter_utf7imap.lo
#23 44.18 /bin/bash /magma/targets/php/repo/libtool --silent --preserve-dup-deps --tag CC --mode=compile /magma/fuzzers/aflplusplus_lto_entropy/repo/afl-clang-lto -Iext/mbstring/ -I/magma/targets/php/repo/ext/mbstring/ -I/magma/targets/php/repo/include -I/magma/targets/php/repo/main -I/magma/targets/php/repo -I/magma/targets/php/repo/ext/date/lib -I/magma/targets/php/repo/oniguruma/src -I/magma/targets/php/repo/ext/mbstring/libmbfl -I/magma/targets/php/repo/ext/mbstring/libmbfl/mbfl -I/magma/targets/php/repo/TSRM -I/magma/targets/php/repo/Zend    -fno-common -Wformat-truncation -Wall -Wextra -Wno-strict-aliasing -Wno-unused-parameter -Wno-sign-compare -g -O2 -fvisibility=hidden -DZEND_SIGNALS  -include /magma/magma/src/canary.h -DMAGMA_ENABLE_CANARIES    -g -O0 -fno-sanitize=object-size  -DONIG_ESCAPE_UCHAR_COLLISION=1 -DUChar=OnigUChar -DZEND_ENABLE_STATIC_TSRMLS_CACHE=1 -c /magma/targets/php/repo/ext/mbstring/libmbfl/filters/mbfilter_utf8.c -o ext/mbstring/libmbfl/filters/mbfilter_utf8.lo  -MMD -MF ext/mbstring/libmbfl/filters/mbfilter_utf8.dep -MT ext/mbstring/libmbfl/filters/mbfilter_utf8.lo
#23 44.18 /bin/bash /magma/targets/php/repo/libtool --silent --preserve-dup-deps --tag CC --mode=compile /magma/fuzzers/aflplusplus_lto_entropy/repo/afl-clang-lto -Iext/mbstring/ -I/magma/targets/php/repo/ext/mbstring/ -I/magma/targets/php/repo/include -I/magma/targets/php/repo/main -I/magma/targets/php/repo -I/magma/targets/php/repo/ext/date/lib -I/magma/targets/php/repo/oniguruma/src -I/magma/targets/php/repo/ext/mbstring/libmbfl -I/magma/targets/php/repo/ext/mbstring/libmbfl/mbfl -I/magma/targets/php/repo/TSRM -I/magma/targets/php/repo/Zend    -fno-common -Wformat-truncation -Wall -Wextra -Wno-strict-aliasing -Wno-unused-parameter -Wno-sign-compare -g -O2 -fvisibility=hidden -DZEND_SIGNALS  -include /magma/magma/src/canary.h -DMAGMA_ENABLE_CANARIES    -g -O0 -fno-sanitize=object-size  -DONIG_ESCAPE_UCHAR_COLLISION=1 -DUChar=OnigUChar -DZEND_ENABLE_STATIC_TSRMLS_CACHE=1 -c /magma/targets/php/repo/ext/mbstring/libmbfl/filters/mbfilter_utf8_mobile.c -o ext/mbstring/libmbfl/filters/mbfilter_utf8_mobile.lo  -MMD -MF ext/mbstring/libmbfl/filters/mbfilter_utf8_mobile.dep -MT ext/mbstring/libmbfl/filters/mbfilter_utf8_mobile.lo
#23 44.18 /bin/bash /magma/targets/php/repo/libtool --silent --preserve-dup-deps --tag CC --mode=compile /magma/fuzzers/aflplusplus_lto_entropy/repo/afl-clang-lto -Iext/mbstring/ -I/magma/targets/php/repo/ext/mbstring/ -I/magma/targets/php/repo/include -I/magma/targets/php/repo/main -I/magma/targets/php/repo -I/magma/targets/php/repo/ext/date/lib -I/magma/targets/php/repo/oniguruma/src -I/magma/targets/php/repo/ext/mbstring/libmbfl -I/magma/targets/php/repo/ext/mbstring/libmbfl/mbfl -I/magma/targets/php/repo/TSRM -I/magma/targets/php/repo/Zend    -fno-common -Wformat-truncation -Wall -Wextra -Wno-strict-aliasing -Wno-unused-parameter -Wno-sign-compare -g -O2 -fvisibility=hidden -DZEND_SIGNALS  -include /magma/magma/src/canary.h -DMAGMA_ENABLE_CANARIES    -g -O0 -fno-sanitize=object-size  -DONIG_ESCAPE_UCHAR_COLLISION=1 -DUChar=OnigUChar -DZEND_ENABLE_STATIC_TSRMLS_CACHE=1 -c /magma/targets/php/repo/ext/mbstring/libmbfl/filters/mbfilter_uuencode.c -o ext/mbstring/libmbfl/filters/mbfilter_uuencode.lo  -MMD -MF ext/mbstring/libmbfl/filters/mbfilter_uuencode.dep -MT ext/mbstring/libmbfl/filters/mbfilter_uuencode.lo
#23 44.18 /bin/bash /magma/targets/php/repo/libtool --silent --preserve-dup-deps --tag CC --mode=compile /magma/fuzzers/aflplusplus_lto_entropy/repo/afl-clang-lto -Iext/mbstring/ -I/magma/targets/php/repo/ext/mbstring/ -I/magma/targets/php/repo/include -I/magma/targets/php/repo/main -I/magma/targets/php/repo -I/magma/targets/php/repo/ext/date/lib -I/magma/targets/php/repo/oniguruma/src -I/magma/targets/php/repo/ext/mbstring/libmbfl -I/magma/targets/php/repo/ext/mbstring/libmbfl/mbfl -I/magma/targets/php/repo/TSRM -I/magma/targets/php/repo/Zend    -fno-common -Wformat-truncation -Wall -Wextra -Wno-strict-aliasing -Wno-unused-parameter -Wno-sign-compare -g -O2 -fvisibility=hidden -DZEND_SIGNALS  -include /magma/magma/src/canary.h -DMAGMA_ENABLE_CANARIES    -g -O0 -fno-sanitize=object-size  -DONIG_ESCAPE_UCHAR_COLLISION=1 -DUChar=OnigUChar -DZEND_ENABLE_STATIC_TSRMLS_CACHE=1 -c /magma/targets/php/repo/ext/mbstring/libmbfl/mbfl/mbfilter.c -o ext/mbstring/libmbfl/mbfl/mbfilter.lo  -MMD -MF ext/mbstring/libmbfl/mbfl/mbfilter.dep -MT ext/mbstring/libmbfl/mbfl/mbfilter.lo
#23 44.18 /bin/bash /magma/targets/php/repo/libtool --silent --preserve-dup-deps --tag CC --mode=compile /magma/fuzzers/aflplusplus_lto_entropy/repo/afl-clang-lto -Iext/mbstring/ -I/magma/targets/php/repo/ext/mbstring/ -I/magma/targets/php/repo/include -I/magma/targets/php/repo/main -I/magma/targets/php/repo -I/magma/targets/php/repo/ext/date/lib -I/magma/targets/php/repo/oniguruma/src -I/magma/targets/php/repo/ext/mbstring/libmbfl -I/magma/targets/php/repo/ext/mbstring/libmbfl/mbfl -I/magma/targets/php/repo/TSRM -I/magma/targets/php/repo/Zend    -fno-common -Wformat-truncation -Wall -Wextra -Wno-strict-aliasing -Wno-unused-parameter -Wno-sign-compare -g -O2 -fvisibility=hidden -DZEND_SIGNALS  -include /magma/magma/src/canary.h -DMAGMA_ENABLE_CANARIES    -g -O0 -fno-sanitize=object-size  -DONIG_ESCAPE_UCHAR_COLLISION=1 -DUChar=OnigUChar -DZEND_ENABLE_STATIC_TSRMLS_CACHE=1 -c /magma/targets/php/repo/ext/mbstring/libmbfl/mbfl/mbfilter_8bit.c -o ext/mbstring/libmbfl/mbfl/mbfilter_8bit.lo  -MMD -MF ext/mbstring/libmbfl/mbfl/mbfilter_8bit.dep -MT ext/mbstring/libmbfl/mbfl/mbfilter_8bit.lo
#23 44.19 /bin/bash /magma/targets/php/repo/libtool --silent --preserve-dup-deps --tag CC --mode=compile /magma/fuzzers/aflplusplus_lto_entropy/repo/afl-clang-lto -Iext/mbstring/ -I/magma/targets/php/repo/ext/mbstring/ -I/magma/targets/php/repo/include -I/magma/targets/php/repo/main -I/magma/targets/php/repo -I/magma/targets/php/repo/ext/date/lib -I/magma/targets/php/repo/oniguruma/src -I/magma/targets/php/repo/ext/mbstring/libmbfl -I/magma/targets/php/repo/ext/mbstring/libmbfl/mbfl -I/magma/targets/php/repo/TSRM -I/magma/targets/php/repo/Zend    -fno-common -Wformat-truncation -Wall -Wextra -Wno-strict-aliasing -Wno-unused-parameter -Wno-sign-compare -g -O2 -fvisibility=hidden -DZEND_SIGNALS  -include /magma/magma/src/canary.h -DMAGMA_ENABLE_CANARIES    -g -O0 -fno-sanitize=object-size  -DONIG_ESCAPE_UCHAR_COLLISION=1 -DUChar=OnigUChar -DZEND_ENABLE_STATIC_TSRMLS_CACHE=1 -c /magma/targets/php/repo/ext/mbstring/libmbfl/mbfl/mbfilter_pass.c -o ext/mbstring/libmbfl/mbfl/mbfilter_pass.lo  -MMD -MF ext/mbstring/libmbfl/mbfl/mbfilter_pass.dep -MT ext/mbstring/libmbfl/mbfl/mbfilter_pass.lo
#23 44.23 /bin/bash /magma/targets/php/repo/libtool --silent --preserve-dup-deps --tag CC --mode=compile /magma/fuzzers/aflplusplus_lto_entropy/repo/afl-clang-lto -Iext/mbstring/ -I/magma/targets/php/repo/ext/mbstring/ -I/magma/targets/php/repo/include -I/magma/targets/php/repo/main -I/magma/targets/php/repo -I/magma/targets/php/repo/ext/date/lib -I/magma/targets/php/repo/oniguruma/src -I/magma/targets/php/repo/ext/mbstring/libmbfl -I/magma/targets/php/repo/ext/mbstring/libmbfl/mbfl -I/magma/targets/php/repo/TSRM -I/magma/targets/php/repo/Zend    -fno-common -Wformat-truncation -Wall -Wextra -Wno-strict-aliasing -Wno-unused-parameter -Wno-sign-compare -g -O2 -fvisibility=hidden -DZEND_SIGNALS  -include /magma/magma/src/canary.h -DMAGMA_ENABLE_CANARIES    -g -O0 -fno-sanitize=object-size  -DONIG_ESCAPE_UCHAR_COLLISION=1 -DUChar=OnigUChar -DZEND_ENABLE_STATIC_TSRMLS_CACHE=1 -c /magma/targets/php/repo/ext/mbstring/libmbfl/mbfl/mbfilter_wchar.c -o ext/mbstring/libmbfl/mbfl/mbfilter_wchar.lo  -MMD -MF ext/mbstring/libmbfl/mbfl/mbfilter_wchar.dep -MT ext/mbstring/libmbfl/mbfl/mbfilter_wchar.lo
#23 44.23 /bin/bash /magma/targets/php/repo/libtool --silent --preserve-dup-deps --tag CC --mode=compile /magma/fuzzers/aflplusplus_lto_entropy/repo/afl-clang-lto -Iext/mbstring/ -I/magma/targets/php/repo/ext/mbstring/ -I/magma/targets/php/repo/include -I/magma/targets/php/repo/main -I/magma/targets/php/repo -I/magma/targets/php/repo/ext/date/lib -I/magma/targets/php/repo/oniguruma/src -I/magma/targets/php/repo/ext/mbstring/libmbfl -I/magma/targets/php/repo/ext/mbstring/libmbfl/mbfl -I/magma/targets/php/repo/TSRM -I/magma/targets/php/repo/Zend    -fno-common -Wformat-truncation -Wall -Wextra -Wno-strict-aliasing -Wno-unused-parameter -Wno-sign-compare -g -O2 -fvisibility=hidden -DZEND_SIGNALS  -include /magma/magma/src/canary.h -DMAGMA_ENABLE_CANARIES    -g -O0 -fno-sanitize=object-size  -DONIG_ESCAPE_UCHAR_COLLISION=1 -DUChar=OnigUChar -DZEND_ENABLE_STATIC_TSRMLS_CACHE=1 -c /magma/targets/php/repo/ext/mbstring/libmbfl/mbfl/mbfl_convert.c -o ext/mbstring/libmbfl/mbfl/mbfl_convert.lo  -MMD -MF ext/mbstring/libmbfl/mbfl/mbfl_convert.dep -MT ext/mbstring/libmbfl/mbfl/mbfl_convert.lo
#23 44.24 /bin/bash /magma/targets/php/repo/libtool --silent --preserve-dup-deps --tag CC --mode=compile /magma/fuzzers/aflplusplus_lto_entropy/repo/afl-clang-lto -Iext/mbstring/ -I/magma/targets/php/repo/ext/mbstring/ -I/magma/targets/php/repo/include -I/magma/targets/php/repo/main -I/magma/targets/php/repo -I/magma/targets/php/repo/ext/date/lib -I/magma/targets/php/repo/oniguruma/src -I/magma/targets/php/repo/ext/mbstring/libmbfl -I/magma/targets/php/repo/ext/mbstring/libmbfl/mbfl -I/magma/targets/php/repo/TSRM -I/magma/targets/php/repo/Zend    -fno-common -Wformat-truncation -Wall -Wextra -Wno-strict-aliasing -Wno-unused-parameter -Wno-sign-compare -g -O2 -fvisibility=hidden -DZEND_SIGNALS  -include /magma/magma/src/canary.h -DMAGMA_ENABLE_CANARIES    -g -O0 -fno-sanitize=object-size  -DONIG_ESCAPE_UCHAR_COLLISION=1 -DUChar=OnigUChar -DZEND_ENABLE_STATIC_TSRMLS_CACHE=1 -c /magma/targets/php/repo/ext/mbstring/libmbfl/mbfl/mbfl_encoding.c -o ext/mbstring/libmbfl/mbfl/mbfl_encoding.lo  -MMD -MF ext/mbstring/libmbfl/mbfl/mbfl_encoding.dep -MT ext/mbstring/libmbfl/mbfl/mbfl_encoding.lo
#23 44.27 /bin/bash /magma/targets/php/repo/libtool --silent --preserve-dup-deps --tag CC --mode=compile /magma/fuzzers/aflplusplus_lto_entropy/repo/afl-clang-lto -Iext/mbstring/ -I/magma/targets/php/repo/ext/mbstring/ -I/magma/targets/php/repo/include -I/magma/targets/php/repo/main -I/magma/targets/php/repo -I/magma/targets/php/repo/ext/date/lib -I/magma/targets/php/repo/oniguruma/src -I/magma/targets/php/repo/ext/mbstring/libmbfl -I/magma/targets/php/repo/ext/mbstring/libmbfl/mbfl -I/magma/targets/php/repo/TSRM -I/magma/targets/php/repo/Zend    -fno-common -Wformat-truncation -Wall -Wextra -Wno-strict-aliasing -Wno-unused-parameter -Wno-sign-compare -g -O2 -fvisibility=hidden -DZEND_SIGNALS  -include /magma/magma/src/canary.h -DMAGMA_ENABLE_CANARIES    -g -O0 -fno-sanitize=object-size  -DONIG_ESCAPE_UCHAR_COLLISION=1 -DUChar=OnigUChar -DZEND_ENABLE_STATIC_TSRMLS_CACHE=1 -c /magma/targets/php/repo/ext/mbstring/libmbfl/mbfl/mbfl_filter_output.c -o ext/mbstring/libmbfl/mbfl/mbfl_filter_output.lo  -MMD -MF ext/mbstring/libmbfl/mbfl/mbfl_filter_output.dep -MT ext/mbstring/libmbfl/mbfl/mbfl_filter_output.lo
#23 44.27 /bin/bash /magma/targets/php/repo/libtool --silent --preserve-dup-deps --tag CC --mode=compile /magma/fuzzers/aflplusplus_lto_entropy/repo/afl-clang-lto -Iext/mbstring/ -I/magma/targets/php/repo/ext/mbstring/ -I/magma/targets/php/repo/include -I/magma/targets/php/repo/main -I/magma/targets/php/repo -I/magma/targets/php/repo/ext/date/lib -I/magma/targets/php/repo/oniguruma/src -I/magma/targets/php/repo/ext/mbstring/libmbfl -I/magma/targets/php/repo/ext/mbstring/libmbfl/mbfl -I/magma/targets/php/repo/TSRM -I/magma/targets/php/repo/Zend    -fno-common -Wformat-truncation -Wall -Wextra -Wno-strict-aliasing -Wno-unused-parameter -Wno-sign-compare -g -O2 -fvisibility=hidden -DZEND_SIGNALS  -include /magma/magma/src/canary.h -DMAGMA_ENABLE_CANARIES    -g -O0 -fno-sanitize=object-size  -DONIG_ESCAPE_UCHAR_COLLISION=1 -DUChar=OnigUChar -DZEND_ENABLE_STATIC_TSRMLS_CACHE=1 -c /magma/targets/php/repo/ext/mbstring/libmbfl/mbfl/mbfl_language.c -o ext/mbstring/libmbfl/mbfl/mbfl_language.lo  -MMD -MF ext/mbstring/libmbfl/mbfl/mbfl_language.dep -MT ext/mbstring/libmbfl/mbfl/mbfl_language.lo
#23 44.37 /bin/bash /magma/targets/php/repo/libtool --silent --preserve-dup-deps --tag CC --mode=compile /magma/fuzzers/aflplusplus_lto_entropy/repo/afl-clang-lto -Iext/mbstring/ -I/magma/targets/php/repo/ext/mbstring/ -I/magma/targets/php/repo/include -I/magma/targets/php/repo/main -I/magma/targets/php/repo -I/magma/targets/php/repo/ext/date/lib -I/magma/targets/php/repo/oniguruma/src -I/magma/targets/php/repo/ext/mbstring/libmbfl -I/magma/targets/php/repo/ext/mbstring/libmbfl/mbfl -I/magma/targets/php/repo/TSRM -I/magma/targets/php/repo/Zend    -fno-common -Wformat-truncation -Wall -Wextra -Wno-strict-aliasing -Wno-unused-parameter -Wno-sign-compare -g -O2 -fvisibility=hidden -DZEND_SIGNALS  -include /magma/magma/src/canary.h -DMAGMA_ENABLE_CANARIES    -g -O0 -fno-sanitize=object-size  -DONIG_ESCAPE_UCHAR_COLLISION=1 -DUChar=OnigUChar -DZEND_ENABLE_STATIC_TSRMLS_CACHE=1 -c /magma/targets/php/repo/ext/mbstring/libmbfl/mbfl/mbfl_memory_device.c -o ext/mbstring/libmbfl/mbfl/mbfl_memory_device.lo  -MMD -MF ext/mbstring/libmbfl/mbfl/mbfl_memory_device.dep -MT ext/mbstring/libmbfl/mbfl/mbfl_memory_device.lo
#23 44.54 /bin/bash /magma/targets/php/repo/libtool --silent --preserve-dup-deps --tag CC --mode=compile /magma/fuzzers/aflplusplus_lto_entropy/repo/afl-clang-lto -Iext/mbstring/ -I/magma/targets/php/repo/ext/mbstring/ -I/magma/targets/php/repo/include -I/magma/targets/php/repo/main -I/magma/targets/php/repo -I/magma/targets/php/repo/ext/date/lib -I/magma/targets/php/repo/oniguruma/src -I/magma/targets/php/repo/ext/mbstring/libmbfl -I/magma/targets/php/repo/ext/mbstring/libmbfl/mbfl -I/magma/targets/php/repo/TSRM -I/magma/targets/php/repo/Zend    -fno-common -Wformat-truncation -Wall -Wextra -Wno-strict-aliasing -Wno-unused-parameter -Wno-sign-compare -g -O2 -fvisibility=hidden -DZEND_SIGNALS  -include /magma/magma/src/canary.h -DMAGMA_ENABLE_CANARIES    -g -O0 -fno-sanitize=object-size  -DONIG_ESCAPE_UCHAR_COLLISION=1 -DUChar=OnigUChar -DZEND_ENABLE_STATIC_TSRMLS_CACHE=1 -c /magma/targets/php/repo/ext/mbstring/libmbfl/mbfl/mbfl_string.c -o ext/mbstring/libmbfl/mbfl/mbfl_string.lo  -MMD -MF ext/mbstring/libmbfl/mbfl/mbfl_string.dep -MT ext/mbstring/libmbfl/mbfl/mbfl_string.lo
#23 44.55 /bin/bash /magma/targets/php/repo/libtool --silent --preserve-dup-deps --tag CC --mode=compile /magma/fuzzers/aflplusplus_lto_entropy/repo/afl-clang-lto -Iext/mbstring/ -I/magma/targets/php/repo/ext/mbstring/ -I/magma/targets/php/repo/include -I/magma/targets/php/repo/main -I/magma/targets/php/repo -I/magma/targets/php/repo/ext/date/lib -I/magma/targets/php/repo/oniguruma/src -I/magma/targets/php/repo/ext/mbstring/libmbfl -I/magma/targets/php/repo/ext/mbstring/libmbfl/mbfl -I/magma/targets/php/repo/TSRM -I/magma/targets/php/repo/Zend    -fno-common -Wformat-truncation -Wall -Wextra -Wno-strict-aliasing -Wno-unused-parameter -Wno-sign-compare -g -O2 -fvisibility=hidden -DZEND_SIGNALS  -include /magma/magma/src/canary.h -DMAGMA_ENABLE_CANARIES    -g -O0 -fno-sanitize=object-size  -DONIG_ESCAPE_UCHAR_COLLISION=1 -DUChar=OnigUChar -DZEND_ENABLE_STATIC_TSRMLS_CACHE=1 -c /magma/targets/php/repo/ext/mbstring/libmbfl/nls/nls_de.c -o ext/mbstring/libmbfl/nls/nls_de.lo  -MMD -MF ext/mbstring/libmbfl/nls/nls_de.dep -MT ext/mbstring/libmbfl/nls/nls_de.lo
#23 44.55 /bin/bash /magma/targets/php/repo/libtool --silent --preserve-dup-deps --tag CC --mode=compile /magma/fuzzers/aflplusplus_lto_entropy/repo/afl-clang-lto -Iext/mbstring/ -I/magma/targets/php/repo/ext/mbstring/ -I/magma/targets/php/repo/include -I/magma/targets/php/repo/main -I/magma/targets/php/repo -I/magma/targets/php/repo/ext/date/lib -I/magma/targets/php/repo/oniguruma/src -I/magma/targets/php/repo/ext/mbstring/libmbfl -I/magma/targets/php/repo/ext/mbstring/libmbfl/mbfl -I/magma/targets/php/repo/TSRM -I/magma/targets/php/repo/Zend    -fno-common -Wformat-truncation -Wall -Wextra -Wno-strict-aliasing -Wno-unused-parameter -Wno-sign-compare -g -O2 -fvisibility=hidden -DZEND_SIGNALS  -include /magma/magma/src/canary.h -DMAGMA_ENABLE_CANARIES    -g -O0 -fno-sanitize=object-size  -DONIG_ESCAPE_UCHAR_COLLISION=1 -DUChar=OnigUChar -DZEND_ENABLE_STATIC_TSRMLS_CACHE=1 -c /magma/targets/php/repo/ext/mbstring/libmbfl/nls/nls_en.c -o ext/mbstring/libmbfl/nls/nls_en.lo  -MMD -MF ext/mbstring/libmbfl/nls/nls_en.dep -MT ext/mbstring/libmbfl/nls/nls_en.lo
#23 44.56 /bin/bash /magma/targets/php/repo/libtool --silent --preserve-dup-deps --tag CC --mode=compile /magma/fuzzers/aflplusplus_lto_entropy/repo/afl-clang-lto -Iext/mbstring/ -I/magma/targets/php/repo/ext/mbstring/ -I/magma/targets/php/repo/include -I/magma/targets/php/repo/main -I/magma/targets/php/repo -I/magma/targets/php/repo/ext/date/lib -I/magma/targets/php/repo/oniguruma/src -I/magma/targets/php/repo/ext/mbstring/libmbfl -I/magma/targets/php/repo/ext/mbstring/libmbfl/mbfl -I/magma/targets/php/repo/TSRM -I/magma/targets/php/repo/Zend    -fno-common -Wformat-truncation -Wall -Wextra -Wno-strict-aliasing -Wno-unused-parameter -Wno-sign-compare -g -O2 -fvisibility=hidden -DZEND_SIGNALS  -include /magma/magma/src/canary.h -DMAGMA_ENABLE_CANARIES    -g -O0 -fno-sanitize=object-size  -DONIG_ESCAPE_UCHAR_COLLISION=1 -DUChar=OnigUChar -DZEND_ENABLE_STATIC_TSRMLS_CACHE=1 -c /magma/targets/php/repo/ext/mbstring/libmbfl/nls/nls_ja.c -o ext/mbstring/libmbfl/nls/nls_ja.lo  -MMD -MF ext/mbstring/libmbfl/nls/nls_ja.dep -MT ext/mbstring/libmbfl/nls/nls_ja.lo
#23 44.57 /bin/bash /magma/targets/php/repo/libtool --silent --preserve-dup-deps --tag CC --mode=compile /magma/fuzzers/aflplusplus_lto_entropy/repo/afl-clang-lto -Iext/mbstring/ -I/magma/targets/php/repo/ext/mbstring/ -I/magma/targets/php/repo/include -I/magma/targets/php/repo/main -I/magma/targets/php/repo -I/magma/targets/php/repo/ext/date/lib -I/magma/targets/php/repo/oniguruma/src -I/magma/targets/php/repo/ext/mbstring/libmbfl -I/magma/targets/php/repo/ext/mbstring/libmbfl/mbfl -I/magma/targets/php/repo/TSRM -I/magma/targets/php/repo/Zend    -fno-common -Wformat-truncation -Wall -Wextra -Wno-strict-aliasing -Wno-unused-parameter -Wno-sign-compare -g -O2 -fvisibility=hidden -DZEND_SIGNALS  -include /magma/magma/src/canary.h -DMAGMA_ENABLE_CANARIES    -g -O0 -fno-sanitize=object-size  -DONIG_ESCAPE_UCHAR_COLLISION=1 -DUChar=OnigUChar -DZEND_ENABLE_STATIC_TSRMLS_CACHE=1 -c /magma/targets/php/repo/ext/mbstring/libmbfl/nls/nls_kr.c -o ext/mbstring/libmbfl/nls/nls_kr.lo  -MMD -MF ext/mbstring/libmbfl/nls/nls_kr.dep -MT ext/mbstring/libmbfl/nls/nls_kr.lo
#23 44.57 /bin/bash /magma/targets/php/repo/libtool --silent --preserve-dup-deps --tag CC --mode=compile /magma/fuzzers/aflplusplus_lto_entropy/repo/afl-clang-lto -Iext/mbstring/ -I/magma/targets/php/repo/ext/mbstring/ -I/magma/targets/php/repo/include -I/magma/targets/php/repo/main -I/magma/targets/php/repo -I/magma/targets/php/repo/ext/date/lib -I/magma/targets/php/repo/oniguruma/src -I/magma/targets/php/repo/ext/mbstring/libmbfl -I/magma/targets/php/repo/ext/mbstring/libmbfl/mbfl -I/magma/targets/php/repo/TSRM -I/magma/targets/php/repo/Zend    -fno-common -Wformat-truncation -Wall -Wextra -Wno-strict-aliasing -Wno-unused-parameter -Wno-sign-compare -g -O2 -fvisibility=hidden -DZEND_SIGNALS  -include /magma/magma/src/canary.h -DMAGMA_ENABLE_CANARIES    -g -O0 -fno-sanitize=object-size  -DONIG_ESCAPE_UCHAR_COLLISION=1 -DUChar=OnigUChar -DZEND_ENABLE_STATIC_TSRMLS_CACHE=1 -c /magma/targets/php/repo/ext/mbstring/libmbfl/nls/nls_neutral.c -o ext/mbstring/libmbfl/nls/nls_neutral.lo  -MMD -MF ext/mbstring/libmbfl/nls/nls_neutral.dep -MT ext/mbstring/libmbfl/nls/nls_neutral.lo
#23 44.57 /bin/bash /magma/targets/php/repo/libtool --silent --preserve-dup-deps --tag CC --mode=compile /magma/fuzzers/aflplusplus_lto_entropy/repo/afl-clang-lto -Iext/mbstring/ -I/magma/targets/php/repo/ext/mbstring/ -I/magma/targets/php/repo/include -I/magma/targets/php/repo/main -I/magma/targets/php/repo -I/magma/targets/php/repo/ext/date/lib -I/magma/targets/php/repo/oniguruma/src -I/magma/targets/php/repo/ext/mbstring/libmbfl -I/magma/targets/php/repo/ext/mbstring/libmbfl/mbfl -I/magma/targets/php/repo/TSRM -I/magma/targets/php/repo/Zend    -fno-common -Wformat-truncation -Wall -Wextra -Wno-strict-aliasing -Wno-unused-parameter -Wno-sign-compare -g -O2 -fvisibility=hidden -DZEND_SIGNALS  -include /magma/magma/src/canary.h -DMAGMA_ENABLE_CANARIES    -g -O0 -fno-sanitize=object-size  -DONIG_ESCAPE_UCHAR_COLLISION=1 -DUChar=OnigUChar -DZEND_ENABLE_STATIC_TSRMLS_CACHE=1 -c /magma/targets/php/repo/ext/mbstring/libmbfl/nls/nls_ru.c -o ext/mbstring/libmbfl/nls/nls_ru.lo  -MMD -MF ext/mbstring/libmbfl/nls/nls_ru.dep -MT ext/mbstring/libmbfl/nls/nls_ru.lo
#23 44.58 /bin/bash /magma/targets/php/repo/libtool --silent --preserve-dup-deps --tag CC --mode=compile /magma/fuzzers/aflplusplus_lto_entropy/repo/afl-clang-lto -Iext/mbstring/ -I/magma/targets/php/repo/ext/mbstring/ -I/magma/targets/php/repo/include -I/magma/targets/php/repo/main -I/magma/targets/php/repo -I/magma/targets/php/repo/ext/date/lib -I/magma/targets/php/repo/oniguruma/src -I/magma/targets/php/repo/ext/mbstring/libmbfl -I/magma/targets/php/repo/ext/mbstring/libmbfl/mbfl -I/magma/targets/php/repo/TSRM -I/magma/targets/php/repo/Zend    -fno-common -Wformat-truncation -Wall -Wextra -Wno-strict-aliasing -Wno-unused-parameter -Wno-sign-compare -g -O2 -fvisibility=hidden -DZEND_SIGNALS  -include /magma/magma/src/canary.h -DMAGMA_ENABLE_CANARIES    -g -O0 -fno-sanitize=object-size  -DONIG_ESCAPE_UCHAR_COLLISION=1 -DUChar=OnigUChar -DZEND_ENABLE_STATIC_TSRMLS_CACHE=1 -c /magma/targets/php/repo/ext/mbstring/libmbfl/nls/nls_uni.c -o ext/mbstring/libmbfl/nls/nls_uni.lo  -MMD -MF ext/mbstring/libmbfl/nls/nls_uni.dep -MT ext/mbstring/libmbfl/nls/nls_uni.lo
#23 44.58 /bin/bash /magma/targets/php/repo/libtool --silent --preserve-dup-deps --tag CC --mode=compile /magma/fuzzers/aflplusplus_lto_entropy/repo/afl-clang-lto -Iext/mbstring/ -I/magma/targets/php/repo/ext/mbstring/ -I/magma/targets/php/repo/include -I/magma/targets/php/repo/main -I/magma/targets/php/repo -I/magma/targets/php/repo/ext/date/lib -I/magma/targets/php/repo/oniguruma/src -I/magma/targets/php/repo/ext/mbstring/libmbfl -I/magma/targets/php/repo/ext/mbstring/libmbfl/mbfl -I/magma/targets/php/repo/TSRM -I/magma/targets/php/repo/Zend    -fno-common -Wformat-truncation -Wall -Wextra -Wno-strict-aliasing -Wno-unused-parameter -Wno-sign-compare -g -O2 -fvisibility=hidden -DZEND_SIGNALS  -include /magma/magma/src/canary.h -DMAGMA_ENABLE_CANARIES    -g -O0 -fno-sanitize=object-size  -DONIG_ESCAPE_UCHAR_COLLISION=1 -DUChar=OnigUChar -DZEND_ENABLE_STATIC_TSRMLS_CACHE=1 -c /magma/targets/php/repo/ext/mbstring/libmbfl/nls/nls_zh.c -o ext/mbstring/libmbfl/nls/nls_zh.lo  -MMD -MF ext/mbstring/libmbfl/nls/nls_zh.dep -MT ext/mbstring/libmbfl/nls/nls_zh.lo
#23 44.59 /bin/bash /magma/targets/php/repo/libtool --silent --preserve-dup-deps --tag CC --mode=compile /magma/fuzzers/aflplusplus_lto_entropy/repo/afl-clang-lto -Iext/mbstring/ -I/magma/targets/php/repo/ext/mbstring/ -I/magma/targets/php/repo/include -I/magma/targets/php/repo/main -I/magma/targets/php/repo -I/magma/targets/php/repo/ext/date/lib -I/magma/targets/php/repo/oniguruma/src -I/magma/targets/php/repo/ext/mbstring/libmbfl -I/magma/targets/php/repo/ext/mbstring/libmbfl/mbfl -I/magma/targets/php/repo/TSRM -I/magma/targets/php/repo/Zend    -fno-common -Wformat-truncation -Wall -Wextra -Wno-strict-aliasing -Wno-unused-parameter -Wno-sign-compare -g -O2 -fvisibility=hidden -DZEND_SIGNALS  -include /magma/magma/src/canary.h -DMAGMA_ENABLE_CANARIES    -g -O0 -fno-sanitize=object-size  -DONIG_ESCAPE_UCHAR_COLLISION=1 -DUChar=OnigUChar -DZEND_ENABLE_STATIC_TSRMLS_CACHE=1 -c /magma/targets/php/repo/ext/mbstring/libmbfl/nls/nls_hy.c -o ext/mbstring/libmbfl/nls/nls_hy.lo  -MMD -MF ext/mbstring/libmbfl/nls/nls_hy.dep -MT ext/mbstring/libmbfl/nls/nls_hy.lo
#23 44.59 /bin/bash /magma/targets/php/repo/libtool --silent --preserve-dup-deps --tag CC --mode=compile /magma/fuzzers/aflplusplus_lto_entropy/repo/afl-clang-lto -Iext/mbstring/ -I/magma/targets/php/repo/ext/mbstring/ -I/magma/targets/php/repo/include -I/magma/targets/php/repo/main -I/magma/targets/php/repo -I/magma/targets/php/repo/ext/date/lib -I/magma/targets/php/repo/oniguruma/src -I/magma/targets/php/repo/ext/mbstring/libmbfl -I/magma/targets/php/repo/ext/mbstring/libmbfl/mbfl -I/magma/targets/php/repo/TSRM -I/magma/targets/php/repo/Zend    -fno-common -Wformat-truncation -Wall -Wextra -Wno-strict-aliasing -Wno-unused-parameter -Wno-sign-compare -g -O2 -fvisibility=hidden -DZEND_SIGNALS  -include /magma/magma/src/canary.h -DMAGMA_ENABLE_CANARIES    -g -O0 -fno-sanitize=object-size  -DONIG_ESCAPE_UCHAR_COLLISION=1 -DUChar=OnigUChar -DZEND_ENABLE_STATIC_TSRMLS_CACHE=1 -c /magma/targets/php/repo/ext/mbstring/libmbfl/nls/nls_tr.c -o ext/mbstring/libmbfl/nls/nls_tr.lo  -MMD -MF ext/mbstring/libmbfl/nls/nls_tr.dep -MT ext/mbstring/libmbfl/nls/nls_tr.lo
#23 44.60 /bin/bash /magma/targets/php/repo/libtool --silent --preserve-dup-deps --tag CC --mode=compile /magma/fuzzers/aflplusplus_lto_entropy/repo/afl-clang-lto -Iext/mbstring/ -I/magma/targets/php/repo/ext/mbstring/ -I/magma/targets/php/repo/include -I/magma/targets/php/repo/main -I/magma/targets/php/repo -I/magma/targets/php/repo/ext/date/lib -I/magma/targets/php/repo/oniguruma/src -I/magma/targets/php/repo/ext/mbstring/libmbfl -I/magma/targets/php/repo/ext/mbstring/libmbfl/mbfl -I/magma/targets/php/repo/TSRM -I/magma/targets/php/repo/Zend    -fno-common -Wformat-truncation -Wall -Wextra -Wno-strict-aliasing -Wno-unused-parameter -Wno-sign-compare -g -O2 -fvisibility=hidden -DZEND_SIGNALS  -include /magma/magma/src/canary.h -DMAGMA_ENABLE_CANARIES    -g -O0 -fno-sanitize=object-size  -DONIG_ESCAPE_UCHAR_COLLISION=1 -DUChar=OnigUChar -DZEND_ENABLE_STATIC_TSRMLS_CACHE=1 -c /magma/targets/php/repo/ext/mbstring/libmbfl/nls/nls_ua.c -o ext/mbstring/libmbfl/nls/nls_ua.lo  -MMD -MF ext/mbstring/libmbfl/nls/nls_ua.dep -MT ext/mbstring/libmbfl/nls/nls_ua.lo
#23 44.60 /bin/bash /magma/targets/php/repo/libtool --silent --preserve-dup-deps --tag CC --mode=compile /magma/fuzzers/aflplusplus_lto_entropy/repo/afl-clang-lto -Iext/phar/ -I/magma/targets/php/repo/ext/phar/ -I/magma/targets/php/repo/include -I/magma/targets/php/repo/main -I/magma/targets/php/repo -I/magma/targets/php/repo/ext/date/lib -I/magma/targets/php/repo/oniguruma/src -I/magma/targets/php/repo/ext/mbstring/libmbfl -I/magma/targets/php/repo/ext/mbstring/libmbfl/mbfl -I/magma/targets/php/repo/TSRM -I/magma/targets/php/repo/Zend    -fno-common -Wformat-truncation -Wall -Wextra -Wno-strict-aliasing -Wno-unused-parameter -Wno-sign-compare -g -O2 -fvisibility=hidden -DZEND_SIGNALS  -include /magma/magma/src/canary.h -DMAGMA_ENABLE_CANARIES    -g -O0 -fno-sanitize=object-size -DZEND_ENABLE_STATIC_TSRMLS_CACHE=1 -c /magma/targets/php/repo/ext/phar/util.c -o ext/phar/util.lo  -MMD -MF ext/phar/util.dep -MT ext/phar/util.lo
#23 44.60 /bin/bash /magma/targets/php/repo/libtool --silent --preserve-dup-deps --tag CC --mode=compile /magma/fuzzers/aflplusplus_lto_entropy/repo/afl-clang-lto -Iext/phar/ -I/magma/targets/php/repo/ext/phar/ -I/magma/targets/php/repo/include -I/magma/targets/php/repo/main -I/magma/targets/php/repo -I/magma/targets/php/repo/ext/date/lib -I/magma/targets/php/repo/oniguruma/src -I/magma/targets/php/repo/ext/mbstring/libmbfl -I/magma/targets/php/repo/ext/mbstring/libmbfl/mbfl -I/magma/targets/php/repo/TSRM -I/magma/targets/php/repo/Zend    -fno-common -Wformat-truncation -Wall -Wextra -Wno-strict-aliasing -Wno-unused-parameter -Wno-sign-compare -g -O2 -fvisibility=hidden -DZEND_SIGNALS  -include /magma/magma/src/canary.h -DMAGMA_ENABLE_CANARIES    -g -O0 -fno-sanitize=object-size -DZEND_ENABLE_STATIC_TSRMLS_CACHE=1 -c /magma/targets/php/repo/ext/phar/tar.c -o ext/phar/tar.lo  -MMD -MF ext/phar/tar.dep -MT ext/phar/tar.lo
#23 44.61 /bin/bash /magma/targets/php/repo/libtool --silent --preserve-dup-deps --tag CC --mode=compile /magma/fuzzers/aflplusplus_lto_entropy/repo/afl-clang-lto -Iext/phar/ -I/magma/targets/php/repo/ext/phar/ -I/magma/targets/php/repo/include -I/magma/targets/php/repo/main -I/magma/targets/php/repo -I/magma/targets/php/repo/ext/date/lib -I/magma/targets/php/repo/oniguruma/src -I/magma/targets/php/repo/ext/mbstring/libmbfl -I/magma/targets/php/repo/ext/mbstring/libmbfl/mbfl -I/magma/targets/php/repo/TSRM -I/magma/targets/php/repo/Zend    -fno-common -Wformat-truncation -Wall -Wextra -Wno-strict-aliasing -Wno-unused-parameter -Wno-sign-compare -g -O2 -fvisibility=hidden -DZEND_SIGNALS  -include /magma/magma/src/canary.h -DMAGMA_ENABLE_CANARIES    -g -O0 -fno-sanitize=object-size -DZEND_ENABLE_STATIC_TSRMLS_CACHE=1 -c /magma/targets/php/repo/ext/phar/zip.c -o ext/phar/zip.lo  -MMD -MF ext/phar/zip.dep -MT ext/phar/zip.lo
#23 44.63 /bin/bash /magma/targets/php/repo/libtool --silent --preserve-dup-deps --tag CC --mode=compile /magma/fuzzers/aflplusplus_lto_entropy/repo/afl-clang-lto -Iext/phar/ -I/magma/targets/php/repo/ext/phar/ -I/magma/targets/php/repo/include -I/magma/targets/php/repo/main -I/magma/targets/php/repo -I/magma/targets/php/repo/ext/date/lib -I/magma/targets/php/repo/oniguruma/src -I/magma/targets/php/repo/ext/mbstring/libmbfl -I/magma/targets/php/repo/ext/mbstring/libmbfl/mbfl -I/magma/targets/php/repo/TSRM -I/magma/targets/php/repo/Zend    -fno-common -Wformat-truncation -Wall -Wextra -Wno-strict-aliasing -Wno-unused-parameter -Wno-sign-compare -g -O2 -fvisibility=hidden -DZEND_SIGNALS  -include /magma/magma/src/canary.h -DMAGMA_ENABLE_CANARIES    -g -O0 -fno-sanitize=object-size -DZEND_ENABLE_STATIC_TSRMLS_CACHE=1 -c /magma/targets/php/repo/ext/phar/stream.c -o ext/phar/stream.lo  -MMD -MF ext/phar/stream.dep -MT ext/phar/stream.lo
#23 44.64 /bin/bash /magma/targets/php/repo/libtool --silent --preserve-dup-deps --tag CC --mode=compile /magma/fuzzers/aflplusplus_lto_entropy/repo/afl-clang-lto -Iext/phar/ -I/magma/targets/php/repo/ext/phar/ -I/magma/targets/php/repo/include -I/magma/targets/php/repo/main -I/magma/targets/php/repo -I/magma/targets/php/repo/ext/date/lib -I/magma/targets/php/repo/oniguruma/src -I/magma/targets/php/repo/ext/mbstring/libmbfl -I/magma/targets/php/repo/ext/mbstring/libmbfl/mbfl -I/magma/targets/php/repo/TSRM -I/magma/targets/php/repo/Zend    -fno-common -Wformat-truncation -Wall -Wextra -Wno-strict-aliasing -Wno-unused-parameter -Wno-sign-compare -g -O2 -fvisibility=hidden -DZEND_SIGNALS  -include /magma/magma/src/canary.h -DMAGMA_ENABLE_CANARIES    -g -O0 -fno-sanitize=object-size -DZEND_ENABLE_STATIC_TSRMLS_CACHE=1 -c /magma/targets/php/repo/ext/phar/func_interceptors.c -o ext/phar/func_interceptors.lo  -MMD -MF ext/phar/func_interceptors.dep -MT ext/phar/func_interceptors.lo
#23 44.65 /bin/bash /magma/targets/php/repo/libtool --silent --preserve-dup-deps --tag CC --mode=compile /magma/fuzzers/aflplusplus_lto_entropy/repo/afl-clang-lto -Iext/phar/ -I/magma/targets/php/repo/ext/phar/ -I/magma/targets/php/repo/include -I/magma/targets/php/repo/main -I/magma/targets/php/repo -I/magma/targets/php/repo/ext/date/lib -I/magma/targets/php/repo/oniguruma/src -I/magma/targets/php/repo/ext/mbstring/libmbfl -I/magma/targets/php/repo/ext/mbstring/libmbfl/mbfl -I/magma/targets/php/repo/TSRM -I/magma/targets/php/repo/Zend    -fno-common -Wformat-truncation -Wall -Wextra -Wno-strict-aliasing -Wno-unused-parameter -Wno-sign-compare -g -O2 -fvisibility=hidden -DZEND_SIGNALS  -include /magma/magma/src/canary.h -DMAGMA_ENABLE_CANARIES    -g -O0 -fno-sanitize=object-size -DZEND_ENABLE_STATIC_TSRMLS_CACHE=1 -c /magma/targets/php/repo/ext/phar/dirstream.c -o ext/phar/dirstream.lo  -MMD -MF ext/phar/dirstream.dep -MT ext/phar/dirstream.lo
#23 44.65 /bin/bash /magma/targets/php/repo/libtool --silent --preserve-dup-deps --tag CC --mode=compile /magma/fuzzers/aflplusplus_lto_entropy/repo/afl-clang-lto -Iext/phar/ -I/magma/targets/php/repo/ext/phar/ -I/magma/targets/php/repo/include -I/magma/targets/php/repo/main -I/magma/targets/php/repo -I/magma/targets/php/repo/ext/date/lib -I/magma/targets/php/repo/oniguruma/src -I/magma/targets/php/repo/ext/mbstring/libmbfl -I/magma/targets/php/repo/ext/mbstring/libmbfl/mbfl -I/magma/targets/php/repo/TSRM -I/magma/targets/php/repo/Zend    -fno-common -Wformat-truncation -Wall -Wextra -Wno-strict-aliasing -Wno-unused-parameter -Wno-sign-compare -g -O2 -fvisibility=hidden -DZEND_SIGNALS  -include /magma/magma/src/canary.h -DMAGMA_ENABLE_CANARIES    -g -O0 -fno-sanitize=object-size -DZEND_ENABLE_STATIC_TSRMLS_CACHE=1 -c /magma/targets/php/repo/ext/phar/phar.c -o ext/phar/phar.lo  -MMD -MF ext/phar/phar.dep -MT ext/phar/phar.lo
#23 44.66 /bin/bash /magma/targets/php/repo/libtool --silent --preserve-dup-deps --tag CC --mode=compile /magma/fuzzers/aflplusplus_lto_entropy/repo/afl-clang-lto -Iext/phar/ -I/magma/targets/php/repo/ext/phar/ -I/magma/targets/php/repo/include -I/magma/targets/php/repo/main -I/magma/targets/php/repo -I/magma/targets/php/repo/ext/date/lib -I/magma/targets/php/repo/oniguruma/src -I/magma/targets/php/repo/ext/mbstring/libmbfl -I/magma/targets/php/repo/ext/mbstring/libmbfl/mbfl -I/magma/targets/php/repo/TSRM -I/magma/targets/php/repo/Zend    -fno-common -Wformat-truncation -Wall -Wextra -Wno-strict-aliasing -Wno-unused-parameter -Wno-sign-compare -g -O2 -fvisibility=hidden -DZEND_SIGNALS  -include /magma/magma/src/canary.h -DMAGMA_ENABLE_CANARIES    -g -O0 -fno-sanitize=object-size -DZEND_ENABLE_STATIC_TSRMLS_CACHE=1 -c /magma/targets/php/repo/ext/phar/phar_object.c -o ext/phar/phar_object.lo  -MMD -MF ext/phar/phar_object.dep -MT ext/phar/phar_object.lo
#23 44.67 /bin/bash /magma/targets/php/repo/libtool --silent --preserve-dup-deps --tag CC --mode=compile /magma/fuzzers/aflplusplus_lto_entropy/repo/afl-clang-lto -Iext/reflection/ -I/magma/targets/php/repo/ext/reflection/ -I/magma/targets/php/repo/include -I/magma/targets/php/repo/main -I/magma/targets/php/repo -I/magma/targets/php/repo/ext/date/lib -I/magma/targets/php/repo/oniguruma/src -I/magma/targets/php/repo/ext/mbstring/libmbfl -I/magma/targets/php/repo/ext/mbstring/libmbfl/mbfl -I/magma/targets/php/repo/TSRM -I/magma/targets/php/repo/Zend    -fno-common -Wformat-truncation -Wall -Wextra -Wno-strict-aliasing -Wno-unused-parameter -Wno-sign-compare -g -O2 -fvisibility=hidden -DZEND_SIGNALS  -include /magma/magma/src/canary.h -DMAGMA_ENABLE_CANARIES    -g -O0 -fno-sanitize=object-size -DZEND_ENABLE_STATIC_TSRMLS_CACHE=1 -c /magma/targets/php/repo/ext/reflection/php_reflection.c -o ext/reflection/php_reflection.lo  -MMD -MF ext/reflection/php_reflection.dep -MT ext/reflection/php_reflection.lo
#23 44.67 /bin/bash /magma/targets/php/repo/libtool --silent --preserve-dup-deps --tag CC --mode=compile /magma/fuzzers/aflplusplus_lto_entropy/repo/afl-clang-lto -Iext/spl/ -I/magma/targets/php/repo/ext/spl/ -I/magma/targets/php/repo/include -I/magma/targets/php/repo/main -I/magma/targets/php/repo -I/magma/targets/php/repo/ext/date/lib -I/magma/targets/php/repo/oniguruma/src -I/magma/targets/php/repo/ext/mbstring/libmbfl -I/magma/targets/php/repo/ext/mbstring/libmbfl/mbfl -I/magma/targets/php/repo/TSRM -I/magma/targets/php/repo/Zend    -fno-common -Wformat-truncation -Wall -Wextra -Wno-strict-aliasing -Wno-unused-parameter -Wno-sign-compare -g -O2 -fvisibility=hidden -DZEND_SIGNALS  -include /magma/magma/src/canary.h -DMAGMA_ENABLE_CANARIES    -g -O0 -fno-sanitize=object-size -DZEND_ENABLE_STATIC_TSRMLS_CACHE=1 -c /magma/targets/php/repo/ext/spl/php_spl.c -o ext/spl/php_spl.lo  -MMD -MF ext/spl/php_spl.dep -MT ext/spl/php_spl.lo
#23 44.67 /bin/bash /magma/targets/php/repo/libtool --silent --preserve-dup-deps --tag CC --mode=compile /magma/fuzzers/aflplusplus_lto_entropy/repo/afl-clang-lto -Iext/spl/ -I/magma/targets/php/repo/ext/spl/ -I/magma/targets/php/repo/include -I/magma/targets/php/repo/main -I/magma/targets/php/repo -I/magma/targets/php/repo/ext/date/lib -I/magma/targets/php/repo/oniguruma/src -I/magma/targets/php/repo/ext/mbstring/libmbfl -I/magma/targets/php/repo/ext/mbstring/libmbfl/mbfl -I/magma/targets/php/repo/TSRM -I/magma/targets/php/repo/Zend    -fno-common -Wformat-truncation -Wall -Wextra -Wno-strict-aliasing -Wno-unused-parameter -Wno-sign-compare -g -O2 -fvisibility=hidden -DZEND_SIGNALS  -include /magma/magma/src/canary.h -DMAGMA_ENABLE_CANARIES    -g -O0 -fno-sanitize=object-size -DZEND_ENABLE_STATIC_TSRMLS_CACHE=1 -c /magma/targets/php/repo/ext/spl/spl_functions.c -o ext/spl/spl_functions.lo  -MMD -MF ext/spl/spl_functions.dep -MT ext/spl/spl_functions.lo
#23 44.70 /bin/bash /magma/targets/php/repo/libtool --silent --preserve-dup-deps --tag CC --mode=compile /magma/fuzzers/aflplusplus_lto_entropy/repo/afl-clang-lto -Iext/spl/ -I/magma/targets/php/repo/ext/spl/ -I/magma/targets/php/repo/include -I/magma/targets/php/repo/main -I/magma/targets/php/repo -I/magma/targets/php/repo/ext/date/lib -I/magma/targets/php/repo/oniguruma/src -I/magma/targets/php/repo/ext/mbstring/libmbfl -I/magma/targets/php/repo/ext/mbstring/libmbfl/mbfl -I/magma/targets/php/repo/TSRM -I/magma/targets/php/repo/Zend    -fno-common -Wformat-truncation -Wall -Wextra -Wno-strict-aliasing -Wno-unused-parameter -Wno-sign-compare -g -O2 -fvisibility=hidden -DZEND_SIGNALS  -include /magma/magma/src/canary.h -DMAGMA_ENABLE_CANARIES    -g -O0 -fno-sanitize=object-size -DZEND_ENABLE_STATIC_TSRMLS_CACHE=1 -c /magma/targets/php/repo/ext/spl/spl_iterators.c -o ext/spl/spl_iterators.lo  -MMD -MF ext/spl/spl_iterators.dep -MT ext/spl/spl_iterators.lo
#23 44.70 /bin/bash /magma/targets/php/repo/libtool --silent --preserve-dup-deps --tag CC --mode=compile /magma/fuzzers/aflplusplus_lto_entropy/repo/afl-clang-lto -Iext/spl/ -I/magma/targets/php/repo/ext/spl/ -I/magma/targets/php/repo/include -I/magma/targets/php/repo/main -I/magma/targets/php/repo -I/magma/targets/php/repo/ext/date/lib -I/magma/targets/php/repo/oniguruma/src -I/magma/targets/php/repo/ext/mbstring/libmbfl -I/magma/targets/php/repo/ext/mbstring/libmbfl/mbfl -I/magma/targets/php/repo/TSRM -I/magma/targets/php/repo/Zend    -fno-common -Wformat-truncation -Wall -Wextra -Wno-strict-aliasing -Wno-unused-parameter -Wno-sign-compare -g -O2 -fvisibility=hidden -DZEND_SIGNALS  -include /magma/magma/src/canary.h -DMAGMA_ENABLE_CANARIES    -g -O0 -fno-sanitize=object-size -DZEND_ENABLE_STATIC_TSRMLS_CACHE=1 -c /magma/targets/php/repo/ext/spl/spl_array.c -o ext/spl/spl_array.lo  -MMD -MF ext/spl/spl_array.dep -MT ext/spl/spl_array.lo
#23 44.71 /bin/bash /magma/targets/php/repo/libtool --silent --preserve-dup-deps --tag CC --mode=compile /magma/fuzzers/aflplusplus_lto_entropy/repo/afl-clang-lto -Iext/spl/ -I/magma/targets/php/repo/ext/spl/ -I/magma/targets/php/repo/include -I/magma/targets/php/repo/main -I/magma/targets/php/repo -I/magma/targets/php/repo/ext/date/lib -I/magma/targets/php/repo/oniguruma/src -I/magma/targets/php/repo/ext/mbstring/libmbfl -I/magma/targets/php/repo/ext/mbstring/libmbfl/mbfl -I/magma/targets/php/repo/TSRM -I/magma/targets/php/repo/Zend    -fno-common -Wformat-truncation -Wall -Wextra -Wno-strict-aliasing -Wno-unused-parameter -Wno-sign-compare -g -O2 -fvisibility=hidden -DZEND_SIGNALS  -include /magma/magma/src/canary.h -DMAGMA_ENABLE_CANARIES    -g -O0 -fno-sanitize=object-size -DZEND_ENABLE_STATIC_TSRMLS_CACHE=1 -c /magma/targets/php/repo/ext/spl/spl_directory.c -o ext/spl/spl_directory.lo  -MMD -MF ext/spl/spl_directory.dep -MT ext/spl/spl_directory.lo
#23 44.71 /bin/bash /magma/targets/php/repo/libtool --silent --preserve-dup-deps --tag CC --mode=compile /magma/fuzzers/aflplusplus_lto_entropy/repo/afl-clang-lto -Iext/spl/ -I/magma/targets/php/repo/ext/spl/ -I/magma/targets/php/repo/include -I/magma/targets/php/repo/main -I/magma/targets/php/repo -I/magma/targets/php/repo/ext/date/lib -I/magma/targets/php/repo/oniguruma/src -I/magma/targets/php/repo/ext/mbstring/libmbfl -I/magma/targets/php/repo/ext/mbstring/libmbfl/mbfl -I/magma/targets/php/repo/TSRM -I/magma/targets/php/repo/Zend    -fno-common -Wformat-truncation -Wall -Wextra -Wno-strict-aliasing -Wno-unused-parameter -Wno-sign-compare -g -O2 -fvisibility=hidden -DZEND_SIGNALS  -include /magma/magma/src/canary.h -DMAGMA_ENABLE_CANARIES    -g -O0 -fno-sanitize=object-size -DZEND_ENABLE_STATIC_TSRMLS_CACHE=1 -c /magma/targets/php/repo/ext/spl/spl_exceptions.c -o ext/spl/spl_exceptions.lo  -MMD -MF ext/spl/spl_exceptions.dep -MT ext/spl/spl_exceptions.lo
#23 44.71 /bin/bash /magma/targets/php/repo/libtool --silent --preserve-dup-deps --tag CC --mode=compile /magma/fuzzers/aflplusplus_lto_entropy/repo/afl-clang-lto -Iext/spl/ -I/magma/targets/php/repo/ext/spl/ -I/magma/targets/php/repo/include -I/magma/targets/php/repo/main -I/magma/targets/php/repo -I/magma/targets/php/repo/ext/date/lib -I/magma/targets/php/repo/oniguruma/src -I/magma/targets/php/repo/ext/mbstring/libmbfl -I/magma/targets/php/repo/ext/mbstring/libmbfl/mbfl -I/magma/targets/php/repo/TSRM -I/magma/targets/php/repo/Zend    -fno-common -Wformat-truncation -Wall -Wextra -Wno-strict-aliasing -Wno-unused-parameter -Wno-sign-compare -g -O2 -fvisibility=hidden -DZEND_SIGNALS  -include /magma/magma/src/canary.h -DMAGMA_ENABLE_CANARIES    -g -O0 -fno-sanitize=object-size -DZEND_ENABLE_STATIC_TSRMLS_CACHE=1 -c /magma/targets/php/repo/ext/spl/spl_observer.c -o ext/spl/spl_observer.lo  -MMD -MF ext/spl/spl_observer.dep -MT ext/spl/spl_observer.lo
#23 44.71 /bin/bash /magma/targets/php/repo/libtool --silent --preserve-dup-deps --tag CC --mode=compile /magma/fuzzers/aflplusplus_lto_entropy/repo/afl-clang-lto -Iext/spl/ -I/magma/targets/php/repo/ext/spl/ -I/magma/targets/php/repo/include -I/magma/targets/php/repo/main -I/magma/targets/php/repo -I/magma/targets/php/repo/ext/date/lib -I/magma/targets/php/repo/oniguruma/src -I/magma/targets/php/repo/ext/mbstring/libmbfl -I/magma/targets/php/repo/ext/mbstring/libmbfl/mbfl -I/magma/targets/php/repo/TSRM -I/magma/targets/php/repo/Zend    -fno-common -Wformat-truncation -Wall -Wextra -Wno-strict-aliasing -Wno-unused-parameter -Wno-sign-compare -g -O2 -fvisibility=hidden -DZEND_SIGNALS  -include /magma/magma/src/canary.h -DMAGMA_ENABLE_CANARIES    -g -O0 -fno-sanitize=object-size -DZEND_ENABLE_STATIC_TSRMLS_CACHE=1 -c /magma/targets/php/repo/ext/spl/spl_dllist.c -o ext/spl/spl_dllist.lo  -MMD -MF ext/spl/spl_dllist.dep -MT ext/spl/spl_dllist.lo
#23 44.72 /bin/bash /magma/targets/php/repo/libtool --silent --preserve-dup-deps --tag CC --mode=compile /magma/fuzzers/aflplusplus_lto_entropy/repo/afl-clang-lto -Iext/spl/ -I/magma/targets/php/repo/ext/spl/ -I/magma/targets/php/repo/include -I/magma/targets/php/repo/main -I/magma/targets/php/repo -I/magma/targets/php/repo/ext/date/lib -I/magma/targets/php/repo/oniguruma/src -I/magma/targets/php/repo/ext/mbstring/libmbfl -I/magma/targets/php/repo/ext/mbstring/libmbfl/mbfl -I/magma/targets/php/repo/TSRM -I/magma/targets/php/repo/Zend    -fno-common -Wformat-truncation -Wall -Wextra -Wno-strict-aliasing -Wno-unused-parameter -Wno-sign-compare -g -O2 -fvisibility=hidden -DZEND_SIGNALS  -include /magma/magma/src/canary.h -DMAGMA_ENABLE_CANARIES    -g -O0 -fno-sanitize=object-size -DZEND_ENABLE_STATIC_TSRMLS_CACHE=1 -c /magma/targets/php/repo/ext/spl/spl_heap.c -o ext/spl/spl_heap.lo  -MMD -MF ext/spl/spl_heap.dep -MT ext/spl/spl_heap.lo
#23 44.72 /bin/bash /magma/targets/php/repo/libtool --silent --preserve-dup-deps --tag CC --mode=compile /magma/fuzzers/aflplusplus_lto_entropy/repo/afl-clang-lto -Iext/spl/ -I/magma/targets/php/repo/ext/spl/ -I/magma/targets/php/repo/include -I/magma/targets/php/repo/main -I/magma/targets/php/repo -I/magma/targets/php/repo/ext/date/lib -I/magma/targets/php/repo/oniguruma/src -I/magma/targets/php/repo/ext/mbstring/libmbfl -I/magma/targets/php/repo/ext/mbstring/libmbfl/mbfl -I/magma/targets/php/repo/TSRM -I/magma/targets/php/repo/Zend    -fno-common -Wformat-truncation -Wall -Wextra -Wno-strict-aliasing -Wno-unused-parameter -Wno-sign-compare -g -O2 -fvisibility=hidden -DZEND_SIGNALS  -include /magma/magma/src/canary.h -DMAGMA_ENABLE_CANARIES    -g -O0 -fno-sanitize=object-size -DZEND_ENABLE_STATIC_TSRMLS_CACHE=1 -c /magma/targets/php/repo/ext/spl/spl_fixedarray.c -o ext/spl/spl_fixedarray.lo  -MMD -MF ext/spl/spl_fixedarray.dep -MT ext/spl/spl_fixedarray.lo
#23 44.73 /bin/bash /magma/targets/php/repo/libtool --silent --preserve-dup-deps --tag CC --mode=compile /magma/fuzzers/aflplusplus_lto_entropy/repo/afl-clang-lto -Iext/standard/ -I/magma/targets/php/repo/ext/standard/ -I/magma/targets/php/repo/include -I/magma/targets/php/repo/main -I/magma/targets/php/repo -I/magma/targets/php/repo/ext/date/lib -I/magma/targets/php/repo/oniguruma/src -I/magma/targets/php/repo/ext/mbstring/libmbfl -I/magma/targets/php/repo/ext/mbstring/libmbfl/mbfl -I/magma/targets/php/repo/TSRM -I/magma/targets/php/repo/Zend    -fno-common -Wformat-truncation -Wall -Wextra -Wno-strict-aliasing -Wno-unused-parameter -Wno-sign-compare -g -O2 -fvisibility=hidden -DZEND_SIGNALS  -include /magma/magma/src/canary.h -DMAGMA_ENABLE_CANARIES    -g -O0 -fno-sanitize=object-size  -c /magma/targets/php/repo/ext/standard/crypt_freesec.c -o ext/standard/crypt_freesec.lo  -MMD -MF ext/standard/crypt_freesec.dep -MT ext/standard/crypt_freesec.lo
#23 44.74 /bin/bash /magma/targets/php/repo/libtool --silent --preserve-dup-deps --tag CC --mode=compile /magma/fuzzers/aflplusplus_lto_entropy/repo/afl-clang-lto -Iext/standard/ -I/magma/targets/php/repo/ext/standard/ -I/magma/targets/php/repo/include -I/magma/targets/php/repo/main -I/magma/targets/php/repo -I/magma/targets/php/repo/ext/date/lib -I/magma/targets/php/repo/oniguruma/src -I/magma/targets/php/repo/ext/mbstring/libmbfl -I/magma/targets/php/repo/ext/mbstring/libmbfl/mbfl -I/magma/targets/php/repo/TSRM -I/magma/targets/php/repo/Zend    -fno-common -Wformat-truncation -Wall -Wextra -Wno-strict-aliasing -Wno-unused-parameter -Wno-sign-compare -g -O2 -fvisibility=hidden -DZEND_SIGNALS  -include /magma/magma/src/canary.h -DMAGMA_ENABLE_CANARIES    -g -O0 -fno-sanitize=object-size  -c /magma/targets/php/repo/ext/standard/crypt_blowfish.c -o ext/standard/crypt_blowfish.lo  -MMD -MF ext/standard/crypt_blowfish.dep -MT ext/standard/crypt_blowfish.lo
#23 44.76 /bin/bash /magma/targets/php/repo/libtool --silent --preserve-dup-deps --tag CC --mode=compile /magma/fuzzers/aflplusplus_lto_entropy/repo/afl-clang-lto -Iext/standard/ -I/magma/targets/php/repo/ext/standard/ -I/magma/targets/php/repo/include -I/magma/targets/php/repo/main -I/magma/targets/php/repo -I/magma/targets/php/repo/ext/date/lib -I/magma/targets/php/repo/oniguruma/src -I/magma/targets/php/repo/ext/mbstring/libmbfl -I/magma/targets/php/repo/ext/mbstring/libmbfl/mbfl -I/magma/targets/php/repo/TSRM -I/magma/targets/php/repo/Zend    -fno-common -Wformat-truncation -Wall -Wextra -Wno-strict-aliasing -Wno-unused-parameter -Wno-sign-compare -g -O2 -fvisibility=hidden -DZEND_SIGNALS  -include /magma/magma/src/canary.h -DMAGMA_ENABLE_CANARIES    -g -O0 -fno-sanitize=object-size  -c /magma/targets/php/repo/ext/standard/crypt_sha512.c -o ext/standard/crypt_sha512.lo  -MMD -MF ext/standard/crypt_sha512.dep -MT ext/standard/crypt_sha512.lo
#23 44.77 /bin/bash /magma/targets/php/repo/libtool --silent --preserve-dup-deps --tag CC --mode=compile /magma/fuzzers/aflplusplus_lto_entropy/repo/afl-clang-lto -Iext/standard/ -I/magma/targets/php/repo/ext/standard/ -I/magma/targets/php/repo/include -I/magma/targets/php/repo/main -I/magma/targets/php/repo -I/magma/targets/php/repo/ext/date/lib -I/magma/targets/php/repo/oniguruma/src -I/magma/targets/php/repo/ext/mbstring/libmbfl -I/magma/targets/php/repo/ext/mbstring/libmbfl/mbfl -I/magma/targets/php/repo/TSRM -I/magma/targets/php/repo/Zend    -fno-common -Wformat-truncation -Wall -Wextra -Wno-strict-aliasing -Wno-unused-parameter -Wno-sign-compare -g -O2 -fvisibility=hidden -DZEND_SIGNALS  -include /magma/magma/src/canary.h -DMAGMA_ENABLE_CANARIES    -g -O0 -fno-sanitize=object-size  -c /magma/targets/php/repo/ext/standard/crypt_sha256.c -o ext/standard/crypt_sha256.lo  -MMD -MF ext/standard/crypt_sha256.dep -MT ext/standard/crypt_sha256.lo
#23 44.77 /bin/bash /magma/targets/php/repo/libtool --silent --preserve-dup-deps --tag CC --mode=compile /magma/fuzzers/aflplusplus_lto_entropy/repo/afl-clang-lto -Iext/standard/ -I/magma/targets/php/repo/ext/standard/ -I/magma/targets/php/repo/include -I/magma/targets/php/repo/main -I/magma/targets/php/repo -I/magma/targets/php/repo/ext/date/lib -I/magma/targets/php/repo/oniguruma/src -I/magma/targets/php/repo/ext/mbstring/libmbfl -I/magma/targets/php/repo/ext/mbstring/libmbfl/mbfl -I/magma/targets/php/repo/TSRM -I/magma/targets/php/repo/Zend    -fno-common -Wformat-truncation -Wall -Wextra -Wno-strict-aliasing -Wno-unused-parameter -Wno-sign-compare -g -O2 -fvisibility=hidden -DZEND_SIGNALS  -include /magma/magma/src/canary.h -DMAGMA_ENABLE_CANARIES    -g -O0 -fno-sanitize=object-size  -c /magma/targets/php/repo/ext/standard/php_crypt_r.c -o ext/standard/php_crypt_r.lo  -MMD -MF ext/standard/php_crypt_r.dep -MT ext/standard/php_crypt_r.lo
#23 44.77 /bin/bash /magma/targets/php/repo/libtool --silent --preserve-dup-deps --tag CC --mode=compile /magma/fuzzers/aflplusplus_lto_entropy/repo/afl-clang-lto -Iext/standard/ -I/magma/targets/php/repo/ext/standard/ -I/magma/targets/php/repo/include -I/magma/targets/php/repo/main -I/magma/targets/php/repo -I/magma/targets/php/repo/ext/date/lib -I/magma/targets/php/repo/oniguruma/src -I/magma/targets/php/repo/ext/mbstring/libmbfl -I/magma/targets/php/repo/ext/mbstring/libmbfl/mbfl -I/magma/targets/php/repo/TSRM -I/magma/targets/php/repo/Zend    -fno-common -Wformat-truncation -Wall -Wextra -Wno-strict-aliasing -Wno-unused-parameter -Wno-sign-compare -g -O2 -fvisibility=hidden -DZEND_SIGNALS  -include /magma/magma/src/canary.h -DMAGMA_ENABLE_CANARIES    -g -O0 -fno-sanitize=object-size -DZEND_ENABLE_STATIC_TSRMLS_CACHE=1 -c /magma/targets/php/repo/ext/standard/array.c -o ext/standard/array.lo  -MMD -MF ext/standard/array.dep -MT ext/standard/array.lo
#23 44.77 /bin/bash /magma/targets/php/repo/libtool --silent --preserve-dup-deps --tag CC --mode=compile /magma/fuzzers/aflplusplus_lto_entropy/repo/afl-clang-lto -Iext/standard/ -I/magma/targets/php/repo/ext/standard/ -I/magma/targets/php/repo/include -I/magma/targets/php/repo/main -I/magma/targets/php/repo -I/magma/targets/php/repo/ext/date/lib -I/magma/targets/php/repo/oniguruma/src -I/magma/targets/php/repo/ext/mbstring/libmbfl -I/magma/targets/php/repo/ext/mbstring/libmbfl/mbfl -I/magma/targets/php/repo/TSRM -I/magma/targets/php/repo/Zend    -fno-common -Wformat-truncation -Wall -Wextra -Wno-strict-aliasing -Wno-unused-parameter -Wno-sign-compare -g -O2 -fvisibility=hidden -DZEND_SIGNALS  -include /magma/magma/src/canary.h -DMAGMA_ENABLE_CANARIES    -g -O0 -fno-sanitize=object-size -DZEND_ENABLE_STATIC_TSRMLS_CACHE=1 -c /magma/targets/php/repo/ext/standard/base64.c -o ext/standard/base64.lo  -MMD -MF ext/standard/base64.dep -MT ext/standard/base64.lo
#23 44.78 /bin/bash /magma/targets/php/repo/libtool --silent --preserve-dup-deps --tag CC --mode=compile /magma/fuzzers/aflplusplus_lto_entropy/repo/afl-clang-lto -Iext/standard/ -I/magma/targets/php/repo/ext/standard/ -I/magma/targets/php/repo/include -I/magma/targets/php/repo/main -I/magma/targets/php/repo -I/magma/targets/php/repo/ext/date/lib -I/magma/targets/php/repo/oniguruma/src -I/magma/targets/php/repo/ext/mbstring/libmbfl -I/magma/targets/php/repo/ext/mbstring/libmbfl/mbfl -I/magma/targets/php/repo/TSRM -I/magma/targets/php/repo/Zend    -fno-common -Wformat-truncation -Wall -Wextra -Wno-strict-aliasing -Wno-unused-parameter -Wno-sign-compare -g -O2 -fvisibility=hidden -DZEND_SIGNALS  -include /magma/magma/src/canary.h -DMAGMA_ENABLE_CANARIES    -g -O0 -fno-sanitize=object-size -DZEND_ENABLE_STATIC_TSRMLS_CACHE=1 -c /magma/targets/php/repo/ext/standard/browscap.c -o ext/standard/browscap.lo  -MMD -MF ext/standard/browscap.dep -MT ext/standard/browscap.lo
#23 44.79 /bin/bash /magma/targets/php/repo/libtool --silent --preserve-dup-deps --tag CC --mode=compile /magma/fuzzers/aflplusplus_lto_entropy/repo/afl-clang-lto -Iext/standard/ -I/magma/targets/php/repo/ext/standard/ -I/magma/targets/php/repo/include -I/magma/targets/php/repo/main -I/magma/targets/php/repo -I/magma/targets/php/repo/ext/date/lib -I/magma/targets/php/repo/oniguruma/src -I/magma/targets/php/repo/ext/mbstring/libmbfl -I/magma/targets/php/repo/ext/mbstring/libmbfl/mbfl -I/magma/targets/php/repo/TSRM -I/magma/targets/php/repo/Zend    -fno-common -Wformat-truncation -Wall -Wextra -Wno-strict-aliasing -Wno-unused-parameter -Wno-sign-compare -g -O2 -fvisibility=hidden -DZEND_SIGNALS  -include /magma/magma/src/canary.h -DMAGMA_ENABLE_CANARIES    -g -O0 -fno-sanitize=object-size -DZEND_ENABLE_STATIC_TSRMLS_CACHE=1 -c /magma/targets/php/repo/ext/standard/crc32.c -o ext/standard/crc32.lo  -MMD -MF ext/standard/crc32.dep -MT ext/standard/crc32.lo
#23 44.79 /bin/bash /magma/targets/php/repo/libtool --silent --preserve-dup-deps --tag CC --mode=compile /magma/fuzzers/aflplusplus_lto_entropy/repo/afl-clang-lto -Iext/standard/ -I/magma/targets/php/repo/ext/standard/ -I/magma/targets/php/repo/include -I/magma/targets/php/repo/main -I/magma/targets/php/repo -I/magma/targets/php/repo/ext/date/lib -I/magma/targets/php/repo/oniguruma/src -I/magma/targets/php/repo/ext/mbstring/libmbfl -I/magma/targets/php/repo/ext/mbstring/libmbfl/mbfl -I/magma/targets/php/repo/TSRM -I/magma/targets/php/repo/Zend    -fno-common -Wformat-truncation -Wall -Wextra -Wno-strict-aliasing -Wno-unused-parameter -Wno-sign-compare -g -O2 -fvisibility=hidden -DZEND_SIGNALS  -include /magma/magma/src/canary.h -DMAGMA_ENABLE_CANARIES    -g -O0 -fno-sanitize=object-size -DZEND_ENABLE_STATIC_TSRMLS_CACHE=1 -c /magma/targets/php/repo/ext/standard/crypt.c -o ext/standard/crypt.lo  -MMD -MF ext/standard/crypt.dep -MT ext/standard/crypt.lo
#23 44.79 /bin/bash /magma/targets/php/repo/libtool --silent --preserve-dup-deps --tag CC --mode=compile /magma/fuzzers/aflplusplus_lto_entropy/repo/afl-clang-lto -Iext/standard/ -I/magma/targets/php/repo/ext/standard/ -I/magma/targets/php/repo/include -I/magma/targets/php/repo/main -I/magma/targets/php/repo -I/magma/targets/php/repo/ext/date/lib -I/magma/targets/php/repo/oniguruma/src -I/magma/targets/php/repo/ext/mbstring/libmbfl -I/magma/targets/php/repo/ext/mbstring/libmbfl/mbfl -I/magma/targets/php/repo/TSRM -I/magma/targets/php/repo/Zend    -fno-common -Wformat-truncation -Wall -Wextra -Wno-strict-aliasing -Wno-unused-parameter -Wno-sign-compare -g -O2 -fvisibility=hidden -DZEND_SIGNALS  -include /magma/magma/src/canary.h -DMAGMA_ENABLE_CANARIES    -g -O0 -fno-sanitize=object-size -DZEND_ENABLE_STATIC_TSRMLS_CACHE=1 -c /magma/targets/php/repo/ext/standard/datetime.c -o ext/standard/datetime.lo  -MMD -MF ext/standard/datetime.dep -MT ext/standard/datetime.lo
#23 44.80 /bin/bash /magma/targets/php/repo/libtool --silent --preserve-dup-deps --tag CC --mode=compile /magma/fuzzers/aflplusplus_lto_entropy/repo/afl-clang-lto -Iext/standard/ -I/magma/targets/php/repo/ext/standard/ -I/magma/targets/php/repo/include -I/magma/targets/php/repo/main -I/magma/targets/php/repo -I/magma/targets/php/repo/ext/date/lib -I/magma/targets/php/repo/oniguruma/src -I/magma/targets/php/repo/ext/mbstring/libmbfl -I/magma/targets/php/repo/ext/mbstring/libmbfl/mbfl -I/magma/targets/php/repo/TSRM -I/magma/targets/php/repo/Zend    -fno-common -Wformat-truncation -Wall -Wextra -Wno-strict-aliasing -Wno-unused-parameter -Wno-sign-compare -g -O2 -fvisibility=hidden -DZEND_SIGNALS  -include /magma/magma/src/canary.h -DMAGMA_ENABLE_CANARIES    -g -O0 -fno-sanitize=object-size -DZEND_ENABLE_STATIC_TSRMLS_CACHE=1 -c /magma/targets/php/repo/ext/standard/dir.c -o ext/standard/dir.lo  -MMD -MF ext/standard/dir.dep -MT ext/standard/dir.lo
#23 44.81 /bin/bash /magma/targets/php/repo/libtool --silent --preserve-dup-deps --tag CC --mode=compile /magma/fuzzers/aflplusplus_lto_entropy/repo/afl-clang-lto -Iext/standard/ -I/magma/targets/php/repo/ext/standard/ -I/magma/targets/php/repo/include -I/magma/targets/php/repo/main -I/magma/targets/php/repo -I/magma/targets/php/repo/ext/date/lib -I/magma/targets/php/repo/oniguruma/src -I/magma/targets/php/repo/ext/mbstring/libmbfl -I/magma/targets/php/repo/ext/mbstring/libmbfl/mbfl -I/magma/targets/php/repo/TSRM -I/magma/targets/php/repo/Zend    -fno-common -Wformat-truncation -Wall -Wextra -Wno-strict-aliasing -Wno-unused-parameter -Wno-sign-compare -g -O2 -fvisibility=hidden -DZEND_SIGNALS  -include /magma/magma/src/canary.h -DMAGMA_ENABLE_CANARIES    -g -O0 -fno-sanitize=object-size -DZEND_ENABLE_STATIC_TSRMLS_CACHE=1 -c /magma/targets/php/repo/ext/standard/dl.c -o ext/standard/dl.lo  -MMD -MF ext/standard/dl.dep -MT ext/standard/dl.lo
#23 44.81 /bin/bash /magma/targets/php/repo/libtool --silent --preserve-dup-deps --tag CC --mode=compile /magma/fuzzers/aflplusplus_lto_entropy/repo/afl-clang-lto -Iext/standard/ -I/magma/targets/php/repo/ext/standard/ -I/magma/targets/php/repo/include -I/magma/targets/php/repo/main -I/magma/targets/php/repo -I/magma/targets/php/repo/ext/date/lib -I/magma/targets/php/repo/oniguruma/src -I/magma/targets/php/repo/ext/mbstring/libmbfl -I/magma/targets/php/repo/ext/mbstring/libmbfl/mbfl -I/magma/targets/php/repo/TSRM -I/magma/targets/php/repo/Zend    -fno-common -Wformat-truncation -Wall -Wextra -Wno-strict-aliasing -Wno-unused-parameter -Wno-sign-compare -g -O2 -fvisibility=hidden -DZEND_SIGNALS  -include /magma/magma/src/canary.h -DMAGMA_ENABLE_CANARIES    -g -O0 -fno-sanitize=object-size -DZEND_ENABLE_STATIC_TSRMLS_CACHE=1 -c /magma/targets/php/repo/ext/standard/dns.c -o ext/standard/dns.lo  -MMD -MF ext/standard/dns.dep -MT ext/standard/dns.lo
#23 44.81 /bin/bash /magma/targets/php/repo/libtool --silent --preserve-dup-deps --tag CC --mode=compile /magma/fuzzers/aflplusplus_lto_entropy/repo/afl-clang-lto -Iext/standard/ -I/magma/targets/php/repo/ext/standard/ -I/magma/targets/php/repo/include -I/magma/targets/php/repo/main -I/magma/targets/php/repo -I/magma/targets/php/repo/ext/date/lib -I/magma/targets/php/repo/oniguruma/src -I/magma/targets/php/repo/ext/mbstring/libmbfl -I/magma/targets/php/repo/ext/mbstring/libmbfl/mbfl -I/magma/targets/php/repo/TSRM -I/magma/targets/php/repo/Zend    -fno-common -Wformat-truncation -Wall -Wextra -Wno-strict-aliasing -Wno-unused-parameter -Wno-sign-compare -g -O2 -fvisibility=hidden -DZEND_SIGNALS  -include /magma/magma/src/canary.h -DMAGMA_ENABLE_CANARIES    -g -O0 -fno-sanitize=object-size -DZEND_ENABLE_STATIC_TSRMLS_CACHE=1 -c /magma/targets/php/repo/ext/standard/exec.c -o ext/standard/exec.lo  -MMD -MF ext/standard/exec.dep -MT ext/standard/exec.lo
#23 44.82 /bin/bash /magma/targets/php/repo/libtool --silent --preserve-dup-deps --tag CC --mode=compile /magma/fuzzers/aflplusplus_lto_entropy/repo/afl-clang-lto -Iext/standard/ -I/magma/targets/php/repo/ext/standard/ -I/magma/targets/php/repo/include -I/magma/targets/php/repo/main -I/magma/targets/php/repo -I/magma/targets/php/repo/ext/date/lib -I/magma/targets/php/repo/oniguruma/src -I/magma/targets/php/repo/ext/mbstring/libmbfl -I/magma/targets/php/repo/ext/mbstring/libmbfl/mbfl -I/magma/targets/php/repo/TSRM -I/magma/targets/php/repo/Zend    -fno-common -Wformat-truncation -Wall -Wextra -Wno-strict-aliasing -Wno-unused-parameter -Wno-sign-compare -g -O2 -fvisibility=hidden -DZEND_SIGNALS  -include /magma/magma/src/canary.h -DMAGMA_ENABLE_CANARIES    -g -O0 -fno-sanitize=object-size -DZEND_ENABLE_STATIC_TSRMLS_CACHE=1 -c /magma/targets/php/repo/ext/standard/file.c -o ext/standard/file.lo  -MMD -MF ext/standard/file.dep -MT ext/standard/file.lo
#23 44.83 /bin/bash /magma/targets/php/repo/libtool --silent --preserve-dup-deps --tag CC --mode=compile /magma/fuzzers/aflplusplus_lto_entropy/repo/afl-clang-lto -Iext/standard/ -I/magma/targets/php/repo/ext/standard/ -I/magma/targets/php/repo/include -I/magma/targets/php/repo/main -I/magma/targets/php/repo -I/magma/targets/php/repo/ext/date/lib -I/magma/targets/php/repo/oniguruma/src -I/magma/targets/php/repo/ext/mbstring/libmbfl -I/magma/targets/php/repo/ext/mbstring/libmbfl/mbfl -I/magma/targets/php/repo/TSRM -I/magma/targets/php/repo/Zend    -fno-common -Wformat-truncation -Wall -Wextra -Wno-strict-aliasing -Wno-unused-parameter -Wno-sign-compare -g -O2 -fvisibility=hidden -DZEND_SIGNALS  -include /magma/magma/src/canary.h -DMAGMA_ENABLE_CANARIES    -g -O0 -fno-sanitize=object-size -DZEND_ENABLE_STATIC_TSRMLS_CACHE=1 -c /magma/targets/php/repo/ext/standard/filestat.c -o ext/standard/filestat.lo  -MMD -MF ext/standard/filestat.dep -MT ext/standard/filestat.lo
#23 44.83 /bin/bash /magma/targets/php/repo/libtool --silent --preserve-dup-deps --tag CC --mode=compile /magma/fuzzers/aflplusplus_lto_entropy/repo/afl-clang-lto -Iext/standard/ -I/magma/targets/php/repo/ext/standard/ -I/magma/targets/php/repo/include -I/magma/targets/php/repo/main -I/magma/targets/php/repo -I/magma/targets/php/repo/ext/date/lib -I/magma/targets/php/repo/oniguruma/src -I/magma/targets/php/repo/ext/mbstring/libmbfl -I/magma/targets/php/repo/ext/mbstring/libmbfl/mbfl -I/magma/targets/php/repo/TSRM -I/magma/targets/php/repo/Zend    -fno-common -Wformat-truncation -Wall -Wextra -Wno-strict-aliasing -Wno-unused-parameter -Wno-sign-compare -g -O2 -fvisibility=hidden -DZEND_SIGNALS  -include /magma/magma/src/canary.h -DMAGMA_ENABLE_CANARIES    -g -O0 -fno-sanitize=object-size -DZEND_ENABLE_STATIC_TSRMLS_CACHE=1 -c /magma/targets/php/repo/ext/standard/flock_compat.c -o ext/standard/flock_compat.lo  -MMD -MF ext/standard/flock_compat.dep -MT ext/standard/flock_compat.lo
#23 44.84 /bin/bash /magma/targets/php/repo/libtool --silent --preserve-dup-deps --tag CC --mode=compile /magma/fuzzers/aflplusplus_lto_entropy/repo/afl-clang-lto -Iext/standard/ -I/magma/targets/php/repo/ext/standard/ -I/magma/targets/php/repo/include -I/magma/targets/php/repo/main -I/magma/targets/php/repo -I/magma/targets/php/repo/ext/date/lib -I/magma/targets/php/repo/oniguruma/src -I/magma/targets/php/repo/ext/mbstring/libmbfl -I/magma/targets/php/repo/ext/mbstring/libmbfl/mbfl -I/magma/targets/php/repo/TSRM -I/magma/targets/php/repo/Zend    -fno-common -Wformat-truncation -Wall -Wextra -Wno-strict-aliasing -Wno-unused-parameter -Wno-sign-compare -g -O2 -fvisibility=hidden -DZEND_SIGNALS  -include /magma/magma/src/canary.h -DMAGMA_ENABLE_CANARIES    -g -O0 -fno-sanitize=object-size -DZEND_ENABLE_STATIC_TSRMLS_CACHE=1 -c /magma/targets/php/repo/ext/standard/formatted_print.c -o ext/standard/formatted_print.lo  -MMD -MF ext/standard/formatted_print.dep -MT ext/standard/formatted_print.lo
#23 44.84 /bin/bash /magma/targets/php/repo/libtool --silent --preserve-dup-deps --tag CC --mode=compile /magma/fuzzers/aflplusplus_lto_entropy/repo/afl-clang-lto -Iext/standard/ -I/magma/targets/php/repo/ext/standard/ -I/magma/targets/php/repo/include -I/magma/targets/php/repo/main -I/magma/targets/php/repo -I/magma/targets/php/repo/ext/date/lib -I/magma/targets/php/repo/oniguruma/src -I/magma/targets/php/repo/ext/mbstring/libmbfl -I/magma/targets/php/repo/ext/mbstring/libmbfl/mbfl -I/magma/targets/php/repo/TSRM -I/magma/targets/php/repo/Zend    -fno-common -Wformat-truncation -Wall -Wextra -Wno-strict-aliasing -Wno-unused-parameter -Wno-sign-compare -g -O2 -fvisibility=hidden -DZEND_SIGNALS  -include /magma/magma/src/canary.h -DMAGMA_ENABLE_CANARIES    -g -O0 -fno-sanitize=object-size -DZEND_ENABLE_STATIC_TSRMLS_CACHE=1 -c /magma/targets/php/repo/ext/standard/fsock.c -o ext/standard/fsock.lo  -MMD -MF ext/standard/fsock.dep -MT ext/standard/fsock.lo
#23 44.84 /bin/bash /magma/targets/php/repo/libtool --silent --preserve-dup-deps --tag CC --mode=compile /magma/fuzzers/aflplusplus_lto_entropy/repo/afl-clang-lto -Iext/standard/ -I/magma/targets/php/repo/ext/standard/ -I/magma/targets/php/repo/include -I/magma/targets/php/repo/main -I/magma/targets/php/repo -I/magma/targets/php/repo/ext/date/lib -I/magma/targets/php/repo/oniguruma/src -I/magma/targets/php/repo/ext/mbstring/libmbfl -I/magma/targets/php/repo/ext/mbstring/libmbfl/mbfl -I/magma/targets/php/repo/TSRM -I/magma/targets/php/repo/Zend    -fno-common -Wformat-truncation -Wall -Wextra -Wno-strict-aliasing -Wno-unused-parameter -Wno-sign-compare -g -O2 -fvisibility=hidden -DZEND_SIGNALS  -include /magma/magma/src/canary.h -DMAGMA_ENABLE_CANARIES    -g -O0 -fno-sanitize=object-size -DZEND_ENABLE_STATIC_TSRMLS_CACHE=1 -c /magma/targets/php/repo/ext/standard/head.c -o ext/standard/head.lo  -MMD -MF ext/standard/head.dep -MT ext/standard/head.lo
#23 44.84 /bin/bash /magma/targets/php/repo/libtool --silent --preserve-dup-deps --tag CC --mode=compile /magma/fuzzers/aflplusplus_lto_entropy/repo/afl-clang-lto -Iext/standard/ -I/magma/targets/php/repo/ext/standard/ -I/magma/targets/php/repo/include -I/magma/targets/php/repo/main -I/magma/targets/php/repo -I/magma/targets/php/repo/ext/date/lib -I/magma/targets/php/repo/oniguruma/src -I/magma/targets/php/repo/ext/mbstring/libmbfl -I/magma/targets/php/repo/ext/mbstring/libmbfl/mbfl -I/magma/targets/php/repo/TSRM -I/magma/targets/php/repo/Zend    -fno-common -Wformat-truncation -Wall -Wextra -Wno-strict-aliasing -Wno-unused-parameter -Wno-sign-compare -g -O2 -fvisibility=hidden -DZEND_SIGNALS  -include /magma/magma/src/canary.h -DMAGMA_ENABLE_CANARIES    -g -O0 -fno-sanitize=object-size -DZEND_ENABLE_STATIC_TSRMLS_CACHE=1 -c /magma/targets/php/repo/ext/standard/html.c -o ext/standard/html.lo  -MMD -MF ext/standard/html.dep -MT ext/standard/html.lo
#23 44.85 /bin/bash /magma/targets/php/repo/libtool --silent --preserve-dup-deps --tag CC --mode=compile /magma/fuzzers/aflplusplus_lto_entropy/repo/afl-clang-lto -Iext/standard/ -I/magma/targets/php/repo/ext/standard/ -I/magma/targets/php/repo/include -I/magma/targets/php/repo/main -I/magma/targets/php/repo -I/magma/targets/php/repo/ext/date/lib -I/magma/targets/php/repo/oniguruma/src -I/magma/targets/php/repo/ext/mbstring/libmbfl -I/magma/targets/php/repo/ext/mbstring/libmbfl/mbfl -I/magma/targets/php/repo/TSRM -I/magma/targets/php/repo/Zend    -fno-common -Wformat-truncation -Wall -Wextra -Wno-strict-aliasing -Wno-unused-parameter -Wno-sign-compare -g -O2 -fvisibility=hidden -DZEND_SIGNALS  -include /magma/magma/src/canary.h -DMAGMA_ENABLE_CANARIES    -g -O0 -fno-sanitize=object-size -DZEND_ENABLE_STATIC_TSRMLS_CACHE=1 -c /magma/targets/php/repo/ext/standard/image.c -o ext/standard/image.lo  -MMD -MF ext/standard/image.dep -MT ext/standard/image.lo
#23 44.85 /bin/bash /magma/targets/php/repo/libtool --silent --preserve-dup-deps --tag CC --mode=compile /magma/fuzzers/aflplusplus_lto_entropy/repo/afl-clang-lto -Iext/standard/ -I/magma/targets/php/repo/ext/standard/ -I/magma/targets/php/repo/include -I/magma/targets/php/repo/main -I/magma/targets/php/repo -I/magma/targets/php/repo/ext/date/lib -I/magma/targets/php/repo/oniguruma/src -I/magma/targets/php/repo/ext/mbstring/libmbfl -I/magma/targets/php/repo/ext/mbstring/libmbfl/mbfl -I/magma/targets/php/repo/TSRM -I/magma/targets/php/repo/Zend    -fno-common -Wformat-truncation -Wall -Wextra -Wno-strict-aliasing -Wno-unused-parameter -Wno-sign-compare -g -O2 -fvisibility=hidden -DZEND_SIGNALS  -include /magma/magma/src/canary.h -DMAGMA_ENABLE_CANARIES    -g -O0 -fno-sanitize=object-size -DZEND_ENABLE_STATIC_TSRMLS_CACHE=1 -c /magma/targets/php/repo/ext/standard/info.c -o ext/standard/info.lo  -MMD -MF ext/standard/info.dep -MT ext/standard/info.lo
#23 44.86 /bin/bash /magma/targets/php/repo/libtool --silent --preserve-dup-deps --tag CC --mode=compile /magma/fuzzers/aflplusplus_lto_entropy/repo/afl-clang-lto -Iext/standard/ -I/magma/targets/php/repo/ext/standard/ -I/magma/targets/php/repo/include -I/magma/targets/php/repo/main -I/magma/targets/php/repo -I/magma/targets/php/repo/ext/date/lib -I/magma/targets/php/repo/oniguruma/src -I/magma/targets/php/repo/ext/mbstring/libmbfl -I/magma/targets/php/repo/ext/mbstring/libmbfl/mbfl -I/magma/targets/php/repo/TSRM -I/magma/targets/php/repo/Zend    -fno-common -Wformat-truncation -Wall -Wextra -Wno-strict-aliasing -Wno-unused-parameter -Wno-sign-compare -g -O2 -fvisibility=hidden -DZEND_SIGNALS  -include /magma/magma/src/canary.h -DMAGMA_ENABLE_CANARIES    -g -O0 -fno-sanitize=object-size -DZEND_ENABLE_STATIC_TSRMLS_CACHE=1 -c /magma/targets/php/repo/ext/standard/iptc.c -o ext/standard/iptc.lo  -MMD -MF ext/standard/iptc.dep -MT ext/standard/iptc.lo
#23 44.86 /magma/targets/php/repo/ext/mbstring/mbstring.c:3539:28: warning: implicit truncation from 'int' to a one-bit wide bit-field changes value from 1 to -1 [-Wsingle-bit-bitfield-constant-conversion]
#23 44.86  3539 |                 suppressed_hdrs.cnt_type = 1;
#23 44.86       |                                          ^ ~
#23 44.86 /magma/targets/php/repo/ext/mbstring/mbstring.c:3559:33: /bin/bash /magma/targets/php/repo/libtool --silent --preserve-dup-deps --tag CC --mode=compile /magma/fuzzers/aflplusplus_lto_entropy/repo/afl-clang-lto -Iext/standard/ -I/magma/targets/php/repo/ext/standard/ -I/magma/targets/php/repo/include -I/magma/targets/php/repo/main -I/magma/targets/php/repo -I/magma/targets/php/repo/ext/date/lib -I/magma/targets/php/repo/oniguruma/src -I/magma/targets/php/repo/ext/mbstring/libmbfl -I/magma/targets/php/repo/ext/mbstring/libmbfl/mbfl -I/magma/targets/php/repo/TSRM -I/magma/targets/php/repo/Zend    -fno-common -Wformat-truncation -Wall -Wextra -Wno-strict-aliasing -Wno-unused-parameter -Wno-sign-compare -g -O2 -fvisibility=hidden -DZEND_SIGNALS  -include /magma/magma/src/canary.h -DMAGMA_ENABLE_CANARIES    -g -O0 -fno-sanitize=object-size -DZEND_ENABLE_STATIC_TSRMLS_CACHE=1 -c /magma/targets/php/repo/ext/standard/lcg.c -o ext/standard/lcg.lo  -MMD -MF ext/standard/lcg.dep -MT ext/standard/lcg.lo
#23 44.86 warning: implicit truncation from 'int' to a one-bit wide bit-field changes value from 1 to -1 [-Wsingle-bit-bitfield-constant-conversion]
#23 44.86  3559 |                 suppressed_hdrs.cnt_trans_enc = 1;
#23 44.86       |                                               ^ ~
#23 44.87 /bin/bash /magma/targets/php/repo/libtool --silent --preserve-dup-deps --tag CC --mode=compile /magma/fuzzers/aflplusplus_lto_entropy/repo/afl-clang-lto -Iext/standard/ -I/magma/targets/php/repo/ext/standard/ -I/magma/targets/php/repo/include -I/magma/targets/php/repo/main -I/magma/targets/php/repo -I/magma/targets/php/repo/ext/date/lib -I/magma/targets/php/repo/oniguruma/src -I/magma/targets/php/repo/ext/mbstring/libmbfl -I/magma/targets/php/repo/ext/mbstring/libmbfl/mbfl -I/magma/targets/php/repo/TSRM -I/magma/targets/php/repo/Zend    -fno-common -Wformat-truncation -Wall -Wextra -Wno-strict-aliasing -Wno-unused-parameter -Wno-sign-compare -g -O2 -fvisibility=hidden -DZEND_SIGNALS  -include /magma/magma/src/canary.h -DMAGMA_ENABLE_CANARIES    -g -O0 -fno-sanitize=object-size -DZEND_ENABLE_STATIC_TSRMLS_CACHE=1 -c /magma/targets/php/repo/ext/standard/link.c -o ext/standard/link.lo  -MMD -MF ext/standard/link.dep -MT ext/standard/link.lo
#23 44.87 /bin/bash /magma/targets/php/repo/libtool --silent --preserve-dup-deps --tag CC --mode=compile /magma/fuzzers/aflplusplus_lto_entropy/repo/afl-clang-lto -Iext/standard/ -I/magma/targets/php/repo/ext/standard/ -I/magma/targets/php/repo/include -I/magma/targets/php/repo/main -I/magma/targets/php/repo -I/magma/targets/php/repo/ext/date/lib -I/magma/targets/php/repo/oniguruma/src -I/magma/targets/php/repo/ext/mbstring/libmbfl -I/magma/targets/php/repo/ext/mbstring/libmbfl/mbfl -I/magma/targets/php/repo/TSRM -I/magma/targets/php/repo/Zend    -fno-common -Wformat-truncation -Wall -Wextra -Wno-strict-aliasing -Wno-unused-parameter -Wno-sign-compare -g -O2 -fvisibility=hidden -DZEND_SIGNALS  -include /magma/magma/src/canary.h -DMAGMA_ENABLE_CANARIES    -g -O0 -fno-sanitize=object-size -DZEND_ENABLE_STATIC_TSRMLS_CACHE=1 -c /magma/targets/php/repo/ext/standard/mail.c -o ext/standard/mail.lo  -MMD -MF ext/standard/mail.dep -MT ext/standard/mail.lo
#23 44.87 /bin/bash /magma/targets/php/repo/libtool --silent --preserve-dup-deps --tag CC --mode=compile /magma/fuzzers/aflplusplus_lto_entropy/repo/afl-clang-lto -Iext/standard/ -I/magma/targets/php/repo/ext/standard/ -I/magma/targets/php/repo/include -I/magma/targets/php/repo/main -I/magma/targets/php/repo -I/magma/targets/php/repo/ext/date/lib -I/magma/targets/php/repo/oniguruma/src -I/magma/targets/php/repo/ext/mbstring/libmbfl -I/magma/targets/php/repo/ext/mbstring/libmbfl/mbfl -I/magma/targets/php/repo/TSRM -I/magma/targets/php/repo/Zend    -fno-common -Wformat-truncation -Wall -Wextra -Wno-strict-aliasing -Wno-unused-parameter -Wno-sign-compare -g -O2 -fvisibility=hidden -DZEND_SIGNALS  -include /magma/magma/src/canary.h -DMAGMA_ENABLE_CANARIES    -g -O0 -fno-sanitize=object-size -DZEND_ENABLE_STATIC_TSRMLS_CACHE=1 -c /magma/targets/php/repo/ext/standard/math.c -o ext/standard/math.lo  -MMD -MF ext/standard/math.dep -MT ext/standard/math.lo
#23 44.88 /bin/bash /magma/targets/php/repo/libtool --silent --preserve-dup-deps --tag CC --mode=compile /magma/fuzzers/aflplusplus_lto_entropy/repo/afl-clang-lto -Iext/standard/ -I/magma/targets/php/repo/ext/standard/ -I/magma/targets/php/repo/include -I/magma/targets/php/repo/main -I/magma/targets/php/repo -I/magma/targets/php/repo/ext/date/lib -I/magma/targets/php/repo/oniguruma/src -I/magma/targets/php/repo/ext/mbstring/libmbfl -I/magma/targets/php/repo/ext/mbstring/libmbfl/mbfl -I/magma/targets/php/repo/TSRM -I/magma/targets/php/repo/Zend    -fno-common -Wformat-truncation -Wall -Wextra -Wno-strict-aliasing -Wno-unused-parameter -Wno-sign-compare -g -O2 -fvisibility=hidden -DZEND_SIGNALS  -include /magma/magma/src/canary.h -DMAGMA_ENABLE_CANARIES    -g -O0 -fno-sanitize=object-size -DZEND_ENABLE_STATIC_TSRMLS_CACHE=1 -c /magma/targets/php/repo/ext/standard/md5.c -o ext/standard/md5.lo  -MMD -MF ext/standard/md5.dep -MT ext/standard/md5.lo
#23 44.88 /bin/bash /magma/targets/php/repo/libtool --silent --preserve-dup-deps --tag CC --mode=compile /magma/fuzzers/aflplusplus_lto_entropy/repo/afl-clang-lto -Iext/standard/ -I/magma/targets/php/repo/ext/standard/ -I/magma/targets/php/repo/include -I/magma/targets/php/repo/main -I/magma/targets/php/repo -I/magma/targets/php/repo/ext/date/lib -I/magma/targets/php/repo/oniguruma/src -I/magma/targets/php/repo/ext/mbstring/libmbfl -I/magma/targets/php/repo/ext/mbstring/libmbfl/mbfl -I/magma/targets/php/repo/TSRM -I/magma/targets/php/repo/Zend    -fno-common -Wformat-truncation -Wall -Wextra -Wno-strict-aliasing -Wno-unused-parameter -Wno-sign-compare -g -O2 -fvisibility=hidden -DZEND_SIGNALS  -include /magma/magma/src/canary.h -DMAGMA_ENABLE_CANARIES    -g -O0 -fno-sanitize=object-size -DZEND_ENABLE_STATIC_TSRMLS_CACHE=1 -c /magma/targets/php/repo/ext/standard/metaphone.c -o ext/standard/metaphone.lo  -MMD -MF ext/standard/metaphone.dep -MT ext/standard/metaphone.lo
#23 44.89 /bin/bash /magma/targets/php/repo/libtool --silent --preserve-dup-deps --tag CC --mode=compile /magma/fuzzers/aflplusplus_lto_entropy/repo/afl-clang-lto -Iext/standard/ -I/magma/targets/php/repo/ext/standard/ -I/magma/targets/php/repo/include -I/magma/targets/php/repo/main -I/magma/targets/php/repo -I/magma/targets/php/repo/ext/date/lib -I/magma/targets/php/repo/oniguruma/src -I/magma/targets/php/repo/ext/mbstring/libmbfl -I/magma/targets/php/repo/ext/mbstring/libmbfl/mbfl -I/magma/targets/php/repo/TSRM -I/magma/targets/php/repo/Zend    -fno-common -Wformat-truncation -Wall -Wextra -Wno-strict-aliasing -Wno-unused-parameter -Wno-sign-compare -g -O2 -fvisibility=hidden -DZEND_SIGNALS  -include /magma/magma/src/canary.h -DMAGMA_ENABLE_CANARIES    -g -O0 -fno-sanitize=object-size -DZEND_ENABLE_STATIC_TSRMLS_CACHE=1 -c /magma/targets/php/repo/ext/standard/microtime.c -o ext/standard/microtime.lo  -MMD -MF ext/standard/microtime.dep -MT ext/standard/microtime.lo
#23 44.89 /bin/bash /magma/targets/php/repo/libtool --silent --preserve-dup-deps --tag CC --mode=compile /magma/fuzzers/aflplusplus_lto_entropy/repo/afl-clang-lto -Iext/standard/ -I/magma/targets/php/repo/ext/standard/ -I/magma/targets/php/repo/include -I/magma/targets/php/repo/main -I/magma/targets/php/repo -I/magma/targets/php/repo/ext/date/lib -I/magma/targets/php/repo/oniguruma/src -I/magma/targets/php/repo/ext/mbstring/libmbfl -I/magma/targets/php/repo/ext/mbstring/libmbfl/mbfl -I/magma/targets/php/repo/TSRM -I/magma/targets/php/repo/Zend    -fno-common -Wformat-truncation -Wall -Wextra -Wno-strict-aliasing -Wno-unused-parameter -Wno-sign-compare -g -O2 -fvisibility=hidden -DZEND_SIGNALS  -include /magma/magma/src/canary.h -DMAGMA_ENABLE_CANARIES    -g -O0 -fno-sanitize=object-size -DZEND_ENABLE_STATIC_TSRMLS_CACHE=1 -c /magma/targets/php/repo/ext/standard/pack.c -o ext/standard/pack.lo  -MMD -MF ext/standard/pack.dep -MT ext/standard/pack.lo
#23 44.89 /bin/bash /magma/targets/php/repo/libtool --silent --preserve-dup-deps --tag CC --mode=compile /magma/fuzzers/aflplusplus_lto_entropy/repo/afl-clang-lto -Iext/standard/ -I/magma/targets/php/repo/ext/standard/ -I/magma/targets/php/repo/include -I/magma/targets/php/repo/main -I/magma/targets/php/repo -I/magma/targets/php/repo/ext/date/lib -I/magma/targets/php/repo/oniguruma/src -I/magma/targets/php/repo/ext/mbstring/libmbfl -I/magma/targets/php/repo/ext/mbstring/libmbfl/mbfl -I/magma/targets/php/repo/TSRM -I/magma/targets/php/repo/Zend    -fno-common -Wformat-truncation -Wall -Wextra -Wno-strict-aliasing -Wno-unused-parameter -Wno-sign-compare -g -O2 -fvisibility=hidden -DZEND_SIGNALS  -include /magma/magma/src/canary.h -DMAGMA_ENABLE_CANARIES    -g -O0 -fno-sanitize=object-size -DZEND_ENABLE_STATIC_TSRMLS_CACHE=1 -c /magma/targets/php/repo/ext/standard/pageinfo.c -o ext/standard/pageinfo.lo  -MMD -MF ext/standard/pageinfo.dep -MT ext/standard/pageinfo.lo
#23 44.91 /bin/bash /magma/targets/php/repo/libtool --silent --preserve-dup-deps --tag CC --mode=compile /magma/fuzzers/aflplusplus_lto_entropy/repo/afl-clang-lto -Iext/standard/ -I/magma/targets/php/repo/ext/standard/ -I/magma/targets/php/repo/include -I/magma/targets/php/repo/main -I/magma/targets/php/repo -I/magma/targets/php/repo/ext/date/lib -I/magma/targets/php/repo/oniguruma/src -I/magma/targets/php/repo/ext/mbstring/libmbfl -I/magma/targets/php/repo/ext/mbstring/libmbfl/mbfl -I/magma/targets/php/repo/TSRM -I/magma/targets/php/repo/Zend    -fno-common -Wformat-truncation -Wall -Wextra -Wno-strict-aliasing -Wno-unused-parameter -Wno-sign-compare -g -O2 -fvisibility=hidden -DZEND_SIGNALS  -include /magma/magma/src/canary.h -DMAGMA_ENABLE_CANARIES    -g -O0 -fno-sanitize=object-size -DZEND_ENABLE_STATIC_TSRMLS_CACHE=1 -c /magma/targets/php/repo/ext/standard/quot_print.c -o ext/standard/quot_print.lo  -MMD -MF ext/standard/quot_print.dep -MT ext/standard/quot_print.lo
#23 44.91 /bin/bash /magma/targets/php/repo/libtool --silent --preserve-dup-deps --tag CC --mode=compile /magma/fuzzers/aflplusplus_lto_entropy/repo/afl-clang-lto -Iext/standard/ -I/magma/targets/php/repo/ext/standard/ -I/magma/targets/php/repo/include -I/magma/targets/php/repo/main -I/magma/targets/php/repo -I/magma/targets/php/repo/ext/date/lib -I/magma/targets/php/repo/oniguruma/src -I/magma/targets/php/repo/ext/mbstring/libmbfl -I/magma/targets/php/repo/ext/mbstring/libmbfl/mbfl -I/magma/targets/php/repo/TSRM -I/magma/targets/php/repo/Zend    -fno-common -Wformat-truncation -Wall -Wextra -Wno-strict-aliasing -Wno-unused-parameter -Wno-sign-compare -g -O2 -fvisibility=hidden -DZEND_SIGNALS  -include /magma/magma/src/canary.h -DMAGMA_ENABLE_CANARIES    -g -O0 -fno-sanitize=object-size -DZEND_ENABLE_STATIC_TSRMLS_CACHE=1 -c /magma/targets/php/repo/ext/standard/rand.c -o ext/standard/rand.lo  -MMD -MF ext/standard/rand.dep -MT ext/standard/rand.lo
#23 44.91 /bin/bash /magma/targets/php/repo/libtool --silent --preserve-dup-deps --tag CC --mode=compile /magma/fuzzers/aflplusplus_lto_entropy/repo/afl-clang-lto -Iext/standard/ -I/magma/targets/php/repo/ext/standard/ -I/magma/targets/php/repo/include -I/magma/targets/php/repo/main -I/magma/targets/php/repo -I/magma/targets/php/repo/ext/date/lib -I/magma/targets/php/repo/oniguruma/src -I/magma/targets/php/repo/ext/mbstring/libmbfl -I/magma/targets/php/repo/ext/mbstring/libmbfl/mbfl -I/magma/targets/php/repo/TSRM -I/magma/targets/php/repo/Zend    -fno-common -Wformat-truncation -Wall -Wextra -Wno-strict-aliasing -Wno-unused-parameter -Wno-sign-compare -g -O2 -fvisibility=hidden -DZEND_SIGNALS  -include /magma/magma/src/canary.h -DMAGMA_ENABLE_CANARIES    -g -O0 -fno-sanitize=object-size -DZEND_ENABLE_STATIC_TSRMLS_CACHE=1 -c /magma/targets/php/repo/ext/standard/mt_rand.c -o ext/standard/mt_rand.lo  -MMD -MF ext/standard/mt_rand.dep -MT ext/standard/mt_rand.lo
#23 44.92 /bin/bash /magma/targets/php/repo/libtool --silent --preserve-dup-deps --tag CC --mode=compile /magma/fuzzers/aflplusplus_lto_entropy/repo/afl-clang-lto -Iext/standard/ -I/magma/targets/php/repo/ext/standard/ -I/magma/targets/php/repo/include -I/magma/targets/php/repo/main -I/magma/targets/php/repo -I/magma/targets/php/repo/ext/date/lib -I/magma/targets/php/repo/oniguruma/src -I/magma/targets/php/repo/ext/mbstring/libmbfl -I/magma/targets/php/repo/ext/mbstring/libmbfl/mbfl -I/magma/targets/php/repo/TSRM -I/magma/targets/php/repo/Zend    -fno-common -Wformat-truncation -Wall -Wextra -Wno-strict-aliasing -Wno-unused-parameter -Wno-sign-compare -g -O2 -fvisibility=hidden -DZEND_SIGNALS  -include /magma/magma/src/canary.h -DMAGMA_ENABLE_CANARIES    -g -O0 -fno-sanitize=object-size -DZEND_ENABLE_STATIC_TSRMLS_CACHE=1 -c /magma/targets/php/repo/ext/standard/soundex.c -o ext/standard/soundex.lo  -MMD -MF ext/standard/soundex.dep -MT ext/standard/soundex.lo
#23 44.92 /bin/bash /magma/targets/php/repo/libtool --silent --preserve-dup-deps --tag CC --mode=compile /magma/fuzzers/aflplusplus_lto_entropy/repo/afl-clang-lto -Iext/standard/ -I/magma/targets/php/repo/ext/standard/ -I/magma/targets/php/repo/include -I/magma/targets/php/repo/main -I/magma/targets/php/repo -I/magma/targets/php/repo/ext/date/lib -I/magma/targets/php/repo/oniguruma/src -I/magma/targets/php/repo/ext/mbstring/libmbfl -I/magma/targets/php/repo/ext/mbstring/libmbfl/mbfl -I/magma/targets/php/repo/TSRM -I/magma/targets/php/repo/Zend    -fno-common -Wformat-truncation -Wall -Wextra -Wno-strict-aliasing -Wno-unused-parameter -Wno-sign-compare -g -O2 -fvisibility=hidden -DZEND_SIGNALS  -include /magma/magma/src/canary.h -DMAGMA_ENABLE_CANARIES    -g -O0 -fno-sanitize=object-size -DZEND_ENABLE_STATIC_TSRMLS_CACHE=1 -c /magma/targets/php/repo/ext/standard/string.c -o ext/standard/string.lo  -MMD -MF ext/standard/string.dep -MT ext/standard/string.lo
#23 44.93 /bin/bash /magma/targets/php/repo/libtool --silent --preserve-dup-deps --tag CC --mode=compile /magma/fuzzers/aflplusplus_lto_entropy/repo/afl-clang-lto -Iext/standard/ -I/magma/targets/php/repo/ext/standard/ -I/magma/targets/php/repo/include -I/magma/targets/php/repo/main -I/magma/targets/php/repo -I/magma/targets/php/repo/ext/date/lib -I/magma/targets/php/repo/oniguruma/src -I/magma/targets/php/repo/ext/mbstring/libmbfl -I/magma/targets/php/repo/ext/mbstring/libmbfl/mbfl -I/magma/targets/php/repo/TSRM -I/magma/targets/php/repo/Zend    -fno-common -Wformat-truncation -Wall -Wextra -Wno-strict-aliasing -Wno-unused-parameter -Wno-sign-compare -g -O2 -fvisibility=hidden -DZEND_SIGNALS  -include /magma/magma/src/canary.h -DMAGMA_ENABLE_CANARIES    -g -O0 -fno-sanitize=object-size -DZEND_ENABLE_STATIC_TSRMLS_CACHE=1 -c /magma/targets/php/repo/ext/standard/scanf.c -o ext/standard/scanf.lo  -MMD -MF ext/standard/scanf.dep -MT ext/standard/scanf.lo
#23 44.93 /bin/bash /magma/targets/php/repo/libtool --silent --preserve-dup-deps --tag CC --mode=compile /magma/fuzzers/aflplusplus_lto_entropy/repo/afl-clang-lto -Iext/standard/ -I/magma/targets/php/repo/ext/standard/ -I/magma/targets/php/repo/include -I/magma/targets/php/repo/main -I/magma/targets/php/repo -I/magma/targets/php/repo/ext/date/lib -I/magma/targets/php/repo/oniguruma/src -I/magma/targets/php/repo/ext/mbstring/libmbfl -I/magma/targets/php/repo/ext/mbstring/libmbfl/mbfl -I/magma/targets/php/repo/TSRM -I/magma/targets/php/repo/Zend    -fno-common -Wformat-truncation -Wall -Wextra -Wno-strict-aliasing -Wno-unused-parameter -Wno-sign-compare -g -O2 -fvisibility=hidden -DZEND_SIGNALS  -include /magma/magma/src/canary.h -DMAGMA_ENABLE_CANARIES    -g -O0 -fno-sanitize=object-size -DZEND_ENABLE_STATIC_TSRMLS_CACHE=1 -c /magma/targets/php/repo/ext/standard/syslog.c -o ext/standard/syslog.lo  -MMD -MF ext/standard/syslog.dep -MT ext/standard/syslog.lo
#23 44.93 /bin/bash /magma/targets/php/repo/libtool --silent --preserve-dup-deps --tag CC --mode=compile /magma/fuzzers/aflplusplus_lto_entropy/repo/afl-clang-lto -Iext/standard/ -I/magma/targets/php/repo/ext/standard/ -I/magma/targets/php/repo/include -I/magma/targets/php/repo/main -I/magma/targets/php/repo -I/magma/targets/php/repo/ext/date/lib -I/magma/targets/php/repo/oniguruma/src -I/magma/targets/php/repo/ext/mbstring/libmbfl -I/magma/targets/php/repo/ext/mbstring/libmbfl/mbfl -I/magma/targets/php/repo/TSRM -I/magma/targets/php/repo/Zend    -fno-common -Wformat-truncation -Wall -Wextra -Wno-strict-aliasing -Wno-unused-parameter -Wno-sign-compare -g -O2 -fvisibility=hidden -DZEND_SIGNALS  -include /magma/magma/src/canary.h -DMAGMA_ENABLE_CANARIES    -g -O0 -fno-sanitize=object-size -DZEND_ENABLE_STATIC_TSRMLS_CACHE=1 -c /magma/targets/php/repo/ext/standard/type.c -o ext/standard/type.lo  -MMD -MF ext/standard/type.dep -MT ext/standard/type.lo
#23 44.94 /bin/bash /magma/targets/php/repo/libtool --silent --preserve-dup-deps --tag CC --mode=compile /magma/fuzzers/aflplusplus_lto_entropy/repo/afl-clang-lto -Iext/standard/ -I/magma/targets/php/repo/ext/standard/ -I/magma/targets/php/repo/include -I/magma/targets/php/repo/main -I/magma/targets/php/repo -I/magma/targets/php/repo/ext/date/lib -I/magma/targets/php/repo/oniguruma/src -I/magma/targets/php/repo/ext/mbstring/libmbfl -I/magma/targets/php/repo/ext/mbstring/libmbfl/mbfl -I/magma/targets/php/repo/TSRM -I/magma/targets/php/repo/Zend    -fno-common -Wformat-truncation -Wall -Wextra -Wno-strict-aliasing -Wno-unused-parameter -Wno-sign-compare -g -O2 -fvisibility=hidden -DZEND_SIGNALS  -include /magma/magma/src/canary.h -DMAGMA_ENABLE_CANARIES    -g -O0 -fno-sanitize=object-size -DZEND_ENABLE_STATIC_TSRMLS_CACHE=1 -c /magma/targets/php/repo/ext/standard/uniqid.c -o ext/standard/uniqid.lo  -MMD -MF ext/standard/uniqid.dep -MT ext/standard/uniqid.lo
#23 44.94 /bin/bash /magma/targets/php/repo/libtool --silent --preserve-dup-deps --tag CC --mode=compile /magma/fuzzers/aflplusplus_lto_entropy/repo/afl-clang-lto -Iext/standard/ -I/magma/targets/php/repo/ext/standard/ -I/magma/targets/php/repo/include -I/magma/targets/php/repo/main -I/magma/targets/php/repo -I/magma/targets/php/repo/ext/date/lib -I/magma/targets/php/repo/oniguruma/src -I/magma/targets/php/repo/ext/mbstring/libmbfl -I/magma/targets/php/repo/ext/mbstring/libmbfl/mbfl -I/magma/targets/php/repo/TSRM -I/magma/targets/php/repo/Zend    -fno-common -Wformat-truncation -Wall -Wextra -Wno-strict-aliasing -Wno-unused-parameter -Wno-sign-compare -g -O2 -fvisibility=hidden -DZEND_SIGNALS  -include /magma/magma/src/canary.h -DMAGMA_ENABLE_CANARIES    -g -O0 -fno-sanitize=object-size -DZEND_ENABLE_STATIC_TSRMLS_CACHE=1 -c /magma/targets/php/repo/ext/standard/url.c -o ext/standard/url.lo  -MMD -MF ext/standard/url.dep -MT ext/standard/url.lo
#23 44.94 /bin/bash /magma/targets/php/repo/libtool --silent --preserve-dup-deps --tag CC --mode=compile /magma/fuzzers/aflplusplus_lto_entropy/repo/afl-clang-lto -Iext/standard/ -I/magma/targets/php/repo/ext/standard/ -I/magma/targets/php/repo/include -I/magma/targets/php/repo/main -I/magma/targets/php/repo -I/magma/targets/php/repo/ext/date/lib -I/magma/targets/php/repo/oniguruma/src -I/magma/targets/php/repo/ext/mbstring/libmbfl -I/magma/targets/php/repo/ext/mbstring/libmbfl/mbfl -I/magma/targets/php/repo/TSRM -I/magma/targets/php/repo/Zend    -fno-common -Wformat-truncation -Wall -Wextra -Wno-strict-aliasing -Wno-unused-parameter -Wno-sign-compare -g -O2 -fvisibility=hidden -DZEND_SIGNALS  -include /magma/magma/src/canary.h -DMAGMA_ENABLE_CANARIES    -g -O0 -fno-sanitize=object-size -DZEND_ENABLE_STATIC_TSRMLS_CACHE=1 -c /magma/targets/php/repo/ext/standard/var.c -o ext/standard/var.lo  -MMD -MF ext/standard/var.dep -MT ext/standard/var.lo
#23 44.94 /bin/bash /magma/targets/php/repo/libtool --silent --preserve-dup-deps --tag CC --mode=compile /magma/fuzzers/aflplusplus_lto_entropy/repo/afl-clang-lto -Iext/standard/ -I/magma/targets/php/repo/ext/standard/ -I/magma/targets/php/repo/include -I/magma/targets/php/repo/main -I/magma/targets/php/repo -I/magma/targets/php/repo/ext/date/lib -I/magma/targets/php/repo/oniguruma/src -I/magma/targets/php/repo/ext/mbstring/libmbfl -I/magma/targets/php/repo/ext/mbstring/libmbfl/mbfl -I/magma/targets/php/repo/TSRM -I/magma/targets/php/repo/Zend    -fno-common -Wformat-truncation -Wall -Wextra -Wno-strict-aliasing -Wno-unused-parameter -Wno-sign-compare -g -O2 -fvisibility=hidden -DZEND_SIGNALS  -include /magma/magma/src/canary.h -DMAGMA_ENABLE_CANARIES    -g -O0 -fno-sanitize=object-size -DZEND_ENABLE_STATIC_TSRMLS_CACHE=1 -c /magma/targets/php/repo/ext/standard/versioning.c -o ext/standard/versioning.lo  -MMD -MF ext/standard/versioning.dep -MT ext/standard/versioning.lo
#23 44.94 /bin/bash /magma/targets/php/repo/libtool --silent --preserve-dup-deps --tag CC --mode=compile /magma/fuzzers/aflplusplus_lto_entropy/repo/afl-clang-lto -Iext/standard/ -I/magma/targets/php/repo/ext/standard/ -I/magma/targets/php/repo/include -I/magma/targets/php/repo/main -I/magma/targets/php/repo -I/magma/targets/php/repo/ext/date/lib -I/magma/targets/php/repo/oniguruma/src -I/magma/targets/php/repo/ext/mbstring/libmbfl -I/magma/targets/php/repo/ext/mbstring/libmbfl/mbfl -I/magma/targets/php/repo/TSRM -I/magma/targets/php/repo/Zend    -fno-common -Wformat-truncation -Wall -Wextra -Wno-strict-aliasing -Wno-unused-parameter -Wno-sign-compare -g -O2 -fvisibility=hidden -DZEND_SIGNALS  -include /magma/magma/src/canary.h -DMAGMA_ENABLE_CANARIES    -g -O0 -fno-sanitize=object-size -DZEND_ENABLE_STATIC_TSRMLS_CACHE=1 -c /magma/targets/php/repo/ext/standard/assert.c -o ext/standard/assert.lo  -MMD -MF ext/standard/assert.dep -MT ext/standard/assert.lo
#23 44.95 /bin/bash /magma/targets/php/repo/libtool --silent --preserve-dup-deps --tag CC --mode=compile /magma/fuzzers/aflplusplus_lto_entropy/repo/afl-clang-lto -Iext/standard/ -I/magma/targets/php/repo/ext/standard/ -I/magma/targets/php/repo/include -I/magma/targets/php/repo/main -I/magma/targets/php/repo -I/magma/targets/php/repo/ext/date/lib -I/magma/targets/php/repo/oniguruma/src -I/magma/targets/php/repo/ext/mbstring/libmbfl -I/magma/targets/php/repo/ext/mbstring/libmbfl/mbfl -I/magma/targets/php/repo/TSRM -I/magma/targets/php/repo/Zend    -fno-common -Wformat-truncation -Wall -Wextra -Wno-strict-aliasing -Wno-unused-parameter -Wno-sign-compare -g -O2 -fvisibility=hidden -DZEND_SIGNALS  -include /magma/magma/src/canary.h -DMAGMA_ENABLE_CANARIES    -g -O0 -fno-sanitize=object-size -DZEND_ENABLE_STATIC_TSRMLS_CACHE=1 -c /magma/targets/php/repo/ext/standard/strnatcmp.c -o ext/standard/strnatcmp.lo  -MMD -MF ext/standard/strnatcmp.dep -MT ext/standard/strnatcmp.lo
#23 44.95 /bin/bash /magma/targets/php/repo/libtool --silent --preserve-dup-deps --tag CC --mode=compile /magma/fuzzers/aflplusplus_lto_entropy/repo/afl-clang-lto -Iext/standard/ -I/magma/targets/php/repo/ext/standard/ -I/magma/targets/php/repo/include -I/magma/targets/php/repo/main -I/magma/targets/php/repo -I/magma/targets/php/repo/ext/date/lib -I/magma/targets/php/repo/oniguruma/src -I/magma/targets/php/repo/ext/mbstring/libmbfl -I/magma/targets/php/repo/ext/mbstring/libmbfl/mbfl -I/magma/targets/php/repo/TSRM -I/magma/targets/php/repo/Zend    -fno-common -Wformat-truncation -Wall -Wextra -Wno-strict-aliasing -Wno-unused-parameter -Wno-sign-compare -g -O2 -fvisibility=hidden -DZEND_SIGNALS  -include /magma/magma/src/canary.h -DMAGMA_ENABLE_CANARIES    -g -O0 -fno-sanitize=object-size -DZEND_ENABLE_STATIC_TSRMLS_CACHE=1 -c /magma/targets/php/repo/ext/standard/levenshtein.c -o ext/standard/levenshtein.lo  -MMD -MF ext/standard/levenshtein.dep -MT ext/standard/levenshtein.lo
#23 44.96 /bin/bash /magma/targets/php/repo/libtool --silent --preserve-dup-deps --tag CC --mode=compile /magma/fuzzers/aflplusplus_lto_entropy/repo/afl-clang-lto -Iext/standard/ -I/magma/targets/php/repo/ext/standard/ -I/magma/targets/php/repo/include -I/magma/targets/php/repo/main -I/magma/targets/php/repo -I/magma/targets/php/repo/ext/date/lib -I/magma/targets/php/repo/oniguruma/src -I/magma/targets/php/repo/ext/mbstring/libmbfl -I/magma/targets/php/repo/ext/mbstring/libmbfl/mbfl -I/magma/targets/php/repo/TSRM -I/magma/targets/php/repo/Zend    -fno-common -Wformat-truncation -Wall -Wextra -Wno-strict-aliasing -Wno-unused-parameter -Wno-sign-compare -g -O2 -fvisibility=hidden -DZEND_SIGNALS  -include /magma/magma/src/canary.h -DMAGMA_ENABLE_CANARIES    -g -O0 -fno-sanitize=object-size -DZEND_ENABLE_STATIC_TSRMLS_CACHE=1 -c /magma/targets/php/repo/ext/standard/incomplete_class.c -o ext/standard/incomplete_class.lo  -MMD -MF ext/standard/incomplete_class.dep -MT ext/standard/incomplete_class.lo
#23 44.96 /bin/bash /magma/targets/php/repo/libtool --silent --preserve-dup-deps --tag CC --mode=compile /magma/fuzzers/aflplusplus_lto_entropy/repo/afl-clang-lto -Iext/standard/ -I/magma/targets/php/repo/ext/standard/ -I/magma/targets/php/repo/include -I/magma/targets/php/repo/main -I/magma/targets/php/repo -I/magma/targets/php/repo/ext/date/lib -I/magma/targets/php/repo/oniguruma/src -I/magma/targets/php/repo/ext/mbstring/libmbfl -I/magma/targets/php/repo/ext/mbstring/libmbfl/mbfl -I/magma/targets/php/repo/TSRM -I/magma/targets/php/repo/Zend    -fno-common -Wformat-truncation -Wall -Wextra -Wno-strict-aliasing -Wno-unused-parameter -Wno-sign-compare -g -O2 -fvisibility=hidden -DZEND_SIGNALS  -include /magma/magma/src/canary.h -DMAGMA_ENABLE_CANARIES    -g -O0 -fno-sanitize=object-size -DZEND_ENABLE_STATIC_TSRMLS_CACHE=1 -c /magma/targets/php/repo/ext/standard/ftp_fopen_wrapper.c -o ext/standard/ftp_fopen_wrapper.lo  -MMD -MF ext/standard/ftp_fopen_wrapper.dep -MT ext/standard/ftp_fopen_wrapper.lo
#23 44.97 /bin/bash /magma/targets/php/repo/libtool --silent --preserve-dup-deps --tag CC --mode=compile /magma/fuzzers/aflplusplus_lto_entropy/repo/afl-clang-lto -Iext/standard/ -I/magma/targets/php/repo/ext/standard/ -I/magma/targets/php/repo/include -I/magma/targets/php/repo/main -I/magma/targets/php/repo -I/magma/targets/php/repo/ext/date/lib -I/magma/targets/php/repo/oniguruma/src -I/magma/targets/php/repo/ext/mbstring/libmbfl -I/magma/targets/php/repo/ext/mbstring/libmbfl/mbfl -I/magma/targets/php/repo/TSRM -I/magma/targets/php/repo/Zend    -fno-common -Wformat-truncation -Wall -Wextra -Wno-strict-aliasing -Wno-unused-parameter -Wno-sign-compare -g -O2 -fvisibility=hidden -DZEND_SIGNALS  -include /magma/magma/src/canary.h -DMAGMA_ENABLE_CANARIES    -g -O0 -fno-sanitize=object-size -DZEND_ENABLE_STATIC_TSRMLS_CACHE=1 -c /magma/targets/php/repo/ext/standard/http_fopen_wrapper.c -o ext/standard/http_fopen_wrapper.lo  -MMD -MF ext/standard/http_fopen_wrapper.dep -MT ext/standard/http_fopen_wrapper.lo
#23 44.98 /bin/bash /magma/targets/php/repo/libtool --silent --preserve-dup-deps --tag CC --mode=compile /magma/fuzzers/aflplusplus_lto_entropy/repo/afl-clang-lto -Iext/standard/ -I/magma/targets/php/repo/ext/standard/ -I/magma/targets/php/repo/include -I/magma/targets/php/repo/main -I/magma/targets/php/repo -I/magma/targets/php/repo/ext/date/lib -I/magma/targets/php/repo/oniguruma/src -I/magma/targets/php/repo/ext/mbstring/libmbfl -I/magma/targets/php/repo/ext/mbstring/libmbfl/mbfl -I/magma/targets/php/repo/TSRM -I/magma/targets/php/repo/Zend    -fno-common -Wformat-truncation -Wall -Wextra -Wno-strict-aliasing -Wno-unused-parameter -Wno-sign-compare -g -O2 -fvisibility=hidden -DZEND_SIGNALS  -include /magma/magma/src/canary.h -DMAGMA_ENABLE_CANARIES    -g -O0 -fno-sanitize=object-size -DZEND_ENABLE_STATIC_TSRMLS_CACHE=1 -c /magma/targets/php/repo/ext/standard/php_fopen_wrapper.c -o ext/standard/php_fopen_wrapper.lo  -MMD -MF ext/standard/php_fopen_wrapper.dep -MT ext/standard/php_fopen_wrapper.lo
#23 44.98 /bin/bash /magma/targets/php/repo/libtool --silent --preserve-dup-deps --tag CC --mode=compile /magma/fuzzers/aflplusplus_lto_entropy/repo/afl-clang-lto -Iext/standard/ -I/magma/targets/php/repo/ext/standard/ -I/magma/targets/php/repo/include -I/magma/targets/php/repo/main -I/magma/targets/php/repo -I/magma/targets/php/repo/ext/date/lib -I/magma/targets/php/repo/oniguruma/src -I/magma/targets/php/repo/ext/mbstring/libmbfl -I/magma/targets/php/repo/ext/mbstring/libmbfl/mbfl -I/magma/targets/php/repo/TSRM -I/magma/targets/php/repo/Zend    -fno-common -Wformat-truncation -Wall -Wextra -Wno-strict-aliasing -Wno-unused-parameter -Wno-sign-compare -g -O2 -fvisibility=hidden -DZEND_SIGNALS  -include /magma/magma/src/canary.h -DMAGMA_ENABLE_CANARIES    -g -O0 -fno-sanitize=object-size -DZEND_ENABLE_STATIC_TSRMLS_CACHE=1 -c /magma/targets/php/repo/ext/standard/credits.c -o ext/standard/credits.lo  -MMD -MF ext/standard/credits.dep -MT ext/standard/credits.lo
#23 44.99 /bin/bash /magma/targets/php/repo/libtool --silent --preserve-dup-deps --tag CC --mode=compile /magma/fuzzers/aflplusplus_lto_entropy/repo/afl-clang-lto -Iext/standard/ -I/magma/targets/php/repo/ext/standard/ -I/magma/targets/php/repo/include -I/magma/targets/php/repo/main -I/magma/targets/php/repo -I/magma/targets/php/repo/ext/date/lib -I/magma/targets/php/repo/oniguruma/src -I/magma/targets/php/repo/ext/mbstring/libmbfl -I/magma/targets/php/repo/ext/mbstring/libmbfl/mbfl -I/magma/targets/php/repo/TSRM -I/magma/targets/php/repo/Zend    -fno-common -Wformat-truncation -Wall -Wextra -Wno-strict-aliasing -Wno-unused-parameter -Wno-sign-compare -g -O2 -fvisibility=hidden -DZEND_SIGNALS  -include /magma/magma/src/canary.h -DMAGMA_ENABLE_CANARIES    -g -O0 -fno-sanitize=object-size -DZEND_ENABLE_STATIC_TSRMLS_CACHE=1 -c /magma/targets/php/repo/ext/standard/css.c -o ext/standard/css.lo  -MMD -MF ext/standard/css.dep -MT ext/standard/css.lo
#23 45.01 /bin/bash /magma/targets/php/repo/libtool --silent --preserve-dup-deps --tag CC --mode=compile /magma/fuzzers/aflplusplus_lto_entropy/repo/afl-clang-lto -Iext/standard/ -I/magma/targets/php/repo/ext/standard/ -I/magma/targets/php/repo/include -I/magma/targets/php/repo/main -I/magma/targets/php/repo -I/magma/targets/php/repo/ext/date/lib -I/magma/targets/php/repo/oniguruma/src -I/magma/targets/php/repo/ext/mbstring/libmbfl -I/magma/targets/php/repo/ext/mbstring/libmbfl/mbfl -I/magma/targets/php/repo/TSRM -I/magma/targets/php/repo/Zend    -fno-common -Wformat-truncation -Wall -Wextra -Wno-strict-aliasing -Wno-unused-parameter -Wno-sign-compare -g -O2 -fvisibility=hidden -DZEND_SIGNALS  -include /magma/magma/src/canary.h -DMAGMA_ENABLE_CANARIES    -g -O0 -fno-sanitize=object-size -DZEND_ENABLE_STATIC_TSRMLS_CACHE=1 -c /magma/targets/php/repo/ext/standard/ftok.c -o ext/standard/ftok.lo  -MMD -MF ext/standard/ftok.dep -MT ext/standard/ftok.lo
#23 45.02 /bin/bash /magma/targets/php/repo/libtool --silent --preserve-dup-deps --tag CC --mode=compile /magma/fuzzers/aflplusplus_lto_entropy/repo/afl-clang-lto -Iext/standard/ -I/magma/targets/php/repo/ext/standard/ -I/magma/targets/php/repo/include -I/magma/targets/php/repo/main -I/magma/targets/php/repo -I/magma/targets/php/repo/ext/date/lib -I/magma/targets/php/repo/oniguruma/src -I/magma/targets/php/repo/ext/mbstring/libmbfl -I/magma/targets/php/repo/ext/mbstring/libmbfl/mbfl -I/magma/targets/php/repo/TSRM -I/magma/targets/php/repo/Zend    -fno-common -Wformat-truncation -Wall -Wextra -Wno-strict-aliasing -Wno-unused-parameter -Wno-sign-compare -g -O2 -fvisibility=hidden -DZEND_SIGNALS  -include /magma/magma/src/canary.h -DMAGMA_ENABLE_CANARIES    -g -O0 -fno-sanitize=object-size -DZEND_ENABLE_STATIC_TSRMLS_CACHE=1 -c /magma/targets/php/repo/ext/standard/sha1.c -o ext/standard/sha1.lo  -MMD -MF ext/standard/sha1.dep -MT ext/standard/sha1.lo
#23 45.07 /bin/bash /magma/targets/php/repo/libtool --silent --preserve-dup-deps --tag CC --mode=compile /magma/fuzzers/aflplusplus_lto_entropy/repo/afl-clang-lto -Iext/standard/ -I/magma/targets/php/repo/ext/standard/ -I/magma/targets/php/repo/include -I/magma/targets/php/repo/main -I/magma/targets/php/repo -I/magma/targets/php/repo/ext/date/lib -I/magma/targets/php/repo/oniguruma/src -I/magma/targets/php/repo/ext/mbstring/libmbfl -I/magma/targets/php/repo/ext/mbstring/libmbfl/mbfl -I/magma/targets/php/repo/TSRM -I/magma/targets/php/repo/Zend    -fno-common -Wformat-truncation -Wall -Wextra -Wno-strict-aliasing -Wno-unused-parameter -Wno-sign-compare -g -O2 -fvisibility=hidden -DZEND_SIGNALS  -include /magma/magma/src/canary.h -DMAGMA_ENABLE_CANARIES    -g -O0 -fno-sanitize=object-size -DZEND_ENABLE_STATIC_TSRMLS_CACHE=1 -c /magma/targets/php/repo/ext/standard/user_filters.c -o ext/standard/user_filters.lo  -MMD -MF ext/standard/user_filters.dep -MT ext/standard/user_filters.lo
#23 45.08 /bin/bash /magma/targets/php/repo/libtool --silent --preserve-dup-deps --tag CC --mode=compile /magma/fuzzers/aflplusplus_lto_entropy/repo/afl-clang-lto -Iext/standard/ -I/magma/targets/php/repo/ext/standard/ -I/magma/targets/php/repo/include -I/magma/targets/php/repo/main -I/magma/targets/php/repo -I/magma/targets/php/repo/ext/date/lib -I/magma/targets/php/repo/oniguruma/src -I/magma/targets/php/repo/ext/mbstring/libmbfl -I/magma/targets/php/repo/ext/mbstring/libmbfl/mbfl -I/magma/targets/php/repo/TSRM -I/magma/targets/php/repo/Zend    -fno-common -Wformat-truncation -Wall -Wextra -Wno-strict-aliasing -Wno-unused-parameter -Wno-sign-compare -g -O2 -fvisibility=hidden -DZEND_SIGNALS  -include /magma/magma/src/canary.h -DMAGMA_ENABLE_CANARIES    -g -O0 -fno-sanitize=object-size -DZEND_ENABLE_STATIC_TSRMLS_CACHE=1 -c /magma/targets/php/repo/ext/standard/uuencode.c -o ext/standard/uuencode.lo  -MMD -MF ext/standard/uuencode.dep -MT ext/standard/uuencode.lo
#23 45.10 /bin/bash /magma/targets/php/repo/libtool --silent --preserve-dup-deps --tag CC --mode=compile /magma/fuzzers/aflplusplus_lto_entropy/repo/afl-clang-lto -Iext/standard/ -I/magma/targets/php/repo/ext/standard/ -I/magma/targets/php/repo/include -I/magma/targets/php/repo/main -I/magma/targets/php/repo -I/magma/targets/php/repo/ext/date/lib -I/magma/targets/php/repo/oniguruma/src -I/magma/targets/php/repo/ext/mbstring/libmbfl -I/magma/targets/php/repo/ext/mbstring/libmbfl/mbfl -I/magma/targets/php/repo/TSRM -I/magma/targets/php/repo/Zend    -fno-common -Wformat-truncation -Wall -Wextra -Wno-strict-aliasing -Wno-unused-parameter -Wno-sign-compare -g -O2 -fvisibility=hidden -DZEND_SIGNALS  -include /magma/magma/src/canary.h -DMAGMA_ENABLE_CANARIES    -g -O0 -fno-sanitize=object-size -DZEND_ENABLE_STATIC_TSRMLS_CACHE=1 -c /magma/targets/php/repo/ext/standard/filters.c -o ext/standard/filters.lo  -MMD -MF ext/standard/filters.dep -MT ext/standard/filters.lo
#23 45.10 /bin/bash /magma/targets/php/repo/libtool --silent --preserve-dup-deps --tag CC --mode=compile /magma/fuzzers/aflplusplus_lto_entropy/repo/afl-clang-lto -Iext/standard/ -I/magma/targets/php/repo/ext/standard/ -I/magma/targets/php/repo/include -I/magma/targets/php/repo/main -I/magma/targets/php/repo -I/magma/targets/php/repo/ext/date/lib -I/magma/targets/php/repo/oniguruma/src -I/magma/targets/php/repo/ext/mbstring/libmbfl -I/magma/targets/php/repo/ext/mbstring/libmbfl/mbfl -I/magma/targets/php/repo/TSRM -I/magma/targets/php/repo/Zend    -fno-common -Wformat-truncation -Wall -Wextra -Wno-strict-aliasing -Wno-unused-parameter -Wno-sign-compare -g -O2 -fvisibility=hidden -DZEND_SIGNALS  -include /magma/magma/src/canary.h -DMAGMA_ENABLE_CANARIES    -g -O0 -fno-sanitize=object-size -DZEND_ENABLE_STATIC_TSRMLS_CACHE=1 -c /magma/targets/php/repo/ext/standard/proc_open.c -o ext/standard/proc_open.lo  -MMD -MF ext/standard/proc_open.dep -MT ext/standard/proc_open.lo
#23 45.10 /bin/bash /magma/targets/php/repo/libtool --silent --preserve-dup-deps --tag CC --mode=compile /magma/fuzzers/aflplusplus_lto_entropy/repo/afl-clang-lto -Iext/standard/ -I/magma/targets/php/repo/ext/standard/ -I/magma/targets/php/repo/include -I/magma/targets/php/repo/main -I/magma/targets/php/repo -I/magma/targets/php/repo/ext/date/lib -I/magma/targets/php/repo/oniguruma/src -I/magma/targets/php/repo/ext/mbstring/libmbfl -I/magma/targets/php/repo/ext/mbstring/libmbfl/mbfl -I/magma/targets/php/repo/TSRM -I/magma/targets/php/repo/Zend    -fno-common -Wformat-truncation -Wall -Wextra -Wno-strict-aliasing -Wno-unused-parameter -Wno-sign-compare -g -O2 -fvisibility=hidden -DZEND_SIGNALS  -include /magma/magma/src/canary.h -DMAGMA_ENABLE_CANARIES    -g -O0 -fno-sanitize=object-size -DZEND_ENABLE_STATIC_TSRMLS_CACHE=1 -c /magma/targets/php/repo/ext/standard/streamsfuncs.c -o ext/standard/streamsfuncs.lo  -MMD -MF ext/standard/streamsfuncs.dep -MT ext/standard/streamsfuncs.lo
#23 45.15 2 warnings generated.
#23 45.18 /bin/bash /magma/targets/php/repo/libtool --silent --preserve-dup-deps --tag CC --mode=compile /magma/fuzzers/aflplusplus_lto_entropy/repo/afl-clang-lto -Iext/standard/ -I/magma/targets/php/repo/ext/standard/ -I/magma/targets/php/repo/include -I/magma/targets/php/repo/main -I/magma/targets/php/repo -I/magma/targets/php/repo/ext/date/lib -I/magma/targets/php/repo/oniguruma/src -I/magma/targets/php/repo/ext/mbstring/libmbfl -I/magma/targets/php/repo/ext/mbstring/libmbfl/mbfl -I/magma/targets/php/repo/TSRM -I/magma/targets/php/repo/Zend    -fno-common -Wformat-truncation -Wall -Wextra -Wno-strict-aliasing -Wno-unused-parameter -Wno-sign-compare -g -O2 -fvisibility=hidden -DZEND_SIGNALS  -include /magma/magma/src/canary.h -DMAGMA_ENABLE_CANARIES    -g -O0 -fno-sanitize=object-size -DZEND_ENABLE_STATIC_TSRMLS_CACHE=1 -c /magma/targets/php/repo/ext/standard/http.c -o ext/standard/http.lo  -MMD -MF ext/standard/http.dep -MT ext/standard/http.lo
#23 45.22 /bin/bash /magma/targets/php/repo/libtool --silent --preserve-dup-deps --tag CC --mode=compile /magma/fuzzers/aflplusplus_lto_entropy/repo/afl-clang-lto -Iext/standard/ -I/magma/targets/php/repo/ext/standard/ -I/magma/targets/php/repo/include -I/magma/targets/php/repo/main -I/magma/targets/php/repo -I/magma/targets/php/repo/ext/date/lib -I/magma/targets/php/repo/oniguruma/src -I/magma/targets/php/repo/ext/mbstring/libmbfl -I/magma/targets/php/repo/ext/mbstring/libmbfl/mbfl -I/magma/targets/php/repo/TSRM -I/magma/targets/php/repo/Zend    -fno-common -Wformat-truncation -Wall -Wextra -Wno-strict-aliasing -Wno-unused-parameter -Wno-sign-compare -g -O2 -fvisibility=hidden -DZEND_SIGNALS  -include /magma/magma/src/canary.h -DMAGMA_ENABLE_CANARIES    -g -O0 -fno-sanitize=object-size -DZEND_ENABLE_STATIC_TSRMLS_CACHE=1 -c /magma/targets/php/repo/ext/standard/password.c -o ext/standard/password.lo  -MMD -MF ext/standard/password.dep -MT ext/standard/password.lo
#23 45.24 /bin/bash /magma/targets/php/repo/libtool --silent --preserve-dup-deps --tag CC --mode=compile /magma/fuzzers/aflplusplus_lto_entropy/repo/afl-clang-lto -Iext/standard/ -I/magma/targets/php/repo/ext/standard/ -I/magma/targets/php/repo/include -I/magma/targets/php/repo/main -I/magma/targets/php/repo -I/magma/targets/php/repo/ext/date/lib -I/magma/targets/php/repo/oniguruma/src -I/magma/targets/php/repo/ext/mbstring/libmbfl -I/magma/targets/php/repo/ext/mbstring/libmbfl/mbfl -I/magma/targets/php/repo/TSRM -I/magma/targets/php/repo/Zend    -fno-common -Wformat-truncation -Wall -Wextra -Wno-strict-aliasing -Wno-unused-parameter -Wno-sign-compare -g -O2 -fvisibility=hidden -DZEND_SIGNALS  -include /magma/magma/src/canary.h -DMAGMA_ENABLE_CANARIES    -g -O0 -fno-sanitize=object-size -DZEND_ENABLE_STATIC_TSRMLS_CACHE=1 -c /magma/targets/php/repo/ext/standard/random.c -o ext/standard/random.lo  -MMD -MF ext/standard/random.dep -MT ext/standard/random.lo
#23 45.24 /bin/bash /magma/targets/php/repo/libtool --silent --preserve-dup-deps --tag CC --mode=compile /magma/fuzzers/aflplusplus_lto_entropy/repo/afl-clang-lto -Iext/standard/ -I/magma/targets/php/repo/ext/standard/ -I/magma/targets/php/repo/include -I/magma/targets/php/repo/main -I/magma/targets/php/repo -I/magma/targets/php/repo/ext/date/lib -I/magma/targets/php/repo/oniguruma/src -I/magma/targets/php/repo/ext/mbstring/libmbfl -I/magma/targets/php/repo/ext/mbstring/libmbfl/mbfl -I/magma/targets/php/repo/TSRM -I/magma/targets/php/repo/Zend    -fno-common -Wformat-truncation -Wall -Wextra -Wno-strict-aliasing -Wno-unused-parameter -Wno-sign-compare -g -O2 -fvisibility=hidden -DZEND_SIGNALS  -include /magma/magma/src/canary.h -DMAGMA_ENABLE_CANARIES    -g -O0 -fno-sanitize=object-size -DZEND_ENABLE_STATIC_TSRMLS_CACHE=1 -c /magma/targets/php/repo/ext/standard/net.c -o ext/standard/net.lo  -MMD -MF ext/standard/net.dep -MT ext/standard/net.lo
#23 45.24 /bin/bash /magma/targets/php/repo/libtool --silent --preserve-dup-deps --tag CC --mode=compile /magma/fuzzers/aflplusplus_lto_entropy/repo/afl-clang-lto -Iext/standard/ -I/magma/targets/php/repo/ext/standard/ -I/magma/targets/php/repo/include -I/magma/targets/php/repo/main -I/magma/targets/php/repo -I/magma/targets/php/repo/ext/date/lib -I/magma/targets/php/repo/oniguruma/src -I/magma/targets/php/repo/ext/mbstring/libmbfl -I/magma/targets/php/repo/ext/mbstring/libmbfl/mbfl -I/magma/targets/php/repo/TSRM -I/magma/targets/php/repo/Zend    -fno-common -Wformat-truncation -Wall -Wextra -Wno-strict-aliasing -Wno-unused-parameter -Wno-sign-compare -g -O2 -fvisibility=hidden -DZEND_SIGNALS  -include /magma/magma/src/canary.h -DMAGMA_ENABLE_CANARIES    -g -O0 -fno-sanitize=object-size -DZEND_ENABLE_STATIC_TSRMLS_CACHE=1 -c /magma/targets/php/repo/ext/standard/hrtime.c -o ext/standard/hrtime.lo  -MMD -MF ext/standard/hrtime.dep -MT ext/standard/hrtime.lo
#23 45.25 /bin/bash /magma/targets/php/repo/libtool --silent --preserve-dup-deps --tag CC --mode=compile /magma/fuzzers/aflplusplus_lto_entropy/repo/afl-clang-lto -Iext/standard/ -I/magma/targets/php/repo/ext/standard/ -I/magma/targets/php/repo/include -I/magma/targets/php/repo/main -I/magma/targets/php/repo -I/magma/targets/php/repo/ext/date/lib -I/magma/targets/php/repo/oniguruma/src -I/magma/targets/php/repo/ext/mbstring/libmbfl -I/magma/targets/php/repo/ext/mbstring/libmbfl/mbfl -I/magma/targets/php/repo/TSRM -I/magma/targets/php/repo/Zend    -fno-common -Wformat-truncation -Wall -Wextra -Wno-strict-aliasing -Wno-unused-parameter -Wno-sign-compare -g -O2 -fvisibility=hidden -DZEND_SIGNALS  -include /magma/magma/src/canary.h -DMAGMA_ENABLE_CANARIES    -g -O0 -fno-sanitize=object-size -DZEND_ENABLE_STATIC_TSRMLS_CACHE=1 -c /magma/targets/php/repo/ext/standard/crc32_x86.c -o ext/standard/crc32_x86.lo  -MMD -MF ext/standard/crc32_x86.dep -MT ext/standard/crc32_x86.lo
#23 45.26 /bin/bash /magma/targets/php/repo/libtool --silent --preserve-dup-deps --tag CC --mode=compile /magma/fuzzers/aflplusplus_lto_entropy/repo/afl-clang-lto -IZend/asm/ -I/magma/targets/php/repo/Zend/asm/ -I/magma/targets/php/repo/include -I/magma/targets/php/repo/main -I/magma/targets/php/repo -I/magma/targets/php/repo/ext/date/lib -I/magma/targets/php/repo/oniguruma/src -I/magma/targets/php/repo/ext/mbstring/libmbfl -I/magma/targets/php/repo/ext/mbstring/libmbfl/mbfl -I/magma/targets/php/repo/TSRM -I/magma/targets/php/repo/Zend    -fno-common -Wformat-truncation -Wall -Wextra -Wno-strict-aliasing -Wno-unused-parameter -Wno-sign-compare -g -O2 -fvisibility=hidden -DZEND_SIGNALS   -c /magma/targets/php/repo/Zend/asm/make_x86_64_sysv_elf_gas.S -o Zend/asm/make_x86_64_sysv_elf_gas.lo  -MMD -MF Zend/asm/make_x86_64_sysv_elf_gas.dep -MT Zend/asm/make_x86_64_sysv_elf_gas.lo
#23 45.27 /bin/bash /magma/targets/php/repo/libtool --silent --preserve-dup-deps --tag CC --mode=compile /magma/fuzzers/aflplusplus_lto_entropy/repo/afl-clang-lto -IZend/asm/ -I/magma/targets/php/repo/Zend/asm/ -I/magma/targets/php/repo/include -I/magma/targets/php/repo/main -I/magma/targets/php/repo -I/magma/targets/php/repo/ext/date/lib -I/magma/targets/php/repo/oniguruma/src -I/magma/targets/php/repo/ext/mbstring/libmbfl -I/magma/targets/php/repo/ext/mbstring/libmbfl/mbfl -I/magma/targets/php/repo/TSRM -I/magma/targets/php/repo/Zend    -fno-common -Wformat-truncation -Wall -Wextra -Wno-strict-aliasing -Wno-unused-parameter -Wno-sign-compare -g -O2 -fvisibility=hidden -DZEND_SIGNALS   -c /magma/targets/php/repo/Zend/asm/jump_x86_64_sysv_elf_gas.S -o Zend/asm/jump_x86_64_sysv_elf_gas.lo  -MMD -MF Zend/asm/jump_x86_64_sysv_elf_gas.dep -MT Zend/asm/jump_x86_64_sysv_elf_gas.lo
#23 45.27 /bin/bash /magma/targets/php/repo/libtool --silent --preserve-dup-deps --tag CC --mode=compile /magma/fuzzers/aflplusplus_lto_entropy/repo/afl-clang-lto -ITSRM/ -I/magma/targets/php/repo/TSRM/ -I/magma/targets/php/repo/include -I/magma/targets/php/repo/main -I/magma/targets/php/repo -I/magma/targets/php/repo/ext/date/lib -I/magma/targets/php/repo/oniguruma/src -I/magma/targets/php/repo/ext/mbstring/libmbfl -I/magma/targets/php/repo/ext/mbstring/libmbfl/mbfl -I/magma/targets/php/repo/TSRM -I/magma/targets/php/repo/Zend    -fno-common -Wformat-truncation -Wall -Wextra -Wno-strict-aliasing -Wno-unused-parameter -Wno-sign-compare -g -O2 -fvisibility=hidden -DZEND_SIGNALS  -include /magma/magma/src/canary.h -DMAGMA_ENABLE_CANARIES    -g -O0 -fno-sanitize=object-size -DZEND_ENABLE_STATIC_TSRMLS_CACHE=1 -c /magma/targets/php/repo/TSRM/TSRM.c -o TSRM/TSRM.lo  -MMD -MF TSRM/TSRM.dep -MT TSRM/TSRM.lo
#23 45.28 /bin/bash /magma/targets/php/repo/libtool --silent --preserve-dup-deps --tag CC --mode=compile /magma/fuzzers/aflplusplus_lto_entropy/repo/afl-clang-lto -Imain/ -I/magma/targets/php/repo/main/ -I/magma/targets/php/repo/include -I/magma/targets/php/repo/main -I/magma/targets/php/repo -I/magma/targets/php/repo/ext/date/lib -I/magma/targets/php/repo/oniguruma/src -I/magma/targets/php/repo/ext/mbstring/libmbfl -I/magma/targets/php/repo/ext/mbstring/libmbfl/mbfl -I/magma/targets/php/repo/TSRM -I/magma/targets/php/repo/Zend    -fno-common -Wformat-truncation -Wall -Wextra -Wno-strict-aliasing -Wno-unused-parameter -Wno-sign-compare -g -O2 -fvisibility=hidden -DZEND_SIGNALS  -include /magma/magma/src/canary.h -DMAGMA_ENABLE_CANARIES    -g -O0 -fno-sanitize=object-size -DZEND_ENABLE_STATIC_TSRMLS_CACHE=1 -c /magma/targets/php/repo/main/main.c -o main/main.lo  -MMD -MF main/main.dep -MT main/main.lo
#23 45.28 /bin/bash /magma/targets/php/repo/libtool --silent --preserve-dup-deps --tag CC --mode=compile /magma/fuzzers/aflplusplus_lto_entropy/repo/afl-clang-lto -Imain/ -I/magma/targets/php/repo/main/ -I/magma/targets/php/repo/include -I/magma/targets/php/repo/main -I/magma/targets/php/repo -I/magma/targets/php/repo/ext/date/lib -I/magma/targets/php/repo/oniguruma/src -I/magma/targets/php/repo/ext/mbstring/libmbfl -I/magma/targets/php/repo/ext/mbstring/libmbfl/mbfl -I/magma/targets/php/repo/TSRM -I/magma/targets/php/repo/Zend    -fno-common -Wformat-truncation -Wall -Wextra -Wno-strict-aliasing -Wno-unused-parameter -Wno-sign-compare -g -O2 -fvisibility=hidden -DZEND_SIGNALS  -include /magma/magma/src/canary.h -DMAGMA_ENABLE_CANARIES    -g -O0 -fno-sanitize=object-size -DZEND_ENABLE_STATIC_TSRMLS_CACHE=1 -c /magma/targets/php/repo/main/snprintf.c -o main/snprintf.lo  -MMD -MF main/snprintf.dep -MT main/snprintf.lo
#23 45.29 /bin/bash /magma/targets/php/repo/libtool --silent --preserve-dup-deps --tag CC --mode=compile /magma/fuzzers/aflplusplus_lto_entropy/repo/afl-clang-lto -Imain/ -I/magma/targets/php/repo/main/ -I/magma/targets/php/repo/include -I/magma/targets/php/repo/main -I/magma/targets/php/repo -I/magma/targets/php/repo/ext/date/lib -I/magma/targets/php/repo/oniguruma/src -I/magma/targets/php/repo/ext/mbstring/libmbfl -I/magma/targets/php/repo/ext/mbstring/libmbfl/mbfl -I/magma/targets/php/repo/TSRM -I/magma/targets/php/repo/Zend    -fno-common -Wformat-truncation -Wall -Wextra -Wno-strict-aliasing -Wno-unused-parameter -Wno-sign-compare -g -O2 -fvisibility=hidden -DZEND_SIGNALS  -include /magma/magma/src/canary.h -DMAGMA_ENABLE_CANARIES    -g -O0 -fno-sanitize=object-size -DZEND_ENABLE_STATIC_TSRMLS_CACHE=1 -c /magma/targets/php/repo/main/spprintf.c -o main/spprintf.lo  -MMD -MF main/spprintf.dep -MT main/spprintf.lo
#23 45.29 /bin/bash /magma/targets/php/repo/libtool --silent --preserve-dup-deps --tag CC --mode=compile /magma/fuzzers/aflplusplus_lto_entropy/repo/afl-clang-lto -Imain/ -I/magma/targets/php/repo/main/ -I/magma/targets/php/repo/include -I/magma/targets/php/repo/main -I/magma/targets/php/repo -I/magma/targets/php/repo/ext/date/lib -I/magma/targets/php/repo/oniguruma/src -I/magma/targets/php/repo/ext/mbstring/libmbfl -I/magma/targets/php/repo/ext/mbstring/libmbfl/mbfl -I/magma/targets/php/repo/TSRM -I/magma/targets/php/repo/Zend    -fno-common -Wformat-truncation -Wall -Wextra -Wno-strict-aliasing -Wno-unused-parameter -Wno-sign-compare -g -O2 -fvisibility=hidden -DZEND_SIGNALS  -include /magma/magma/src/canary.h -DMAGMA_ENABLE_CANARIES    -g -O0 -fno-sanitize=object-size -DZEND_ENABLE_STATIC_TSRMLS_CACHE=1 -c /magma/targets/php/repo/main/fopen_wrappers.c -o main/fopen_wrappers.lo  -MMD -MF main/fopen_wrappers.dep -MT main/fopen_wrappers.lo
#23 45.31 /bin/bash /magma/targets/php/repo/libtool --silent --preserve-dup-deps --tag CC --mode=compile /magma/fuzzers/aflplusplus_lto_entropy/repo/afl-clang-lto -Imain/ -I/magma/targets/php/repo/main/ -I/magma/targets/php/repo/include -I/magma/targets/php/repo/main -I/magma/targets/php/repo -I/magma/targets/php/repo/ext/date/lib -I/magma/targets/php/repo/oniguruma/src -I/magma/targets/php/repo/ext/mbstring/libmbfl -I/magma/targets/php/repo/ext/mbstring/libmbfl/mbfl -I/magma/targets/php/repo/TSRM -I/magma/targets/php/repo/Zend    -fno-common -Wformat-truncation -Wall -Wextra -Wno-strict-aliasing -Wno-unused-parameter -Wno-sign-compare -g -O2 -fvisibility=hidden -DZEND_SIGNALS  -include /magma/magma/src/canary.h -DMAGMA_ENABLE_CANARIES    -g -O0 -fno-sanitize=object-size -DZEND_ENABLE_STATIC_TSRMLS_CACHE=1 -c /magma/targets/php/repo/main/alloca.c -o main/alloca.lo  -MMD -MF main/alloca.dep -MT main/alloca.lo
#23 45.32 /bin/bash /magma/targets/php/repo/libtool --silent --preserve-dup-deps --tag CC --mode=compile /magma/fuzzers/aflplusplus_lto_entropy/repo/afl-clang-lto -Imain/ -I/magma/targets/php/repo/main/ -I/magma/targets/php/repo/include -I/magma/targets/php/repo/main -I/magma/targets/php/repo -I/magma/targets/php/repo/ext/date/lib -I/magma/targets/php/repo/oniguruma/src -I/magma/targets/php/repo/ext/mbstring/libmbfl -I/magma/targets/php/repo/ext/mbstring/libmbfl/mbfl -I/magma/targets/php/repo/TSRM -I/magma/targets/php/repo/Zend    -fno-common -Wformat-truncation -Wall -Wextra -Wno-strict-aliasing -Wno-unused-parameter -Wno-sign-compare -g -O2 -fvisibility=hidden -DZEND_SIGNALS  -include /magma/magma/src/canary.h -DMAGMA_ENABLE_CANARIES    -g -O0 -fno-sanitize=object-size -DZEND_ENABLE_STATIC_TSRMLS_CACHE=1 -c /magma/targets/php/repo/main/php_scandir.c -o main/php_scandir.lo  -MMD -MF main/php_scandir.dep -MT main/php_scandir.lo
#23 45.33 /bin/bash /magma/targets/php/repo/libtool --silent --preserve-dup-deps --tag CC --mode=compile /magma/fuzzers/aflplusplus_lto_entropy/repo/afl-clang-lto -Imain/ -I/magma/targets/php/repo/main/ -I/magma/targets/php/repo/include -I/magma/targets/php/repo/main -I/magma/targets/php/repo -I/magma/targets/php/repo/ext/date/lib -I/magma/targets/php/repo/oniguruma/src -I/magma/targets/php/repo/ext/mbstring/libmbfl -I/magma/targets/php/repo/ext/mbstring/libmbfl/mbfl -I/magma/targets/php/repo/TSRM -I/magma/targets/php/repo/Zend    -fno-common -Wformat-truncation -Wall -Wextra -Wno-strict-aliasing -Wno-unused-parameter -Wno-sign-compare -g -O2 -fvisibility=hidden -DZEND_SIGNALS  -include /magma/magma/src/canary.h -DMAGMA_ENABLE_CANARIES    -g -O0 -fno-sanitize=object-size -DZEND_ENABLE_STATIC_TSRMLS_CACHE=1 -c /magma/targets/php/repo/main/php_ini.c -o main/php_ini.lo  -MMD -MF main/php_ini.dep -MT main/php_ini.lo
#23 45.33 /bin/bash /magma/targets/php/repo/libtool --silent --preserve-dup-deps --tag CC --mode=compile /magma/fuzzers/aflplusplus_lto_entropy/repo/afl-clang-lto -Imain/ -I/magma/targets/php/repo/main/ -I/magma/targets/php/repo/include -I/magma/targets/php/repo/main -I/magma/targets/php/repo -I/magma/targets/php/repo/ext/date/lib -I/magma/targets/php/repo/oniguruma/src -I/magma/targets/php/repo/ext/mbstring/libmbfl -I/magma/targets/php/repo/ext/mbstring/libmbfl/mbfl -I/magma/targets/php/repo/TSRM -I/magma/targets/php/repo/Zend    -fno-common -Wformat-truncation -Wall -Wextra -Wno-strict-aliasing -Wno-unused-parameter -Wno-sign-compare -g -O2 -fvisibility=hidden -DZEND_SIGNALS  -include /magma/magma/src/canary.h -DMAGMA_ENABLE_CANARIES    -g -O0 -fno-sanitize=object-size -DZEND_ENABLE_STATIC_TSRMLS_CACHE=1 -c /magma/targets/php/repo/main/SAPI.c -o main/SAPI.lo  -MMD -MF main/SAPI.dep -MT main/SAPI.lo
#23 45.34 /magma/targets/php/repo/ext/phar/phar.c:1064:15: warning: variable 'tmp_len' is uninitialized when used here [-Wuninitialized]
#23 45.35  1064 |         if (buffer + tmp_len > endbuffer) {
#23 45.35       |                      ^~~~~~~
#23 45.35 /magma/targets/php/repo/ext/phar/phar.c:735:80: note: initialize the variable 'tmp_len' to silence this warning
#23 45.35   735 |         uint32_t manifest_len, manifest_count, manifest_flags, manifest_index, tmp_len, sig_flags;
#23 45.35       |                                                                                       ^
#23 45.35       |                                                                                        = 0
#23 45.37 /bin/bash /magma/targets/php/repo/libtool --silent --preserve-dup-deps --tag CC --mode=compile /magma/fuzzers/aflplusplus_lto_entropy/repo/afl-clang-lto -Imain/ -I/magma/targets/php/repo/main/ -I/magma/targets/php/repo/include -I/magma/targets/php/repo/main -I/magma/targets/php/repo -I/magma/targets/php/repo/ext/date/lib -I/magma/targets/php/repo/oniguruma/src -I/magma/targets/php/repo/ext/mbstring/libmbfl -I/magma/targets/php/repo/ext/mbstring/libmbfl/mbfl -I/magma/targets/php/repo/TSRM -I/magma/targets/php/repo/Zend    -fno-common -Wformat-truncation -Wall -Wextra -Wno-strict-aliasing -Wno-unused-parameter -Wno-sign-compare -g -O2 -fvisibility=hidden -DZEND_SIGNALS  -include /magma/magma/src/canary.h -DMAGMA_ENABLE_CANARIES    -g -O0 -fno-sanitize=object-size -DZEND_ENABLE_STATIC_TSRMLS_CACHE=1 -c /magma/targets/php/repo/main/rfc1867.c -o main/rfc1867.lo  -MMD -MF main/rfc1867.dep -MT main/rfc1867.lo
#23 45.38 /magma/targets/php/repo/ext/standard/crypt_sha256.c:374:11: warning: performing pointer subtraction with a null pointer has undefined behavior [-Wnull-pointer-subtraction]
#23 45.38   374 |         if ((key - (char *) 0) % __alignof__ (uint32_t) != 0) {
#23 45.38       |                  ^ ~~~~~~~~~~
#23 45.38 /magma/targets/php/repo/ext/standard/crypt_sha256.c:376:64: warning: performing pointer subtraction with a null pointer has undefined behavior [-Wnull-pointer-subtraction]
#23 45.38   376 |                 key = copied_key = memcpy(tmp + __alignof__(uint32_t) - (tmp - (char *) 0) % __alignof__(uint32_t), key, key_len);
#23 45.38       |                                                                              ^ ~~~~~~~~~~
#23 45.38 /magma/targets/php/repo/ext/standard/crypt_sha256.c:379:12: warning: performing pointer subtraction with a null pointer has undefined behavior [-Wnull-pointer-subtraction]
#23 45.38   379 |         if ((salt - (char *) 0) % __alignof__(uint32_t) != 0) {
#23 45.38       |                   ^ ~~~~~~~~~~
#23 45.38 /magma/targets/php/repo/ext/standard/crypt_sha256.c:382:45: warning: performing pointer subtraction with a null pointer has undefined behavior [-Wnull-pointer-subtraction]
#23 45.38   382 |                 memcpy(tmp + __alignof__(uint32_t) - (tmp - (char *) 0) % __alignof__ (uint32_t), salt, salt_len);
#23 45.38       |                                                           ^ ~~~~~~~~~~
#23 45.39 4 warnings generated.
#23 45.40 /bin/bash /magma/targets/php/repo/libtool --silent --preserve-dup-deps --tag CC --mode=compile /magma/fuzzers/aflplusplus_lto_entropy/repo/afl-clang-lto -Imain/ -I/magma/targets/php/repo/main/ -I/magma/targets/php/repo/include -I/magma/targets/php/repo/main -I/magma/targets/php/repo -I/magma/targets/php/repo/ext/date/lib -I/magma/targets/php/repo/oniguruma/src -I/magma/targets/php/repo/ext/mbstring/libmbfl -I/magma/targets/php/repo/ext/mbstring/libmbfl/mbfl -I/magma/targets/php/repo/TSRM -I/magma/targets/php/repo/Zend    -fno-common -Wformat-truncation -Wall -Wextra -Wno-strict-aliasing -Wno-unused-parameter -Wno-sign-compare -g -O2 -fvisibility=hidden -DZEND_SIGNALS  -include /magma/magma/src/canary.h -DMAGMA_ENABLE_CANARIES    -g -O0 -fno-sanitize=object-size -DZEND_ENABLE_STATIC_TSRMLS_CACHE=1 -c /magma/targets/php/repo/main/php_content_types.c -o main/php_content_types.lo  -MMD -MF main/php_content_types.dep -MT main/php_content_types.lo
#23 45.40 /bin/bash /magma/targets/php/repo/libtool --silent --preserve-dup-deps --tag CC --mode=compile /magma/fuzzers/aflplusplus_lto_entropy/repo/afl-clang-lto -Imain/ -I/magma/targets/php/repo/main/ -I/magma/targets/php/repo/include -I/magma/targets/php/repo/main -I/magma/targets/php/repo -I/magma/targets/php/repo/ext/date/lib -I/magma/targets/php/repo/oniguruma/src -I/magma/targets/php/repo/ext/mbstring/libmbfl -I/magma/targets/php/repo/ext/mbstring/libmbfl/mbfl -I/magma/targets/php/repo/TSRM -I/magma/targets/php/repo/Zend    -fno-common -Wformat-truncation -Wall -Wextra -Wno-strict-aliasing -Wno-unused-parameter -Wno-sign-compare -g -O2 -fvisibility=hidden -DZEND_SIGNALS  -include /magma/magma/src/canary.h -DMAGMA_ENABLE_CANARIES    -g -O0 -fno-sanitize=object-size -DZEND_ENABLE_STATIC_TSRMLS_CACHE=1 -c /magma/targets/php/repo/main/strlcpy.c -o main/strlcpy.lo  -MMD -MF main/strlcpy.dep -MT main/strlcpy.lo
#23 45.41 /bin/bash /magma/targets/php/repo/libtool --silent --preserve-dup-deps --tag CC --mode=compile /magma/fuzzers/aflplusplus_lto_entropy/repo/afl-clang-lto -Imain/ -I/magma/targets/php/repo/main/ -I/magma/targets/php/repo/include -I/magma/targets/php/repo/main -I/magma/targets/php/repo -I/magma/targets/php/repo/ext/date/lib -I/magma/targets/php/repo/oniguruma/src -I/magma/targets/php/repo/ext/mbstring/libmbfl -I/magma/targets/php/repo/ext/mbstring/libmbfl/mbfl -I/magma/targets/php/repo/TSRM -I/magma/targets/php/repo/Zend    -fno-common -Wformat-truncation -Wall -Wextra -Wno-strict-aliasing -Wno-unused-parameter -Wno-sign-compare -g -O2 -fvisibility=hidden -DZEND_SIGNALS  -include /magma/magma/src/canary.h -DMAGMA_ENABLE_CANARIES    -g -O0 -fno-sanitize=object-size -DZEND_ENABLE_STATIC_TSRMLS_CACHE=1 -c /magma/targets/php/repo/main/strlcat.c -o main/strlcat.lo  -MMD -MF main/strlcat.dep -MT main/strlcat.lo
#23 45.42 /bin/bash /magma/targets/php/repo/libtool --silent --preserve-dup-deps --tag CC --mode=compile /magma/fuzzers/aflplusplus_lto_entropy/repo/afl-clang-lto -Imain/ -I/magma/targets/php/repo/main/ -I/magma/targets/php/repo/include -I/magma/targets/php/repo/main -I/magma/targets/php/repo -I/magma/targets/php/repo/ext/date/lib -I/magma/targets/php/repo/oniguruma/src -I/magma/targets/php/repo/ext/mbstring/libmbfl -I/magma/targets/php/repo/ext/mbstring/libmbfl/mbfl -I/magma/targets/php/repo/TSRM -I/magma/targets/php/repo/Zend    -fno-common -Wformat-truncation -Wall -Wextra -Wno-strict-aliasing -Wno-unused-parameter -Wno-sign-compare -g -O2 -fvisibility=hidden -DZEND_SIGNALS  -include /magma/magma/src/canary.h -DMAGMA_ENABLE_CANARIES    -g -O0 -fno-sanitize=object-size -DZEND_ENABLE_STATIC_TSRMLS_CACHE=1 -c /magma/targets/php/repo/main/explicit_bzero.c -o main/explicit_bzero.lo  -MMD -MF main/explicit_bzero.dep -MT main/explicit_bzero.lo
#23 45.43 /bin/bash /magma/targets/php/repo/libtool --silent --preserve-dup-deps --tag CC --mode=compile /magma/fuzzers/aflplusplus_lto_entropy/repo/afl-clang-lto -Imain/ -I/magma/targets/php/repo/main/ -I/magma/targets/php/repo/include -I/magma/targets/php/repo/main -I/magma/targets/php/repo -I/magma/targets/php/repo/ext/date/lib -I/magma/targets/php/repo/oniguruma/src -I/magma/targets/php/repo/ext/mbstring/libmbfl -I/magma/targets/php/repo/ext/mbstring/libmbfl/mbfl -I/magma/targets/php/repo/TSRM -I/magma/targets/php/repo/Zend    -fno-common -Wformat-truncation -Wall -Wextra -Wno-strict-aliasing -Wno-unused-parameter -Wno-sign-compare -g -O2 -fvisibility=hidden -DZEND_SIGNALS  -include /magma/magma/src/canary.h -DMAGMA_ENABLE_CANARIES    -g -O0 -fno-sanitize=object-size -DZEND_ENABLE_STATIC_TSRMLS_CACHE=1 -c /magma/targets/php/repo/main/reentrancy.c -o main/reentrancy.lo  -MMD -MF main/reentrancy.dep -MT main/reentrancy.lo
#23 45.44 /magma/targets/php/repo/ext/standard/crypt_sha512.c:408:11: warning: performing pointer subtraction with a null pointer has undefined behavior [-Wnull-pointer-subtraction]
#23 45.44   408 |         if ((key - (char *) 0) % __alignof__ (uint64_t) != 0) {
#23 45.44       |                  ^ ~~~~~~~~~~
#23 45.44 /magma/targets/php/repo/ext/standard/crypt_sha512.c:411:45: warning: performing pointer subtraction with a null pointer has undefined behavior [-Wnull-pointer-subtraction]
#23 45.44   411 |                 memcpy(tmp + __alignof__(uint64_t) - (tmp - (char *) 0) % __alignof__(uint64_t), key, key_len);
#23 45.44       |                                                           ^ ~~~~~~~~~~
#23 45.44 /magma/targets/php/repo/ext/standard/crypt_sha512.c:414:12: warning: performing pointer subtraction with a null pointer has undefined behavior [-Wnull-pointer-subtraction]
#23 45.44   414 |         if ((salt - (char *) 0) % __alignof__ (uint64_t) != 0) {
#23 45.44       |                   ^ ~~~~~~~~~~
#23 45.44 /magma/targets/php/repo/ext/standard/crypt_sha512.c:416:66: warning: performing pointer subtraction with a null pointer has undefined behavior [-Wnull-pointer-subtraction]
#23 45.44   416 |                 salt = copied_salt = memcpy(tmp + __alignof__(uint64_t) - (tmp - (char *) 0) % __alignof__(uint64_t), salt, salt_len);
#23 45.44       |                                                                                ^ ~~~~~~~~~~
#23 45.45 /bin/bash /magma/targets/php/repo/libtool --silent --preserve-dup-deps --tag CC --mode=compile /magma/fuzzers/aflplusplus_lto_entropy/repo/afl-clang-lto -Imain/ -I/magma/targets/php/repo/main/ -I/magma/targets/php/repo/include -I/magma/targets/php/repo/main -I/magma/targets/php/repo -I/magma/targets/php/repo/ext/date/lib -I/magma/targets/php/repo/oniguruma/src -I/magma/targets/php/repo/ext/mbstring/libmbfl -I/magma/targets/php/repo/ext/mbstring/libmbfl/mbfl -I/magma/targets/php/repo/TSRM -I/magma/targets/php/repo/Zend    -fno-common -Wformat-truncation -Wall -Wextra -Wno-strict-aliasing -Wno-unused-parameter -Wno-sign-compare -g -O2 -fvisibility=hidden -DZEND_SIGNALS  -include /magma/magma/src/canary.h -DMAGMA_ENABLE_CANARIES    -g -O0 -fno-sanitize=object-size -DZEND_ENABLE_STATIC_TSRMLS_CACHE=1 -c /magma/targets/php/repo/main/php_variables.c -o main/php_variables.lo  -MMD -MF main/php_variables.dep -MT main/php_variables.lo
#23 45.46 4 warnings generated.
#23 45.46 /bin/bash /magma/targets/php/repo/libtool --silent --preserve-dup-deps --tag CC --mode=compile /magma/fuzzers/aflplusplus_lto_entropy/repo/afl-clang-lto -Imain/ -I/magma/targets/php/repo/main/ -I/magma/targets/php/repo/include -I/magma/targets/php/repo/main -I/magma/targets/php/repo -I/magma/targets/php/repo/ext/date/lib -I/magma/targets/php/repo/oniguruma/src -I/magma/targets/php/repo/ext/mbstring/libmbfl -I/magma/targets/php/repo/ext/mbstring/libmbfl/mbfl -I/magma/targets/php/repo/TSRM -I/magma/targets/php/repo/Zend    -fno-common -Wformat-truncation -Wall -Wextra -Wno-strict-aliasing -Wno-unused-parameter -Wno-sign-compare -g -O2 -fvisibility=hidden -DZEND_SIGNALS  -include /magma/magma/src/canary.h -DMAGMA_ENABLE_CANARIES    -g -O0 -fno-sanitize=object-size -DZEND_ENABLE_STATIC_TSRMLS_CACHE=1 -c /magma/targets/php/repo/main/php_ticks.c -o main/php_ticks.lo  -MMD -MF main/php_ticks.dep -MT main/php_ticks.lo
#23 45.46 /bin/bash /magma/targets/php/repo/libtool --silent --preserve-dup-deps --tag CC --mode=compile /magma/fuzzers/aflplusplus_lto_entropy/repo/afl-clang-lto -Imain/ -I/magma/targets/php/repo/main/ -I/magma/targets/php/repo/include -I/magma/targets/php/repo/main -I/magma/targets/php/repo -I/magma/targets/php/repo/ext/date/lib -I/magma/targets/php/repo/oniguruma/src -I/magma/targets/php/repo/ext/mbstring/libmbfl -I/magma/targets/php/repo/ext/mbstring/libmbfl/mbfl -I/magma/targets/php/repo/TSRM -I/magma/targets/php/repo/Zend    -fno-common -Wformat-truncation -Wall -Wextra -Wno-strict-aliasing -Wno-unused-parameter -Wno-sign-compare -g -O2 -fvisibility=hidden -DZEND_SIGNALS  -include /magma/magma/src/canary.h -DMAGMA_ENABLE_CANARIES    -g -O0 -fno-sanitize=object-size -DZEND_ENABLE_STATIC_TSRMLS_CACHE=1 -c /magma/targets/php/repo/main/network.c -o main/network.lo  -MMD -MF main/network.dep -MT main/network.lo
#23 45.47 /bin/bash /magma/targets/php/repo/libtool --silent --preserve-dup-deps --tag CC --mode=compile /magma/fuzzers/aflplusplus_lto_entropy/repo/afl-clang-lto -Imain/ -I/magma/targets/php/repo/main/ -I/magma/targets/php/repo/include -I/magma/targets/php/repo/main -I/magma/targets/php/repo -I/magma/targets/php/repo/ext/date/lib -I/magma/targets/php/repo/oniguruma/src -I/magma/targets/php/repo/ext/mbstring/libmbfl -I/magma/targets/php/repo/ext/mbstring/libmbfl/mbfl -I/magma/targets/php/repo/TSRM -I/magma/targets/php/repo/Zend    -fno-common -Wformat-truncation -Wall -Wextra -Wno-strict-aliasing -Wno-unused-parameter -Wno-sign-compare -g -O2 -fvisibility=hidden -DZEND_SIGNALS  -include /magma/magma/src/canary.h -DMAGMA_ENABLE_CANARIES    -g -O0 -fno-sanitize=object-size -DZEND_ENABLE_STATIC_TSRMLS_CACHE=1 -c /magma/targets/php/repo/main/php_open_temporary_file.c -o main/php_open_temporary_file.lo  -MMD -MF main/php_open_temporary_file.dep -MT main/php_open_temporary_file.lo
#23 45.47 /bin/bash /magma/targets/php/repo/libtool --silent --preserve-dup-deps --tag CC --mode=compile /magma/fuzzers/aflplusplus_lto_entropy/repo/afl-clang-lto -Imain/ -I/magma/targets/php/repo/main/ -I/magma/targets/php/repo/include -I/magma/targets/php/repo/main -I/magma/targets/php/repo -I/magma/targets/php/repo/ext/date/lib -I/magma/targets/php/repo/oniguruma/src -I/magma/targets/php/repo/ext/mbstring/libmbfl -I/magma/targets/php/repo/ext/mbstring/libmbfl/mbfl -I/magma/targets/php/repo/TSRM -I/magma/targets/php/repo/Zend    -fno-common -Wformat-truncation -Wall -Wextra -Wno-strict-aliasing -Wno-unused-parameter -Wno-sign-compare -g -O2 -fvisibility=hidden -DZEND_SIGNALS  -include /magma/magma/src/canary.h -DMAGMA_ENABLE_CANARIES    -g -O0 -fno-sanitize=object-size -DZEND_ENABLE_STATIC_TSRMLS_CACHE=1 -c /magma/targets/php/repo/main/output.c -o main/output.lo  -MMD -MF main/output.dep -MT main/output.lo
#23 45.48 /bin/bash /magma/targets/php/repo/libtool --silent --preserve-dup-deps --tag CC --mode=compile /magma/fuzzers/aflplusplus_lto_entropy/repo/afl-clang-lto -Imain/ -I/magma/targets/php/repo/main/ -I/magma/targets/php/repo/include -I/magma/targets/php/repo/main -I/magma/targets/php/repo -I/magma/targets/php/repo/ext/date/lib -I/magma/targets/php/repo/oniguruma/src -I/magma/targets/php/repo/ext/mbstring/libmbfl -I/magma/targets/php/repo/ext/mbstring/libmbfl/mbfl -I/magma/targets/php/repo/TSRM -I/magma/targets/php/repo/Zend    -fno-common -Wformat-truncation -Wall -Wextra -Wno-strict-aliasing -Wno-unused-parameter -Wno-sign-compare -g -O2 -fvisibility=hidden -DZEND_SIGNALS  -include /magma/magma/src/canary.h -DMAGMA_ENABLE_CANARIES    -g -O0 -fno-sanitize=object-size -DZEND_ENABLE_STATIC_TSRMLS_CACHE=1 -c /magma/targets/php/repo/main/getopt.c -o main/getopt.lo  -MMD -MF main/getopt.dep -MT main/getopt.lo
#23 45.49 /bin/bash /magma/targets/php/repo/libtool --silent --preserve-dup-deps --tag CC --mode=compile /magma/fuzzers/aflplusplus_lto_entropy/repo/afl-clang-lto -Imain/ -I/magma/targets/php/repo/main/ -I/magma/targets/php/repo/include -I/magma/targets/php/repo/main -I/magma/targets/php/repo -I/magma/targets/php/repo/ext/date/lib -I/magma/targets/php/repo/oniguruma/src -I/magma/targets/php/repo/ext/mbstring/libmbfl -I/magma/targets/php/repo/ext/mbstring/libmbfl/mbfl -I/magma/targets/php/repo/TSRM -I/magma/targets/php/repo/Zend    -fno-common -Wformat-truncation -Wall -Wextra -Wno-strict-aliasing -Wno-unused-parameter -Wno-sign-compare -g -O2 -fvisibility=hidden -DZEND_SIGNALS  -include /magma/magma/src/canary.h -DMAGMA_ENABLE_CANARIES    -g -O0 -fno-sanitize=object-size -DZEND_ENABLE_STATIC_TSRMLS_CACHE=1 -c /magma/targets/php/repo/main/php_syslog.c -o main/php_syslog.lo  -MMD -MF main/php_syslog.dep -MT main/php_syslog.lo
#23 45.49 /bin/bash /magma/targets/php/repo/libtool --silent --preserve-dup-deps --tag CC --mode=compile /magma/fuzzers/aflplusplus_lto_entropy/repo/afl-clang-lto -Imain/streams/ -I/magma/targets/php/repo/main/streams/ -I/magma/targets/php/repo/include -I/magma/targets/php/repo/main -I/magma/targets/php/repo -I/magma/targets/php/repo/ext/date/lib -I/magma/targets/php/repo/oniguruma/src -I/magma/targets/php/repo/ext/mbstring/libmbfl -I/magma/targets/php/repo/ext/mbstring/libmbfl/mbfl -I/magma/targets/php/repo/TSRM -I/magma/targets/php/repo/Zend    -fno-common -Wformat-truncation -Wall -Wextra -Wno-strict-aliasing -Wno-unused-parameter -Wno-sign-compare -g -O2 -fvisibility=hidden -DZEND_SIGNALS  -include /magma/magma/src/canary.h -DMAGMA_ENABLE_CANARIES    -g -O0 -fno-sanitize=object-size -DZEND_ENABLE_STATIC_TSRMLS_CACHE=1 -c /magma/targets/php/repo/main/streams/streams.c -o main/streams/streams.lo  -MMD -MF main/streams/streams.dep -MT main/streams/streams.lo
#23 45.50 /bin/bash /magma/targets/php/repo/libtool --silent --preserve-dup-deps --tag CC --mode=compile /magma/fuzzers/aflplusplus_lto_entropy/repo/afl-clang-lto -Imain/streams/ -I/magma/targets/php/repo/main/streams/ -I/magma/targets/php/repo/include -I/magma/targets/php/repo/main -I/magma/targets/php/repo -I/magma/targets/php/repo/ext/date/lib -I/magma/targets/php/repo/oniguruma/src -I/magma/targets/php/repo/ext/mbstring/libmbfl -I/magma/targets/php/repo/ext/mbstring/libmbfl/mbfl -I/magma/targets/php/repo/TSRM -I/magma/targets/php/repo/Zend    -fno-common -Wformat-truncation -Wall -Wextra -Wno-strict-aliasing -Wno-unused-parameter -Wno-sign-compare -g -O2 -fvisibility=hidden -DZEND_SIGNALS  -include /magma/magma/src/canary.h -DMAGMA_ENABLE_CANARIES    -g -O0 -fno-sanitize=object-size -DZEND_ENABLE_STATIC_TSRMLS_CACHE=1 -c /magma/targets/php/repo/main/streams/cast.c -o main/streams/cast.lo  -MMD -MF main/streams/cast.dep -MT main/streams/cast.lo
#23 45.50 /bin/bash /magma/targets/php/repo/libtool --silent --preserve-dup-deps --tag CC --mode=compile /magma/fuzzers/aflplusplus_lto_entropy/repo/afl-clang-lto -Imain/streams/ -I/magma/targets/php/repo/main/streams/ -I/magma/targets/php/repo/include -I/magma/targets/php/repo/main -I/magma/targets/php/repo -I/magma/targets/php/repo/ext/date/lib -I/magma/targets/php/repo/oniguruma/src -I/magma/targets/php/repo/ext/mbstring/libmbfl -I/magma/targets/php/repo/ext/mbstring/libmbfl/mbfl -I/magma/targets/php/repo/TSRM -I/magma/targets/php/repo/Zend    -fno-common -Wformat-truncation -Wall -Wextra -Wno-strict-aliasing -Wno-unused-parameter -Wno-sign-compare -g -O2 -fvisibility=hidden -DZEND_SIGNALS  -include /magma/magma/src/canary.h -DMAGMA_ENABLE_CANARIES    -g -O0 -fno-sanitize=object-size -DZEND_ENABLE_STATIC_TSRMLS_CACHE=1 -c /magma/targets/php/repo/main/streams/memory.c -o main/streams/memory.lo  -MMD -MF main/streams/memory.dep -MT main/streams/memory.lo
#23 45.50 /bin/bash /magma/targets/php/repo/libtool --silent --preserve-dup-deps --tag CC --mode=compile /magma/fuzzers/aflplusplus_lto_entropy/repo/afl-clang-lto -Imain/streams/ -I/magma/targets/php/repo/main/streams/ -I/magma/targets/php/repo/include -I/magma/targets/php/repo/main -I/magma/targets/php/repo -I/magma/targets/php/repo/ext/date/lib -I/magma/targets/php/repo/oniguruma/src -I/magma/targets/php/repo/ext/mbstring/libmbfl -I/magma/targets/php/repo/ext/mbstring/libmbfl/mbfl -I/magma/targets/php/repo/TSRM -I/magma/targets/php/repo/Zend    -fno-common -Wformat-truncation -Wall -Wextra -Wno-strict-aliasing -Wno-unused-parameter -Wno-sign-compare -g -O2 -fvisibility=hidden -DZEND_SIGNALS  -include /magma/magma/src/canary.h -DMAGMA_ENABLE_CANARIES    -g -O0 -fno-sanitize=object-size -DZEND_ENABLE_STATIC_TSRMLS_CACHE=1 -c /magma/targets/php/repo/main/streams/filter.c -o main/streams/filter.lo  -MMD -MF main/streams/filter.dep -MT main/streams/filter.lo
#23 45.51 /bin/bash /magma/targets/php/repo/libtool --silent --preserve-dup-deps --tag CC --mode=compile /magma/fuzzers/aflplusplus_lto_entropy/repo/afl-clang-lto -Imain/streams/ -I/magma/targets/php/repo/main/streams/ -I/magma/targets/php/repo/include -I/magma/targets/php/repo/main -I/magma/targets/php/repo -I/magma/targets/php/repo/ext/date/lib -I/magma/targets/php/repo/oniguruma/src -I/magma/targets/php/repo/ext/mbstring/libmbfl -I/magma/targets/php/repo/ext/mbstring/libmbfl/mbfl -I/magma/targets/php/repo/TSRM -I/magma/targets/php/repo/Zend    -fno-common -Wformat-truncation -Wall -Wextra -Wno-strict-aliasing -Wno-unused-parameter -Wno-sign-compare -g -O2 -fvisibility=hidden -DZEND_SIGNALS  -include /magma/magma/src/canary.h -DMAGMA_ENABLE_CANARIES    -g -O0 -fno-sanitize=object-size -DZEND_ENABLE_STATIC_TSRMLS_CACHE=1 -c /magma/targets/php/repo/main/streams/plain_wrapper.c -o main/streams/plain_wrapper.lo  -MMD -MF main/streams/plain_wrapper.dep -MT main/streams/plain_wrapper.lo
#23 45.52 /bin/bash /magma/targets/php/repo/libtool --silent --preserve-dup-deps --tag CC --mode=compile /magma/fuzzers/aflplusplus_lto_entropy/repo/afl-clang-lto -Imain/streams/ -I/magma/targets/php/repo/main/streams/ -I/magma/targets/php/repo/include -I/magma/targets/php/repo/main -I/magma/targets/php/repo -I/magma/targets/php/repo/ext/date/lib -I/magma/targets/php/repo/oniguruma/src -I/magma/targets/php/repo/ext/mbstring/libmbfl -I/magma/targets/php/repo/ext/mbstring/libmbfl/mbfl -I/magma/targets/php/repo/TSRM -I/magma/targets/php/repo/Zend    -fno-common -Wformat-truncation -Wall -Wextra -Wno-strict-aliasing -Wno-unused-parameter -Wno-sign-compare -g -O2 -fvisibility=hidden -DZEND_SIGNALS  -include /magma/magma/src/canary.h -DMAGMA_ENABLE_CANARIES    -g -O0 -fno-sanitize=object-size -DZEND_ENABLE_STATIC_TSRMLS_CACHE=1 -c /magma/targets/php/repo/main/streams/userspace.c -o main/streams/userspace.lo  -MMD -MF main/streams/userspace.dep -MT main/streams/userspace.lo
#23 45.53 /bin/bash /magma/targets/php/repo/libtool --silent --preserve-dup-deps --tag CC --mode=compile /magma/fuzzers/aflplusplus_lto_entropy/repo/afl-clang-lto -Imain/streams/ -I/magma/targets/php/repo/main/streams/ -I/magma/targets/php/repo/include -I/magma/targets/php/repo/main -I/magma/targets/php/repo -I/magma/targets/php/repo/ext/date/lib -I/magma/targets/php/repo/oniguruma/src -I/magma/targets/php/repo/ext/mbstring/libmbfl -I/magma/targets/php/repo/ext/mbstring/libmbfl/mbfl -I/magma/targets/php/repo/TSRM -I/magma/targets/php/repo/Zend    -fno-common -Wformat-truncation -Wall -Wextra -Wno-strict-aliasing -Wno-unused-parameter -Wno-sign-compare -g -O2 -fvisibility=hidden -DZEND_SIGNALS  -include /magma/magma/src/canary.h -DMAGMA_ENABLE_CANARIES    -g -O0 -fno-sanitize=object-size -DZEND_ENABLE_STATIC_TSRMLS_CACHE=1 -c /magma/targets/php/repo/main/streams/transports.c -o main/streams/transports.lo  -MMD -MF main/streams/transports.dep -MT main/streams/transports.lo
#23 45.53 /bin/bash /magma/targets/php/repo/libtool --silent --preserve-dup-deps --tag CC --mode=compile /magma/fuzzers/aflplusplus_lto_entropy/repo/afl-clang-lto -Imain/streams/ -I/magma/targets/php/repo/main/streams/ -I/magma/targets/php/repo/include -I/magma/targets/php/repo/main -I/magma/targets/php/repo -I/magma/targets/php/repo/ext/date/lib -I/magma/targets/php/repo/oniguruma/src -I/magma/targets/php/repo/ext/mbstring/libmbfl -I/magma/targets/php/repo/ext/mbstring/libmbfl/mbfl -I/magma/targets/php/repo/TSRM -I/magma/targets/php/repo/Zend    -fno-common -Wformat-truncation -Wall -Wextra -Wno-strict-aliasing -Wno-unused-parameter -Wno-sign-compare -g -O2 -fvisibility=hidden -DZEND_SIGNALS  -include /magma/magma/src/canary.h -DMAGMA_ENABLE_CANARIES    -g -O0 -fno-sanitize=object-size -DZEND_ENABLE_STATIC_TSRMLS_CACHE=1 -c /magma/targets/php/repo/main/streams/xp_socket.c -o main/streams/xp_socket.lo  -MMD -MF main/streams/xp_socket.dep -MT main/streams/xp_socket.lo
#23 45.53 /bin/bash /magma/targets/php/repo/libtool --silent --preserve-dup-deps --tag CC --mode=compile /magma/fuzzers/aflplusplus_lto_entropy/repo/afl-clang-lto -Imain/streams/ -I/magma/targets/php/repo/main/streams/ -I/magma/targets/php/repo/include -I/magma/targets/php/repo/main -I/magma/targets/php/repo -I/magma/targets/php/repo/ext/date/lib -I/magma/targets/php/repo/oniguruma/src -I/magma/targets/php/repo/ext/mbstring/libmbfl -I/magma/targets/php/repo/ext/mbstring/libmbfl/mbfl -I/magma/targets/php/repo/TSRM -I/magma/targets/php/repo/Zend    -fno-common -Wformat-truncation -Wall -Wextra -Wno-strict-aliasing -Wno-unused-parameter -Wno-sign-compare -g -O2 -fvisibility=hidden -DZEND_SIGNALS  -include /magma/magma/src/canary.h -DMAGMA_ENABLE_CANARIES    -g -O0 -fno-sanitize=object-size -DZEND_ENABLE_STATIC_TSRMLS_CACHE=1 -c /magma/targets/php/repo/main/streams/mmap.c -o main/streams/mmap.lo  -MMD -MF main/streams/mmap.dep -MT main/streams/mmap.lo
#23 45.54 /bin/bash /magma/targets/php/repo/libtool --silent --preserve-dup-deps --tag CC --mode=compile /magma/fuzzers/aflplusplus_lto_entropy/repo/afl-clang-lto -Imain/streams/ -I/magma/targets/php/repo/main/streams/ -I/magma/targets/php/repo/include -I/magma/targets/php/repo/main -I/magma/targets/php/repo -I/magma/targets/php/repo/ext/date/lib -I/magma/targets/php/repo/oniguruma/src -I/magma/targets/php/repo/ext/mbstring/libmbfl -I/magma/targets/php/repo/ext/mbstring/libmbfl/mbfl -I/magma/targets/php/repo/TSRM -I/magma/targets/php/repo/Zend    -fno-common -Wformat-truncation -Wall -Wextra -Wno-strict-aliasing -Wno-unused-parameter -Wno-sign-compare -g -O2 -fvisibility=hidden -DZEND_SIGNALS  -include /magma/magma/src/canary.h -DMAGMA_ENABLE_CANARIES    -g -O0 -fno-sanitize=object-size -DZEND_ENABLE_STATIC_TSRMLS_CACHE=1 -c /magma/targets/php/repo/main/streams/glob_wrapper.c -o main/streams/glob_wrapper.lo  -MMD -MF main/streams/glob_wrapper.dep -MT main/streams/glob_wrapper.lo
#23 45.54 /bin/bash /magma/targets/php/repo/libtool --silent --preserve-dup-deps --tag CC --mode=compile /magma/fuzzers/aflplusplus_lto_entropy/repo/afl-clang-lto -IZend/ -I/magma/targets/php/repo/Zend/ -I/magma/targets/php/repo/include -I/magma/targets/php/repo/main -I/magma/targets/php/repo -I/magma/targets/php/repo/ext/date/lib -I/magma/targets/php/repo/oniguruma/src -I/magma/targets/php/repo/ext/mbstring/libmbfl -I/magma/targets/php/repo/ext/mbstring/libmbfl/mbfl -I/magma/targets/php/repo/TSRM -I/magma/targets/php/repo/Zend    -fno-common -Wformat-truncation -Wall -Wextra -Wno-strict-aliasing -Wno-unused-parameter -Wno-sign-compare -g -O2 -fvisibility=hidden -DZEND_SIGNALS  -include /magma/magma/src/canary.h -DMAGMA_ENABLE_CANARIES    -g -O0 -fno-sanitize=object-size -DZEND_ENABLE_STATIC_TSRMLS_CACHE=1 -c /magma/targets/php/repo/Zend/zend_language_parser.c -o Zend/zend_language_parser.lo  -MMD -MF Zend/zend_language_parser.dep -MT Zend/zend_language_parser.lo
#23 45.54 1 warning generated.
#23 45.55 bison -Wall -v -d /magma/targets/php/repo/Zend/zend_ini_parser.y -o /magma/targets/php/repo/Zend/zend_ini_parser.c
#23 45.56 /bin/bash /magma/targets/php/repo/libtool --silent --preserve-dup-deps --tag CC --mode=compile /magma/fuzzers/aflplusplus_lto_entropy/repo/afl-clang-lto -IZend/ -I/magma/targets/php/repo/Zend/ -I/magma/targets/php/repo/include -I/magma/targets/php/repo/main -I/magma/targets/php/repo -I/magma/targets/php/repo/ext/date/lib -I/magma/targets/php/repo/oniguruma/src -I/magma/targets/php/repo/ext/mbstring/libmbfl -I/magma/targets/php/repo/ext/mbstring/libmbfl/mbfl -I/magma/targets/php/repo/TSRM -I/magma/targets/php/repo/Zend    -fno-common -Wformat-truncation -Wall -Wextra -Wno-strict-aliasing -Wno-unused-parameter -Wno-sign-compare -g -O2 -fvisibility=hidden -DZEND_SIGNALS  -include /magma/magma/src/canary.h -DMAGMA_ENABLE_CANARIES    -g -O0 -fno-sanitize=object-size -DZEND_ENABLE_STATIC_TSRMLS_CACHE=1 -c /magma/targets/php/repo/Zend/zend_alloc.c -o Zend/zend_alloc.lo  -MMD -MF Zend/zend_alloc.dep -MT Zend/zend_alloc.lo
#23 45.56 /bin/bash /magma/targets/php/repo/libtool --silent --preserve-dup-deps --tag CC --mode=compile /magma/fuzzers/aflplusplus_lto_entropy/repo/afl-clang-lto -IZend/ -I/magma/targets/php/repo/Zend/ -I/magma/targets/php/repo/include -I/magma/targets/php/repo/main -I/magma/targets/php/repo -I/magma/targets/php/repo/ext/date/lib -I/magma/targets/php/repo/oniguruma/src -I/magma/targets/php/repo/ext/mbstring/libmbfl -I/magma/targets/php/repo/ext/mbstring/libmbfl/mbfl -I/magma/targets/php/repo/TSRM -I/magma/targets/php/repo/Zend    -fno-common -Wformat-truncation -Wall -Wextra -Wno-strict-aliasing -Wno-unused-parameter -Wno-sign-compare -g -O2 -fvisibility=hidden -DZEND_SIGNALS  -include /magma/magma/src/canary.h -DMAGMA_ENABLE_CANARIES    -g -O0 -fno-sanitize=object-size -DZEND_ENABLE_STATIC_TSRMLS_CACHE=1 -c /magma/targets/php/repo/Zend/zend_constants.c -o Zend/zend_constants.lo  -MMD -MF Zend/zend_constants.dep -MT Zend/zend_constants.lo
#23 45.58 /bin/bash /magma/targets/php/repo/libtool --silent --preserve-dup-deps --tag CC --mode=compile /magma/fuzzers/aflplusplus_lto_entropy/repo/afl-clang-lto -IZend/ -I/magma/targets/php/repo/Zend/ -I/magma/targets/php/repo/include -I/magma/targets/php/repo/main -I/magma/targets/php/repo -I/magma/targets/php/repo/ext/date/lib -I/magma/targets/php/repo/oniguruma/src -I/magma/targets/php/repo/ext/mbstring/libmbfl -I/magma/targets/php/repo/ext/mbstring/libmbfl/mbfl -I/magma/targets/php/repo/TSRM -I/magma/targets/php/repo/Zend    -fno-common -Wformat-truncation -Wall -Wextra -Wno-strict-aliasing -Wno-unused-parameter -Wno-sign-compare -g -O2 -fvisibility=hidden -DZEND_SIGNALS  -include /magma/magma/src/canary.h -DMAGMA_ENABLE_CANARIES    -g -O0 -fno-sanitize=object-size -DZEND_ENABLE_STATIC_TSRMLS_CACHE=1 -c /magma/targets/php/repo/Zend/zend_dtrace.c -o Zend/zend_dtrace.lo  -MMD -MF Zend/zend_dtrace.dep -MT Zend/zend_dtrace.lo
#23 45.58 /bin/bash /magma/targets/php/repo/libtool --silent --preserve-dup-deps --tag CC --mode=compile /magma/fuzzers/aflplusplus_lto_entropy/repo/afl-clang-lto -IZend/ -I/magma/targets/php/repo/Zend/ -I/magma/targets/php/repo/include -I/magma/targets/php/repo/main -I/magma/targets/php/repo -I/magma/targets/php/repo/ext/date/lib -I/magma/targets/php/repo/oniguruma/src -I/magma/targets/php/repo/ext/mbstring/libmbfl -I/magma/targets/php/repo/ext/mbstring/libmbfl/mbfl -I/magma/targets/php/repo/TSRM -I/magma/targets/php/repo/Zend    -fno-common -Wformat-truncation -Wall -Wextra -Wno-strict-aliasing -Wno-unused-parameter -Wno-sign-compare -g -O2 -fvisibility=hidden -DZEND_SIGNALS  -include /magma/magma/src/canary.h -DMAGMA_ENABLE_CANARIES    -g -O0 -fno-sanitize=object-size -DZEND_ENABLE_STATIC_TSRMLS_CACHE=1 -c /magma/targets/php/repo/Zend/zend_execute_API.c -o Zend/zend_execute_API.lo  -MMD -MF Zend/zend_execute_API.dep -MT Zend/zend_execute_API.lo
#23 45.59 /bin/bash /magma/targets/php/repo/libtool --silent --preserve-dup-deps --tag CC --mode=compile /magma/fuzzers/aflplusplus_lto_entropy/repo/afl-clang-lto -IZend/ -I/magma/targets/php/repo/Zend/ -I/magma/targets/php/repo/include -I/magma/targets/php/repo/main -I/magma/targets/php/repo -I/magma/targets/php/repo/ext/date/lib -I/magma/targets/php/repo/oniguruma/src -I/magma/targets/php/repo/ext/mbstring/libmbfl -I/magma/targets/php/repo/ext/mbstring/libmbfl/mbfl -I/magma/targets/php/repo/TSRM -I/magma/targets/php/repo/Zend    -fno-common -Wformat-truncation -Wall -Wextra -Wno-strict-aliasing -Wno-unused-parameter -Wno-sign-compare -g -O2 -fvisibility=hidden -DZEND_SIGNALS  -include /magma/magma/src/canary.h -DMAGMA_ENABLE_CANARIES    -g -O0 -fno-sanitize=object-size -DZEND_ENABLE_STATIC_TSRMLS_CACHE=1 -c /magma/targets/php/repo/Zend/zend_llist.c -o Zend/zend_llist.lo  -MMD -MF Zend/zend_llist.dep -MT Zend/zend_llist.lo
#23 45.60 /bin/bash /magma/targets/php/repo/libtool --silent --preserve-dup-deps --tag CC --mode=compile /magma/fuzzers/aflplusplus_lto_entropy/repo/afl-clang-lto -IZend/ -I/magma/targets/php/repo/Zend/ -I/magma/targets/php/repo/include -I/magma/targets/php/repo/main -I/magma/targets/php/repo -I/magma/targets/php/repo/ext/date/lib -I/magma/targets/php/repo/oniguruma/src -I/magma/targets/php/repo/ext/mbstring/libmbfl -I/magma/targets/php/repo/ext/mbstring/libmbfl/mbfl -I/magma/targets/php/repo/TSRM -I/magma/targets/php/repo/Zend    -fno-common -Wformat-truncation -Wall -Wextra -Wno-strict-aliasing -Wno-unused-parameter -Wno-sign-compare -g -O2 -fvisibility=hidden -DZEND_SIGNALS  -include /magma/magma/src/canary.h -DMAGMA_ENABLE_CANARIES    -g -O0 -fno-sanitize=object-size -DZEND_ENABLE_STATIC_TSRMLS_CACHE=1 -c /magma/targets/php/repo/Zend/zend_vm_opcodes.c -o Zend/zend_vm_opcodes.lo  -MMD -MF Zend/zend_vm_opcodes.dep -MT Zend/zend_vm_opcodes.lo
#23 45.61 /bin/bash /magma/targets/php/repo/libtool --silent --preserve-dup-deps --tag CC --mode=compile /magma/fuzzers/aflplusplus_lto_entropy/repo/afl-clang-lto -IZend/ -I/magma/targets/php/repo/Zend/ -I/magma/targets/php/repo/include -I/magma/targets/php/repo/main -I/magma/targets/php/repo -I/magma/targets/php/repo/ext/date/lib -I/magma/targets/php/repo/oniguruma/src -I/magma/targets/php/repo/ext/mbstring/libmbfl -I/magma/targets/php/repo/ext/mbstring/libmbfl/mbfl -I/magma/targets/php/repo/TSRM -I/magma/targets/php/repo/Zend    -fno-common -Wformat-truncation -Wall -Wextra -Wno-strict-aliasing -Wno-unused-parameter -Wno-sign-compare -g -O2 -fvisibility=hidden -DZEND_SIGNALS  -include /magma/magma/src/canary.h -DMAGMA_ENABLE_CANARIES    -g -O0 -fno-sanitize=object-size -DZEND_ENABLE_STATIC_TSRMLS_CACHE=1 -c /magma/targets/php/repo/Zend/zend_opcode.c -o Zend/zend_opcode.lo  -MMD -MF Zend/zend_opcode.dep -MT Zend/zend_opcode.lo
#23 45.61 /bin/bash /magma/targets/php/repo/libtool --silent --preserve-dup-deps --tag CC --mode=compile /magma/fuzzers/aflplusplus_lto_entropy/repo/afl-clang-lto -IZend/ -I/magma/targets/php/repo/Zend/ -I/magma/targets/php/repo/include -I/magma/targets/php/repo/main -I/magma/targets/php/repo -I/magma/targets/php/repo/ext/date/lib -I/magma/targets/php/repo/oniguruma/src -I/magma/targets/php/repo/ext/mbstring/libmbfl -I/magma/targets/php/repo/ext/mbstring/libmbfl/mbfl -I/magma/targets/php/repo/TSRM -I/magma/targets/php/repo/Zend    -fno-common -Wformat-truncation -Wall -Wextra -Wno-strict-aliasing -Wno-unused-parameter -Wno-sign-compare -g -O2 -fvisibility=hidden -DZEND_SIGNALS  -include /magma/magma/src/canary.h -DMAGMA_ENABLE_CANARIES    -g -O0 -fno-sanitize=object-size -DZEND_ENABLE_STATIC_TSRMLS_CACHE=1 -c /magma/targets/php/repo/Zend/zend_operators.c -o Zend/zend_operators.lo  -MMD -MF Zend/zend_operators.dep -MT Zend/zend_operators.lo
#23 45.62 /bin/bash /magma/targets/php/repo/libtool --silent --preserve-dup-deps --tag CC --mode=compile /magma/fuzzers/aflplusplus_lto_entropy/repo/afl-clang-lto -IZend/ -I/magma/targets/php/repo/Zend/ -I/magma/targets/php/repo/include -I/magma/targets/php/repo/main -I/magma/targets/php/repo -I/magma/targets/php/repo/ext/date/lib -I/magma/targets/php/repo/oniguruma/src -I/magma/targets/php/repo/ext/mbstring/libmbfl -I/magma/targets/php/repo/ext/mbstring/libmbfl/mbfl -I/magma/targets/php/repo/TSRM -I/magma/targets/php/repo/Zend    -fno-common -Wformat-truncation -Wall -Wextra -Wno-strict-aliasing -Wno-unused-parameter -Wno-sign-compare -g -O2 -fvisibility=hidden -DZEND_SIGNALS  -include /magma/magma/src/canary.h -DMAGMA_ENABLE_CANARIES    -g -O0 -fno-sanitize=object-size -DZEND_ENABLE_STATIC_TSRMLS_CACHE=1 -c /magma/targets/php/repo/Zend/zend_ptr_stack.c -o Zend/zend_ptr_stack.lo  -MMD -MF Zend/zend_ptr_stack.dep -MT Zend/zend_ptr_stack.lo
#23 45.62 /bin/bash /magma/targets/php/repo/libtool --silent --preserve-dup-deps --tag CC --mode=compile /magma/fuzzers/aflplusplus_lto_entropy/repo/afl-clang-lto -IZend/ -I/magma/targets/php/repo/Zend/ -I/magma/targets/php/repo/include -I/magma/targets/php/repo/main -I/magma/targets/php/repo -I/magma/targets/php/repo/ext/date/lib -I/magma/targets/php/repo/oniguruma/src -I/magma/targets/php/repo/ext/mbstring/libmbfl -I/magma/targets/php/repo/ext/mbstring/libmbfl/mbfl -I/magma/targets/php/repo/TSRM -I/magma/targets/php/repo/Zend    -fno-common -Wformat-truncation -Wall -Wextra -Wno-strict-aliasing -Wno-unused-parameter -Wno-sign-compare -g -O2 -fvisibility=hidden -DZEND_SIGNALS  -include /magma/magma/src/canary.h -DMAGMA_ENABLE_CANARIES    -g -O0 -fno-sanitize=object-size -DZEND_ENABLE_STATIC_TSRMLS_CACHE=1 -c /magma/targets/php/repo/Zend/zend_stack.c -o Zend/zend_stack.lo  -MMD -MF Zend/zend_stack.dep -MT Zend/zend_stack.lo
#23 45.62 /bin/bash /magma/targets/php/repo/libtool --silent --preserve-dup-deps --tag CC --mode=compile /magma/fuzzers/aflplusplus_lto_entropy/repo/afl-clang-lto -IZend/ -I/magma/targets/php/repo/Zend/ -I/magma/targets/php/repo/include -I/magma/targets/php/repo/main -I/magma/targets/php/repo -I/magma/targets/php/repo/ext/date/lib -I/magma/targets/php/repo/oniguruma/src -I/magma/targets/php/repo/ext/mbstring/libmbfl -I/magma/targets/php/repo/ext/mbstring/libmbfl/mbfl -I/magma/targets/php/repo/TSRM -I/magma/targets/php/repo/Zend    -fno-common -Wformat-truncation -Wall -Wextra -Wno-strict-aliasing -Wno-unused-parameter -Wno-sign-compare -g -O2 -fvisibility=hidden -DZEND_SIGNALS  -include /magma/magma/src/canary.h -DMAGMA_ENABLE_CANARIES    -g -O0 -fno-sanitize=object-size -DZEND_ENABLE_STATIC_TSRMLS_CACHE=1 -c /magma/targets/php/repo/Zend/zend_variables.c -o Zend/zend_variables.lo  -MMD -MF Zend/zend_variables.dep -MT Zend/zend_variables.lo
#23 45.63 /bin/bash /magma/targets/php/repo/libtool --silent --preserve-dup-deps --tag CC --mode=compile /magma/fuzzers/aflplusplus_lto_entropy/repo/afl-clang-lto -IZend/ -I/magma/targets/php/repo/Zend/ -I/magma/targets/php/repo/include -I/magma/targets/php/repo/main -I/magma/targets/php/repo -I/magma/targets/php/repo/ext/date/lib -I/magma/targets/php/repo/oniguruma/src -I/magma/targets/php/repo/ext/mbstring/libmbfl -I/magma/targets/php/repo/ext/mbstring/libmbfl/mbfl -I/magma/targets/php/repo/TSRM -I/magma/targets/php/repo/Zend    -fno-common -Wformat-truncation -Wall -Wextra -Wno-strict-aliasing -Wno-unused-parameter -Wno-sign-compare -g -O2 -fvisibility=hidden -DZEND_SIGNALS  -include /magma/magma/src/canary.h -DMAGMA_ENABLE_CANARIES    -g -O0 -fno-sanitize=object-size -DZEND_ENABLE_STATIC_TSRMLS_CACHE=1 -c /magma/targets/php/repo/Zend/zend.c -o Zend/zend.lo  -MMD -MF Zend/zend.dep -MT Zend/zend.lo
#23 45.63 /bin/bash /magma/targets/php/repo/libtool --silent --preserve-dup-deps --tag CC --mode=compile /magma/fuzzers/aflplusplus_lto_entropy/repo/afl-clang-lto -IZend/ -I/magma/targets/php/repo/Zend/ -I/magma/targets/php/repo/include -I/magma/targets/php/repo/main -I/magma/targets/php/repo -I/magma/targets/php/repo/ext/date/lib -I/magma/targets/php/repo/oniguruma/src -I/magma/targets/php/repo/ext/mbstring/libmbfl -I/magma/targets/php/repo/ext/mbstring/libmbfl/mbfl -I/magma/targets/php/repo/TSRM -I/magma/targets/php/repo/Zend    -fno-common -Wformat-truncation -Wall -Wextra -Wno-strict-aliasing -Wno-unused-parameter -Wno-sign-compare -g -O2 -fvisibility=hidden -DZEND_SIGNALS  -include /magma/magma/src/canary.h -DMAGMA_ENABLE_CANARIES    -g -O0 -fno-sanitize=object-size -DZEND_ENABLE_STATIC_TSRMLS_CACHE=1 -c /magma/targets/php/repo/Zend/zend_API.c -o Zend/zend_API.lo  -MMD -MF Zend/zend_API.dep -MT Zend/zend_API.lo
#23 45.63 /bin/bash /magma/targets/php/repo/libtool --silent --preserve-dup-deps --tag CC --mode=compile /magma/fuzzers/aflplusplus_lto_entropy/repo/afl-clang-lto -IZend/ -I/magma/targets/php/repo/Zend/ -I/magma/targets/php/repo/include -I/magma/targets/php/repo/main -I/magma/targets/php/repo -I/magma/targets/php/repo/ext/date/lib -I/magma/targets/php/repo/oniguruma/src -I/magma/targets/php/repo/ext/mbstring/libmbfl -I/magma/targets/php/repo/ext/mbstring/libmbfl/mbfl -I/magma/targets/php/repo/TSRM -I/magma/targets/php/repo/Zend    -fno-common -Wformat-truncation -Wall -Wextra -Wno-strict-aliasing -Wno-unused-parameter -Wno-sign-compare -g -O2 -fvisibility=hidden -DZEND_SIGNALS  -include /magma/magma/src/canary.h -DMAGMA_ENABLE_CANARIES    -g -O0 -fno-sanitize=object-size -DZEND_ENABLE_STATIC_TSRMLS_CACHE=1 -c /magma/targets/php/repo/Zend/zend_extensions.c -o Zend/zend_extensions.lo  -MMD -MF Zend/zend_extensions.dep -MT Zend/zend_extensions.lo
#23 45.64 /bin/bash /magma/targets/php/repo/libtool --silent --preserve-dup-deps --tag CC --mode=compile /magma/fuzzers/aflplusplus_lto_entropy/repo/afl-clang-lto -IZend/ -I/magma/targets/php/repo/Zend/ -I/magma/targets/php/repo/include -I/magma/targets/php/repo/main -I/magma/targets/php/repo -I/magma/targets/php/repo/ext/date/lib -I/magma/targets/php/repo/oniguruma/src -I/magma/targets/php/repo/ext/mbstring/libmbfl -I/magma/targets/php/repo/ext/mbstring/libmbfl/mbfl -I/magma/targets/php/repo/TSRM -I/magma/targets/php/repo/Zend    -fno-common -Wformat-truncation -Wall -Wextra -Wno-strict-aliasing -Wno-unused-parameter -Wno-sign-compare -g -O2 -fvisibility=hidden -DZEND_SIGNALS  -include /magma/magma/src/canary.h -DMAGMA_ENABLE_CANARIES    -g -O0 -fno-sanitize=object-size -DZEND_ENABLE_STATIC_TSRMLS_CACHE=1 -c /magma/targets/php/repo/Zend/zend_hash.c -o Zend/zend_hash.lo  -MMD -MF Zend/zend_hash.dep -MT Zend/zend_hash.lo
#23 45.64 /bin/bash /magma/targets/php/repo/libtool --silent --preserve-dup-deps --tag CC --mode=compile /magma/fuzzers/aflplusplus_lto_entropy/repo/afl-clang-lto -IZend/ -I/magma/targets/php/repo/Zend/ -I/magma/targets/php/repo/include -I/magma/targets/php/repo/main -I/magma/targets/php/repo -I/magma/targets/php/repo/ext/date/lib -I/magma/targets/php/repo/oniguruma/src -I/magma/targets/php/repo/ext/mbstring/libmbfl -I/magma/targets/php/repo/ext/mbstring/libmbfl/mbfl -I/magma/targets/php/repo/TSRM -I/magma/targets/php/repo/Zend    -fno-common -Wformat-truncation -Wall -Wextra -Wno-strict-aliasing -Wno-unused-parameter -Wno-sign-compare -g -O2 -fvisibility=hidden -DZEND_SIGNALS  -include /magma/magma/src/canary.h -DMAGMA_ENABLE_CANARIES    -g -O0 -fno-sanitize=object-size -DZEND_ENABLE_STATIC_TSRMLS_CACHE=1 -c /magma/targets/php/repo/Zend/zend_list.c -o Zend/zend_list.lo  -MMD -MF Zend/zend_list.dep -MT Zend/zend_list.lo
#23 45.65 /bin/bash /magma/targets/php/repo/libtool --silent --preserve-dup-deps --tag CC --mode=compile /magma/fuzzers/aflplusplus_lto_entropy/repo/afl-clang-lto -IZend/ -I/magma/targets/php/repo/Zend/ -I/magma/targets/php/repo/include -I/magma/targets/php/repo/main -I/magma/targets/php/repo -I/magma/targets/php/repo/ext/date/lib -I/magma/targets/php/repo/oniguruma/src -I/magma/targets/php/repo/ext/mbstring/libmbfl -I/magma/targets/php/repo/ext/mbstring/libmbfl/mbfl -I/magma/targets/php/repo/TSRM -I/magma/targets/php/repo/Zend    -fno-common -Wformat-truncation -Wall -Wextra -Wno-strict-aliasing -Wno-unused-parameter -Wno-sign-compare -g -O2 -fvisibility=hidden -DZEND_SIGNALS  -include /magma/magma/src/canary.h -DMAGMA_ENABLE_CANARIES    -g -O0 -fno-sanitize=object-size -DZEND_ENABLE_STATIC_TSRMLS_CACHE=1 -c /magma/targets/php/repo/Zend/zend_builtin_functions.c -o Zend/zend_builtin_functions.lo  -MMD -MF Zend/zend_builtin_functions.dep -MT Zend/zend_builtin_functions.lo
#23 45.67 /bin/bash /magma/targets/php/repo/libtool --silent --preserve-dup-deps --tag CC --mode=compile /magma/fuzzers/aflplusplus_lto_entropy/repo/afl-clang-lto -IZend/ -I/magma/targets/php/repo/Zend/ -I/magma/targets/php/repo/include -I/magma/targets/php/repo/main -I/magma/targets/php/repo -I/magma/targets/php/repo/ext/date/lib -I/magma/targets/php/repo/oniguruma/src -I/magma/targets/php/repo/ext/mbstring/libmbfl -I/magma/targets/php/repo/ext/mbstring/libmbfl/mbfl -I/magma/targets/php/repo/TSRM -I/magma/targets/php/repo/Zend    -fno-common -Wformat-truncation -Wall -Wextra -Wno-strict-aliasing -Wno-unused-parameter -Wno-sign-compare -g -O2 -fvisibility=hidden -DZEND_SIGNALS  -include /magma/magma/src/canary.h -DMAGMA_ENABLE_CANARIES    -g -O0 -fno-sanitize=object-size -DZEND_ENABLE_STATIC_TSRMLS_CACHE=1 -c /magma/targets/php/repo/Zend/zend_attributes.c -o Zend/zend_attributes.lo  -MMD -MF Zend/zend_attributes.dep -MT Zend/zend_attributes.lo
#23 45.68 /bin/bash /magma/targets/php/repo/libtool --silent --preserve-dup-deps --tag CC --mode=compile /magma/fuzzers/aflplusplus_lto_entropy/repo/afl-clang-lto -IZend/ -I/magma/targets/php/repo/Zend/ -I/magma/targets/php/repo/include -I/magma/targets/php/repo/main -I/magma/targets/php/repo -I/magma/targets/php/repo/ext/date/lib -I/magma/targets/php/repo/oniguruma/src -I/magma/targets/php/repo/ext/mbstring/libmbfl -I/magma/targets/php/repo/ext/mbstring/libmbfl/mbfl -I/magma/targets/php/repo/TSRM -I/magma/targets/php/repo/Zend    -fno-common -Wformat-truncation -Wall -Wextra -Wno-strict-aliasing -Wno-unused-parameter -Wno-sign-compare -g -O2 -fvisibility=hidden -DZEND_SIGNALS  -include /magma/magma/src/canary.h -DMAGMA_ENABLE_CANARIES    -g -O0 -fno-sanitize=object-size -DZEND_ENABLE_STATIC_TSRMLS_CACHE=1 -c /magma/targets/php/repo/Zend/zend_ini.c -o Zend/zend_ini.lo  -MMD -MF Zend/zend_ini.dep -MT Zend/zend_ini.lo
#23 45.68 /bin/bash /magma/targets/php/repo/libtool --silent --preserve-dup-deps --tag CC --mode=compile /magma/fuzzers/aflplusplus_lto_entropy/repo/afl-clang-lto -IZend/ -I/magma/targets/php/repo/Zend/ -I/magma/targets/php/repo/include -I/magma/targets/php/repo/main -I/magma/targets/php/repo -I/magma/targets/php/repo/ext/date/lib -I/magma/targets/php/repo/oniguruma/src -I/magma/targets/php/repo/ext/mbstring/libmbfl -I/magma/targets/php/repo/ext/mbstring/libmbfl/mbfl -I/magma/targets/php/repo/TSRM -I/magma/targets/php/repo/Zend    -fno-common -Wformat-truncation -Wall -Wextra -Wno-strict-aliasing -Wno-unused-parameter -Wno-sign-compare -g -O2 -fvisibility=hidden -DZEND_SIGNALS  -include /magma/magma/src/canary.h -DMAGMA_ENABLE_CANARIES    -g -O0 -fno-sanitize=object-size -DZEND_ENABLE_STATIC_TSRMLS_CACHE=1 -c /magma/targets/php/repo/Zend/zend_sort.c -o Zend/zend_sort.lo  -MMD -MF Zend/zend_sort.dep -MT Zend/zend_sort.lo
#23 45.68 /bin/bash /magma/targets/php/repo/libtool --silent --preserve-dup-deps --tag CC --mode=compile /magma/fuzzers/aflplusplus_lto_entropy/repo/afl-clang-lto -IZend/ -I/magma/targets/php/repo/Zend/ -I/magma/targets/php/repo/include -I/magma/targets/php/repo/main -I/magma/targets/php/repo -I/magma/targets/php/repo/ext/date/lib -I/magma/targets/php/repo/oniguruma/src -I/magma/targets/php/repo/ext/mbstring/libmbfl -I/magma/targets/php/repo/ext/mbstring/libmbfl/mbfl -I/magma/targets/php/repo/TSRM -I/magma/targets/php/repo/Zend    -fno-common -Wformat-truncation -Wall -Wextra -Wno-strict-aliasing -Wno-unused-parameter -Wno-sign-compare -g -O2 -fvisibility=hidden -DZEND_SIGNALS  -include /magma/magma/src/canary.h -DMAGMA_ENABLE_CANARIES    -g -O0 -fno-sanitize=object-size -DZEND_ENABLE_STATIC_TSRMLS_CACHE=1 -c /magma/targets/php/repo/Zend/zend_multibyte.c -o Zend/zend_multibyte.lo  -MMD -MF Zend/zend_multibyte.dep -MT Zend/zend_multibyte.lo
#23 45.68 /bin/bash /magma/targets/php/repo/libtool --silent --preserve-dup-deps --tag CC --mode=compile /magma/fuzzers/aflplusplus_lto_entropy/repo/afl-clang-lto -IZend/ -I/magma/targets/php/repo/Zend/ -I/magma/targets/php/repo/include -I/magma/targets/php/repo/main -I/magma/targets/php/repo -I/magma/targets/php/repo/ext/date/lib -I/magma/targets/php/repo/oniguruma/src -I/magma/targets/php/repo/ext/mbstring/libmbfl -I/magma/targets/php/repo/ext/mbstring/libmbfl/mbfl -I/magma/targets/php/repo/TSRM -I/magma/targets/php/repo/Zend    -fno-common -Wformat-truncation -Wall -Wextra -Wno-strict-aliasing -Wno-unused-parameter -Wno-sign-compare -g -O2 -fvisibility=hidden -DZEND_SIGNALS  -include /magma/magma/src/canary.h -DMAGMA_ENABLE_CANARIES    -g -O0 -fno-sanitize=object-size -DZEND_ENABLE_STATIC_TSRMLS_CACHE=1 -c /magma/targets/php/repo/Zend/zend_ts_hash.c -o Zend/zend_ts_hash.lo  -MMD -MF Zend/zend_ts_hash.dep -MT Zend/zend_ts_hash.lo
#23 45.69 /bin/bash /magma/targets/php/repo/libtool --silent --preserve-dup-deps --tag CC --mode=compile /magma/fuzzers/aflplusplus_lto_entropy/repo/afl-clang-lto -IZend/ -I/magma/targets/php/repo/Zend/ -I/magma/targets/php/repo/include -I/magma/targets/php/repo/main -I/magma/targets/php/repo -I/magma/targets/php/repo/ext/date/lib -I/magma/targets/php/repo/oniguruma/src -I/magma/targets/php/repo/ext/mbstring/libmbfl -I/magma/targets/php/repo/ext/mbstring/libmbfl/mbfl -I/magma/targets/php/repo/TSRM -I/magma/targets/php/repo/Zend    -fno-common -Wformat-truncation -Wall -Wextra -Wno-strict-aliasing -Wno-unused-parameter -Wno-sign-compare -g -O2 -fvisibility=hidden -DZEND_SIGNALS  -include /magma/magma/src/canary.h -DMAGMA_ENABLE_CANARIES    -g -O0 -fno-sanitize=object-size -DZEND_ENABLE_STATIC_TSRMLS_CACHE=1 -c /magma/targets/php/repo/Zend/zend_stream.c -o Zend/zend_stream.lo  -MMD -MF Zend/zend_stream.dep -MT Zend/zend_stream.lo
#23 45.70 /bin/bash /magma/targets/php/repo/libtool --silent --preserve-dup-deps --tag CC --mode=compile /magma/fuzzers/aflplusplus_lto_entropy/repo/afl-clang-lto -IZend/ -I/magma/targets/php/repo/Zend/ -I/magma/targets/php/repo/include -I/magma/targets/php/repo/main -I/magma/targets/php/repo -I/magma/targets/php/repo/ext/date/lib -I/magma/targets/php/repo/oniguruma/src -I/magma/targets/php/repo/ext/mbstring/libmbfl -I/magma/targets/php/repo/ext/mbstring/libmbfl/mbfl -I/magma/targets/php/repo/TSRM -I/magma/targets/php/repo/Zend    -fno-common -Wformat-truncation -Wall -Wextra -Wno-strict-aliasing -Wno-unused-parameter -Wno-sign-compare -g -O2 -fvisibility=hidden -DZEND_SIGNALS  -include /magma/magma/src/canary.h -DMAGMA_ENABLE_CANARIES    -g -O0 -fno-sanitize=object-size -DZEND_ENABLE_STATIC_TSRMLS_CACHE=1 -c /magma/targets/php/repo/Zend/zend_iterators.c -o Zend/zend_iterators.lo  -MMD -MF Zend/zend_iterators.dep -MT Zend/zend_iterators.lo
#23 45.71 /magma/targets/php/repo/ext/standard/sha1.c:250:13: warning: a function definition without a prototype is deprecated in all versions of C and is not supported in C23 [-Wdeprecated-non-prototype]
#23 45.71   250 | static void SHA1Transform(state, block)
#23 45.71       /bin/bash /magma/targets/php/repo/libtool --silent --preserve-dup-deps --tag CC --mode=compile /magma/fuzzers/aflplusplus_lto_entropy/repo/afl-clang-lto -IZend/ -I/magma/targets/php/repo/Zend/ -I/magma/targets/php/repo/include -I/magma/targets/php/repo/main -I/magma/targets/php/repo -I/magma/targets/php/repo/ext/date/lib -I/magma/targets/php/repo/oniguruma/src -I/magma/targets/php/repo/ext/mbstring/libmbfl -I/magma/targets/php/repo/ext/mbstring/libmbfl/mbfl -I/magma/targets/php/repo/TSRM -I/magma/targets/php/repo/Zend    -fno-common -Wformat-truncation -Wall -Wextra -Wno-strict-aliasing -Wno-unused-parameter -Wno-sign-compare -g -O2 -fvisibility=hidden -DZEND_SIGNALS  -include /magma/magma/src/canary.h -DMAGMA_ENABLE_CANARIES    -g -O0 -fno-sanitize=object-size -DZEND_ENABLE_STATIC_TSRMLS_CACHE=1 -c /magma/targets/php/repo/Zend/zend_interfaces.c -o Zend/zend_interfaces.lo  -MMD -MF Zend/zend_interfaces.dep -MT Zend/zend_interfaces.lo
#23 45.71 |             ^
#23 45.71 /bin/bash /magma/targets/php/repo/libtool --silent --preserve-dup-deps --tag CC --mode=compile /magma/fuzzers/aflplusplus_lto_entropy/repo/afl-clang-lto -IZend/ -I/magma/targets/php/repo/Zend/ -I/magma/targets/php/repo/include -I/magma/targets/php/repo/main -I/magma/targets/php/repo -I/magma/targets/php/repo/ext/date/lib -I/magma/targets/php/repo/oniguruma/src -I/magma/targets/php/repo/ext/mbstring/libmbfl -I/magma/targets/php/repo/ext/mbstring/libmbfl/mbfl -I/magma/targets/php/repo/TSRM -I/magma/targets/php/repo/Zend    -fno-common -Wformat-truncation -Wall -Wextra -Wno-strict-aliasing -Wno-unused-parameter -Wno-sign-compare -g -O2 -fvisibility=hidden -DZEND_SIGNALS  -include /magma/magma/src/canary.h -DMAGMA_ENABLE_CANARIES    -g -O0 -fno-sanitize=object-size -DZEND_ENABLE_STATIC_TSRMLS_CACHE=1 -c /magma/targets/php/repo/Zend/zend_exceptions.c -o Zend/zend_exceptions.lo  -MMD -MF Zend/zend_exceptions.dep -MT Zend/zend_exceptions.lo
#23 45.71 /bin/bash /magma/targets/php/repo/libtool --silent --preserve-dup-deps --tag CC --mode=compile /magma/fuzzers/aflplusplus_lto_entropy/repo/afl-clang-lto -IZend/ -I/magma/targets/php/repo/Zend/ -I/magma/targets/php/repo/include -I/magma/targets/php/repo/main -I/magma/targets/php/repo -I/magma/targets/php/repo/ext/date/lib -I/magma/targets/php/repo/oniguruma/src -I/magma/targets/php/repo/ext/mbstring/libmbfl -I/magma/targets/php/repo/ext/mbstring/libmbfl/mbfl -I/magma/targets/php/repo/TSRM -I/magma/targets/php/repo/Zend    -fno-common -Wformat-truncation -Wall -Wextra -Wno-strict-aliasing -Wno-unused-parameter -Wno-sign-compare -g -O2 -fvisibility=hidden -DZEND_SIGNALS  -include /magma/magma/src/canary.h -DMAGMA_ENABLE_CANARIES    -g -O0 -fno-sanitize=object-size -DZEND_ENABLE_STATIC_TSRMLS_CACHE=1 -c /magma/targets/php/repo/Zend/zend_strtod.c -o Zend/zend_strtod.lo  -MMD -MF Zend/zend_strtod.dep -MT Zend/zend_strtod.lo
#23 45.71 /bin/bash /magma/targets/php/repo/libtool --silent --preserve-dup-deps --tag CC --mode=compile /magma/fuzzers/aflplusplus_lto_entropy/repo/afl-clang-lto -IZend/ -I/magma/targets/php/repo/Zend/ -I/magma/targets/php/repo/include -I/magma/targets/php/repo/main -I/magma/targets/php/repo -I/magma/targets/php/repo/ext/date/lib -I/magma/targets/php/repo/oniguruma/src -I/magma/targets/php/repo/ext/mbstring/libmbfl -I/magma/targets/php/repo/ext/mbstring/libmbfl/mbfl -I/magma/targets/php/repo/TSRM -I/magma/targets/php/repo/Zend    -fno-common -Wformat-truncation -Wall -Wextra -Wno-strict-aliasing -Wno-unused-parameter -Wno-sign-compare -g -O2 -fvisibility=hidden -DZEND_SIGNALS  -include /magma/magma/src/canary.h -DMAGMA_ENABLE_CANARIES    -g -O0 -fno-sanitize=object-size -DZEND_ENABLE_STATIC_TSRMLS_CACHE=1 -c /magma/targets/php/repo/Zend/zend_gc.c -o Zend/zend_gc.lo  -MMD -MF Zend/zend_gc.dep -MT Zend/zend_gc.lo
#23 45.72 /magma/targets/php/repo/ext/standard/sha1.c:362:13: warning: a function definition without a prototype is deprecated in all versions of C and is not supported in C23 [-Wdeprecated-non-prototype]
#23 45.72   362 | static void SHA1Encode(output, input, len)
#23 45.72       |             ^
#23 45.72 /magma/targets/php/repo/ext/standard/sha1.c:382:13: warning: a function definition without a prototype is deprecated in all versions of C and is not supported in C23 [-Wdeprecated-non-prototype]
#23 45.72   382 | static void SHA1Decode(output, input, len)
#23 45.72       |             ^
#23 45.72 /bin/bash /magma/targets/php/repo/libtool --silent --preserve-dup-deps --tag CC --mode=compile /magma/fuzzers/aflplusplus_lto_entropy/repo/afl-clang-lto -IZend/ -I/magma/targets/php/repo/Zend/ -I/magma/targets/php/repo/include -I/magma/targets/php/repo/main -I/magma/targets/php/repo -I/magma/targets/php/repo/ext/date/lib -I/magma/targets/php/repo/oniguruma/src -I/magma/targets/php/repo/ext/mbstring/libmbfl -I/magma/targets/php/repo/ext/mbstring/libmbfl/mbfl -I/magma/targets/php/repo/TSRM -I/magma/targets/php/repo/Zend    -fno-common -Wformat-truncation -Wall -Wextra -Wno-strict-aliasing -Wno-unused-parameter -Wno-sign-compare -g -O2 -fvisibility=hidden -DZEND_SIGNALS  -include /magma/magma/src/canary.h -DMAGMA_ENABLE_CANARIES    -g -O0 -fno-sanitize=object-size -DZEND_ENABLE_STATIC_TSRMLS_CACHE=1 -c /magma/targets/php/repo/Zend/zend_closures.c -o Zend/zend_closures.lo  -MMD -MF Zend/zend_closures.dep -MT Zend/zend_closures.lo
#23 45.72 /bin/bash /magma/targets/php/repo/libtool --silent --preserve-dup-deps --tag CC --mode=compile /magma/fuzzers/aflplusplus_lto_entropy/repo/afl-clang-lto -IZend/ -I/magma/targets/php/repo/Zend/ -I/magma/targets/php/repo/include -I/magma/targets/php/repo/main -I/magma/targets/php/repo -I/magma/targets/php/repo/ext/date/lib -I/magma/targets/php/repo/oniguruma/src -I/magma/targets/php/repo/ext/mbstring/libmbfl -I/magma/targets/php/repo/ext/mbstring/libmbfl/mbfl -I/magma/targets/php/repo/TSRM -I/magma/targets/php/repo/Zend    -fno-common -Wformat-truncation -Wall -Wextra -Wno-strict-aliasing -Wno-unused-parameter -Wno-sign-compare -g -O2 -fvisibility=hidden -DZEND_SIGNALS  -include /magma/magma/src/canary.h -DMAGMA_ENABLE_CANARIES    -g -O0 -fno-sanitize=object-size -DZEND_ENABLE_STATIC_TSRMLS_CACHE=1 -c /magma/targets/php/repo/Zend/zend_weakrefs.c -o Zend/zend_weakrefs.lo  -MMD -MF Zend/zend_weakrefs.dep -MT Zend/zend_weakrefs.lo
#23 45.73 /bin/bash /magma/targets/php/repo/libtool --silent --preserve-dup-deps --tag CC --mode=compile /magma/fuzzers/aflplusplus_lto_entropy/repo/afl-clang-lto -IZend/ -I/magma/targets/php/repo/Zend/ -I/magma/targets/php/repo/include -I/magma/targets/php/repo/main -I/magma/targets/php/repo -I/magma/targets/php/repo/ext/date/lib -I/magma/targets/php/repo/oniguruma/src -I/magma/targets/php/repo/ext/mbstring/libmbfl -I/magma/targets/php/repo/ext/mbstring/libmbfl/mbfl -I/magma/targets/php/repo/TSRM -I/magma/targets/php/repo/Zend    -fno-common -Wformat-truncation -Wall -Wextra -Wno-strict-aliasing -Wno-unused-parameter -Wno-sign-compare -g -O2 -fvisibility=hidden -DZEND_SIGNALS  -include /magma/magma/src/canary.h -DMAGMA_ENABLE_CANARIES    -g -O0 -fno-sanitize=object-size -DZEND_ENABLE_STATIC_TSRMLS_CACHE=1 -c /magma/targets/php/repo/Zend/zend_float.c -o Zend/zend_float.lo  -MMD -MF Zend/zend_float.dep -MT Zend/zend_float.lo
#23 45.74 /bin/bash /magma/targets/php/repo/libtool --silent --preserve-dup-deps --tag CC --mode=compile /magma/fuzzers/aflplusplus_lto_entropy/repo/afl-clang-lto -IZend/ -I/magma/targets/php/repo/Zend/ -I/magma/targets/php/repo/include -I/magma/targets/php/repo/main -I/magma/targets/php/repo -I/magma/targets/php/repo/ext/date/lib -I/magma/targets/php/repo/oniguruma/src -I/magma/targets/php/repo/ext/mbstring/libmbfl -I/magma/targets/php/repo/ext/mbstring/libmbfl/mbfl -I/magma/targets/php/repo/TSRM -I/magma/targets/php/repo/Zend    -fno-common -Wformat-truncation -Wall -Wextra -Wno-strict-aliasing -Wno-unused-parameter -Wno-sign-compare -g -O2 -fvisibility=hidden -DZEND_SIGNALS  -include /magma/magma/src/canary.h -DMAGMA_ENABLE_CANARIES    -g -O0 -fno-sanitize=object-size -DZEND_ENABLE_STATIC_TSRMLS_CACHE=1 -c /magma/targets/php/repo/Zend/zend_string.c -o Zend/zend_string.lo  -MMD -MF Zend/zend_string.dep -MT Zend/zend_string.lo
#23 45.74 /bin/bash /magma/targets/php/repo/libtool --silent --preserve-dup-deps --tag CC --mode=compile /magma/fuzzers/aflplusplus_lto_entropy/repo/afl-clang-lto -IZend/ -I/magma/targets/php/repo/Zend/ -I/magma/targets/php/repo/include -I/magma/targets/php/repo/main -I/magma/targets/php/repo -I/magma/targets/php/repo/ext/date/lib -I/magma/targets/php/repo/oniguruma/src -I/magma/targets/php/repo/ext/mbstring/libmbfl -I/magma/targets/php/repo/ext/mbstring/libmbfl/mbfl -I/magma/targets/php/repo/TSRM -I/magma/targets/php/repo/Zend    -fno-common -Wformat-truncation -Wall -Wextra -Wno-strict-aliasing -Wno-unused-parameter -Wno-sign-compare -g -O2 -fvisibility=hidden -DZEND_SIGNALS  -include /magma/magma/src/canary.h -DMAGMA_ENABLE_CANARIES    -g -O0 -fno-sanitize=object-size -DZEND_ENABLE_STATIC_TSRMLS_CACHE=1 -c /magma/targets/php/repo/Zend/zend_signal.c -o Zend/zend_signal.lo  -MMD -MF Zend/zend_signal.dep -MT Zend/zend_signal.lo
#23 45.75 3 warnings generated.
#23 45.76 /bin/bash /magma/targets/php/repo/libtool --silent --preserve-dup-deps --tag CC --mode=compile /magma/fuzzers/aflplusplus_lto_entropy/repo/afl-clang-lto -IZend/ -I/magma/targets/php/repo/Zend/ -I/magma/targets/php/repo/include -I/magma/targets/php/repo/main -I/magma/targets/php/repo -I/magma/targets/php/repo/ext/date/lib -I/magma/targets/php/repo/oniguruma/src -I/magma/targets/php/repo/ext/mbstring/libmbfl -I/magma/targets/php/repo/ext/mbstring/libmbfl/mbfl -I/magma/targets/php/repo/TSRM -I/magma/targets/php/repo/Zend    -fno-common -Wformat-truncation -Wall -Wextra -Wno-strict-aliasing -Wno-unused-parameter -Wno-sign-compare -g -O2 -fvisibility=hidden -DZEND_SIGNALS  -include /magma/magma/src/canary.h -DMAGMA_ENABLE_CANARIES    -g -O0 -fno-sanitize=object-size -DZEND_ENABLE_STATIC_TSRMLS_CACHE=1 -c /magma/targets/php/repo/Zend/zend_generators.c -o Zend/zend_generators.lo  -MMD -MF Zend/zend_generators.dep -MT Zend/zend_generators.lo
#23 45.76 /bin/bash /magma/targets/php/repo/libtool --silent --preserve-dup-deps --tag CC --mode=compile /magma/fuzzers/aflplusplus_lto_entropy/repo/afl-clang-lto -IZend/ -I/magma/targets/php/repo/Zend/ -I/magma/targets/php/repo/include -I/magma/targets/php/repo/main -I/magma/targets/php/repo -I/magma/targets/php/repo/ext/date/lib -I/magma/targets/php/repo/oniguruma/src -I/magma/targets/php/repo/ext/mbstring/libmbfl -I/magma/targets/php/repo/ext/mbstring/libmbfl/mbfl -I/magma/targets/php/repo/TSRM -I/magma/targets/php/repo/Zend    -fno-common -Wformat-truncation -Wall -Wextra -Wno-strict-aliasing -Wno-unused-parameter -Wno-sign-compare -g -O2 -fvisibility=hidden -DZEND_SIGNALS  -include /magma/magma/src/canary.h -DMAGMA_ENABLE_CANARIES    -g -O0 -fno-sanitize=object-size -DZEND_ENABLE_STATIC_TSRMLS_CACHE=1 -c /magma/targets/php/repo/Zend/zend_virtual_cwd.c -o Zend/zend_virtual_cwd.lo  -MMD -MF Zend/zend_virtual_cwd.dep -MT Zend/zend_virtual_cwd.lo
#23 45.77 /bin/bash /magma/targets/php/repo/libtool --silent --preserve-dup-deps --tag CC --mode=compile /magma/fuzzers/aflplusplus_lto_entropy/repo/afl-clang-lto -IZend/ -I/magma/targets/php/repo/Zend/ -I/magma/targets/php/repo/include -I/magma/targets/php/repo/main -I/magma/targets/php/repo -I/magma/targets/php/repo/ext/date/lib -I/magma/targets/php/repo/oniguruma/src -I/magma/targets/php/repo/ext/mbstring/libmbfl -I/magma/targets/php/repo/ext/mbstring/libmbfl/mbfl -I/magma/targets/php/repo/TSRM -I/magma/targets/php/repo/Zend    -fno-common -Wformat-truncation -Wall -Wextra -Wno-strict-aliasing -Wno-unused-parameter -Wno-sign-compare -g -O2 -fvisibility=hidden -DZEND_SIGNALS  -include /magma/magma/src/canary.h -DMAGMA_ENABLE_CANARIES    -g -O0 -fno-sanitize=object-size -DZEND_ENABLE_STATIC_TSRMLS_CACHE=1 -c /magma/targets/php/repo/Zend/zend_ast.c -o Zend/zend_ast.lo  -MMD -MF Zend/zend_ast.dep -MT Zend/zend_ast.lo
#23 45.77 /bin/bash /magma/targets/php/repo/libtool --silent --preserve-dup-deps --tag CC --mode=compile /magma/fuzzers/aflplusplus_lto_entropy/repo/afl-clang-lto -IZend/ -I/magma/targets/php/repo/Zend/ -I/magma/targets/php/repo/include -I/magma/targets/php/repo/main -I/magma/targets/php/repo -I/magma/targets/php/repo/ext/date/lib -I/magma/targets/php/repo/oniguruma/src -I/magma/targets/php/repo/ext/mbstring/libmbfl -I/magma/targets/php/repo/ext/mbstring/libmbfl/mbfl -I/magma/targets/php/repo/TSRM -I/magma/targets/php/repo/Zend    -fno-common -Wformat-truncation -Wall -Wextra -Wno-strict-aliasing -Wno-unused-parameter -Wno-sign-compare -g -O2 -fvisibility=hidden -DZEND_SIGNALS  -include /magma/magma/src/canary.h -DMAGMA_ENABLE_CANARIES    -g -O0 -fno-sanitize=object-size -DZEND_ENABLE_STATIC_TSRMLS_CACHE=1 -c /magma/targets/php/repo/Zend/zend_objects.c -o Zend/zend_objects.lo  -MMD -MF Zend/zend_objects.dep -MT Zend/zend_objects.lo
#23 45.77 /bin/bash /magma/targets/php/repo/libtool --silent --preserve-dup-deps --tag CC --mode=compile /magma/fuzzers/aflplusplus_lto_entropy/repo/afl-clang-lto -IZend/ -I/magma/targets/php/repo/Zend/ -I/magma/targets/php/repo/include -I/magma/targets/php/repo/main -I/magma/targets/php/repo -I/magma/targets/php/repo/ext/date/lib -I/magma/targets/php/repo/oniguruma/src -I/magma/targets/php/repo/ext/mbstring/libmbfl -I/magma/targets/php/repo/ext/mbstring/libmbfl/mbfl -I/magma/targets/php/repo/TSRM -I/magma/targets/php/repo/Zend    -fno-common -Wformat-truncation -Wall -Wextra -Wno-strict-aliasing -Wno-unused-parameter -Wno-sign-compare -g -O2 -fvisibility=hidden -DZEND_SIGNALS  -include /magma/magma/src/canary.h -DMAGMA_ENABLE_CANARIES    -g -O0 -fno-sanitize=object-size -DZEND_ENABLE_STATIC_TSRMLS_CACHE=1 -c /magma/targets/php/repo/Zend/zend_object_handlers.c -o Zend/zend_object_handlers.lo  -MMD -MF Zend/zend_object_handlers.dep -MT Zend/zend_object_handlers.lo
#23 45.79 /magma/targets/php/repo/ext/standard/string.c:4353:45: warning: variable 'block_length' set but not used [-Wunused-but-set-variable]
#23 45.79  4353 |         size_t block_start, block_end, block_type, block_length, i;
#23 45.79       |                                                    ^
#23 45.82 /bin/bash /magma/targets/php/repo/libtool --silent --preserve-dup-deps --tag CC --mode=compile /magma/fuzzers/aflplusplus_lto_entropy/repo/afl-clang-lto -IZend/ -I/magma/targets/php/repo/Zend/ -I/magma/targets/php/repo/include -I/magma/targets/php/repo/main -I/magma/targets/php/repo -I/magma/targets/php/repo/ext/date/lib -I/magma/targets/php/repo/oniguruma/src -I/magma/targets/php/repo/ext/mbstring/libmbfl -I/magma/targets/php/repo/ext/mbstring/libmbfl/mbfl -I/magma/targets/php/repo/TSRM -I/magma/targets/php/repo/Zend    -fno-common -Wformat-truncation -Wall -Wextra -Wno-strict-aliasing -Wno-unused-parameter -Wno-sign-compare -g -O2 -fvisibility=hidden -DZEND_SIGNALS  -include /magma/magma/src/canary.h -DMAGMA_ENABLE_CANARIES    -g -O0 -fno-sanitize=object-size -DZEND_ENABLE_STATIC_TSRMLS_CACHE=1 -c /magma/targets/php/repo/Zend/zend_objects_API.c -o Zend/zend_objects_API.lo  -MMD -MF Zend/zend_objects_API.dep -MT Zend/zend_objects_API.lo
#23 45.82 /bin/bash /magma/targets/php/repo/libtool --silent --preserve-dup-deps --tag CC --mode=compile /magma/fuzzers/aflplusplus_lto_entropy/repo/afl-clang-lto -IZend/ -I/magma/targets/php/repo/Zend/ -I/magma/targets/php/repo/include -I/magma/targets/php/repo/main -I/magma/targets/php/repo -I/magma/targets/php/repo/ext/date/lib -I/magma/targets/php/repo/oniguruma/src -I/magma/targets/php/repo/ext/mbstring/libmbfl -I/magma/targets/php/repo/ext/mbstring/libmbfl/mbfl -I/magma/targets/php/repo/TSRM -I/magma/targets/php/repo/Zend    -fno-common -Wformat-truncation -Wall -Wextra -Wno-strict-aliasing -Wno-unused-parameter -Wno-sign-compare -g -O2 -fvisibility=hidden -DZEND_SIGNALS  -include /magma/magma/src/canary.h -DMAGMA_ENABLE_CANARIES    -g -O0 -fno-sanitize=object-size -DZEND_ENABLE_STATIC_TSRMLS_CACHE=1 -c /magma/targets/php/repo/Zend/zend_default_classes.c -o Zend/zend_default_classes.lo  -MMD -MF Zend/zend_default_classes.dep -MT Zend/zend_default_classes.lo
#23 45.83 /bin/bash /magma/targets/php/repo/libtool --silent --preserve-dup-deps --tag CC --mode=compile /magma/fuzzers/aflplusplus_lto_entropy/repo/afl-clang-lto -IZend/ -I/magma/targets/php/repo/Zend/ -I/magma/targets/php/repo/include -I/magma/targets/php/repo/main -I/magma/targets/php/repo -I/magma/targets/php/repo/ext/date/lib -I/magma/targets/php/repo/oniguruma/src -I/magma/targets/php/repo/ext/mbstring/libmbfl -I/magma/targets/php/repo/ext/mbstring/libmbfl/mbfl -I/magma/targets/php/repo/TSRM -I/magma/targets/php/repo/Zend    -fno-common -Wformat-truncation -Wall -Wextra -Wno-strict-aliasing -Wno-unused-parameter -Wno-sign-compare -g -O2 -fvisibility=hidden -DZEND_SIGNALS  -include /magma/magma/src/canary.h -DMAGMA_ENABLE_CANARIES    -g -O0 -fno-sanitize=object-size -DZEND_ENABLE_STATIC_TSRMLS_CACHE=1 -c /magma/targets/php/repo/Zend/zend_inheritance.c -o Zend/zend_inheritance.lo  -MMD -MF Zend/zend_inheritance.dep -MT Zend/zend_inheritance.lo
#23 45.84 /bin/bash /magma/targets/php/repo/libtool --silent --preserve-dup-deps --tag CC --mode=compile /magma/fuzzers/aflplusplus_lto_entropy/repo/afl-clang-lto -IZend/ -I/magma/targets/php/repo/Zend/ -I/magma/targets/php/repo/include -I/magma/targets/php/repo/main -I/magma/targets/php/repo -I/magma/targets/php/repo/ext/date/lib -I/magma/targets/php/repo/oniguruma/src -I/magma/targets/php/repo/ext/mbstring/libmbfl -I/magma/targets/php/repo/ext/mbstring/libmbfl/mbfl -I/magma/targets/php/repo/TSRM -I/magma/targets/php/repo/Zend    -fno-common -Wformat-truncation -Wall -Wextra -Wno-strict-aliasing -Wno-unused-parameter -Wno-sign-compare -g -O2 -fvisibility=hidden -DZEND_SIGNALS  -include /magma/magma/src/canary.h -DMAGMA_ENABLE_CANARIES    -g -O0 -fno-sanitize=object-size -DZEND_ENABLE_STATIC_TSRMLS_CACHE=1 -c /magma/targets/php/repo/Zend/zend_smart_str.c -o Zend/zend_smart_str.lo  -MMD -MF Zend/zend_smart_str.dep -MT Zend/zend_smart_str.lo
#23 45.84 /bin/bash /magma/targets/php/repo/libtool --silent --preserve-dup-deps --tag CC --mode=compile /magma/fuzzers/aflplusplus_lto_entropy/repo/afl-clang-lto -IZend/ -I/magma/targets/php/repo/Zend/ -I/magma/targets/php/repo/include -I/magma/targets/php/repo/main -I/magma/targets/php/repo -I/magma/targets/php/repo/ext/date/lib -I/magma/targets/php/repo/oniguruma/src -I/magma/targets/php/repo/ext/mbstring/libmbfl -I/magma/targets/php/repo/ext/mbstring/libmbfl/mbfl -I/magma/targets/php/repo/TSRM -I/magma/targets/php/repo/Zend    -fno-common -Wformat-truncation -Wall -Wextra -Wno-strict-aliasing -Wno-unused-parameter -Wno-sign-compare -g -O2 -fvisibility=hidden -DZEND_SIGNALS  -include /magma/magma/src/canary.h -DMAGMA_ENABLE_CANARIES    -g -O0 -fno-sanitize=object-size -DZEND_ENABLE_STATIC_TSRMLS_CACHE=1 -c /magma/targets/php/repo/Zend/zend_cpuinfo.c -o Zend/zend_cpuinfo.lo  -MMD -MF Zend/zend_cpuinfo.dep -MT Zend/zend_cpuinfo.lo
#23 45.85 /bin/bash /magma/targets/php/repo/libtool --silent --preserve-dup-deps --tag CC --mode=compile /magma/fuzzers/aflplusplus_lto_entropy/repo/afl-clang-lto -IZend/ -I/magma/targets/php/repo/Zend/ -I/magma/targets/php/repo/include -I/magma/targets/php/repo/main -I/magma/targets/php/repo -I/magma/targets/php/repo/ext/date/lib -I/magma/targets/php/repo/oniguruma/src -I/magma/targets/php/repo/ext/mbstring/libmbfl -I/magma/targets/php/repo/ext/mbstring/libmbfl/mbfl -I/magma/targets/php/repo/TSRM -I/magma/targets/php/repo/Zend    -fno-common -Wformat-truncation -Wall -Wextra -Wno-strict-aliasing -Wno-unused-parameter -Wno-sign-compare -g -O2 -fvisibility=hidden -DZEND_SIGNALS  -include /magma/magma/src/canary.h -DMAGMA_ENABLE_CANARIES    -g -O0 -fno-sanitize=object-size -DZEND_ENABLE_STATIC_TSRMLS_CACHE=1 -c /magma/targets/php/repo/Zend/zend_gdb.c -o Zend/zend_gdb.lo  -MMD -MF Zend/zend_gdb.dep -MT Zend/zend_gdb.lo
#23 45.86 /bin/bash /magma/targets/php/repo/libtool --silent --preserve-dup-deps --tag CC --mode=compile /magma/fuzzers/aflplusplus_lto_entropy/repo/afl-clang-lto -IZend/ -I/magma/targets/php/repo/Zend/ -I/magma/targets/php/repo/include -I/magma/targets/php/repo/main -I/magma/targets/php/repo -I/magma/targets/php/repo/ext/date/lib -I/magma/targets/php/repo/oniguruma/src -I/magma/targets/php/repo/ext/mbstring/libmbfl -I/magma/targets/php/repo/ext/mbstring/libmbfl/mbfl -I/magma/targets/php/repo/TSRM -I/magma/targets/php/repo/Zend    -fno-common -Wformat-truncation -Wall -Wextra -Wno-strict-aliasing -Wno-unused-parameter -Wno-sign-compare -g -O2 -fvisibility=hidden -DZEND_SIGNALS  -include /magma/magma/src/canary.h -DMAGMA_ENABLE_CANARIES    -g -O0 -fno-sanitize=object-size -DZEND_ENABLE_STATIC_TSRMLS_CACHE=1 -c /magma/targets/php/repo/Zend/zend_observer.c -o Zend/zend_observer.lo  -MMD -MF Zend/zend_observer.dep -MT Zend/zend_observer.lo
#23 45.86 /bin/bash /magma/targets/php/repo/libtool --silent --preserve-dup-deps --tag CC --mode=compile /magma/fuzzers/aflplusplus_lto_entropy/repo/afl-clang-lto -IZend/ -I/magma/targets/php/repo/Zend/ -I/magma/targets/php/repo/include -I/magma/targets/php/repo/main -I/magma/targets/php/repo -I/magma/targets/php/repo/ext/date/lib -I/magma/targets/php/repo/oniguruma/src -I/magma/targets/php/repo/ext/mbstring/libmbfl -I/magma/targets/php/repo/ext/mbstring/libmbfl/mbfl -I/magma/targets/php/repo/TSRM -I/magma/targets/php/repo/Zend    -fno-common -Wformat-truncation -Wall -Wextra -Wno-strict-aliasing -Wno-unused-parameter -Wno-sign-compare -g -O2 -fvisibility=hidden -DZEND_SIGNALS  -include /magma/magma/src/canary.h -DMAGMA_ENABLE_CANARIES    -g -O0 -fno-sanitize=object-size -DZEND_ENABLE_STATIC_TSRMLS_CACHE=1 -c /magma/targets/php/repo/Zend/zend_system_id.c -o Zend/zend_system_id.lo  -MMD -MF Zend/zend_system_id.dep -MT Zend/zend_system_id.lo
#23 45.87 /bin/bash /magma/targets/php/repo/libtool --silent --preserve-dup-deps --tag CC --mode=compile /magma/fuzzers/aflplusplus_lto_entropy/repo/afl-clang-lto -IZend/ -I/magma/targets/php/repo/Zend/ -I/magma/targets/php/repo/include -I/magma/targets/php/repo/main -I/magma/targets/php/repo -I/magma/targets/php/repo/ext/date/lib -I/magma/targets/php/repo/oniguruma/src -I/magma/targets/php/repo/ext/mbstring/libmbfl -I/magma/targets/php/repo/ext/mbstring/libmbfl/mbfl -I/magma/targets/php/repo/TSRM -I/magma/targets/php/repo/Zend    -fno-common -Wformat-truncation -Wall -Wextra -Wno-strict-aliasing -Wno-unused-parameter -Wno-sign-compare -g -O2 -fvisibility=hidden -DZEND_SIGNALS  -include /magma/magma/src/canary.h -DMAGMA_ENABLE_CANARIES    -g -O0 -fno-sanitize=object-size -DZEND_ENABLE_STATIC_TSRMLS_CACHE=1 -c /magma/targets/php/repo/Zend/zend_enum.c -o Zend/zend_enum.lo  -MMD -MF Zend/zend_enum.dep -MT Zend/zend_enum.lo
#23 45.91 /bin/bash /magma/targets/php/repo/libtool --silent --preserve-dup-deps --tag CC --mode=compile /magma/fuzzers/aflplusplus_lto_entropy/repo/afl-clang-lto -IZend/ -I/magma/targets/php/repo/Zend/ -I/magma/targets/php/repo/include -I/magma/targets/php/repo/main -I/magma/targets/php/repo -I/magma/targets/php/repo/ext/date/lib -I/magma/targets/php/repo/oniguruma/src -I/magma/targets/php/repo/ext/mbstring/libmbfl -I/magma/targets/php/repo/ext/mbstring/libmbfl/mbfl -I/magma/targets/php/repo/TSRM -I/magma/targets/php/repo/Zend    -fno-common -Wformat-truncation -Wall -Wextra -Wno-strict-aliasing -Wno-unused-parameter -Wno-sign-compare -g -O2 -fvisibility=hidden -DZEND_SIGNALS  -include /magma/magma/src/canary.h -DMAGMA_ENABLE_CANARIES    -g -O0 -fno-sanitize=object-size -DZEND_ENABLE_STATIC_TSRMLS_CACHE=1 -c /magma/targets/php/repo/Zend/zend_fibers.c -o Zend/zend_fibers.lo  -MMD -MF Zend/zend_fibers.dep -MT Zend/zend_fibers.lo
#23 45.92 /bin/bash /magma/targets/php/repo/libtool --silent --preserve-dup-deps --tag CC --mode=compile /magma/fuzzers/aflplusplus_lto_entropy/repo/afl-clang-lto -IZend/ -I/magma/targets/php/repo/Zend/ -I/magma/targets/php/repo/include -I/magma/targets/php/repo/main -I/magma/targets/php/repo -I/magma/targets/php/repo/ext/date/lib -I/magma/targets/php/repo/oniguruma/src -I/magma/targets/php/repo/ext/mbstring/libmbfl -I/magma/targets/php/repo/ext/mbstring/libmbfl/mbfl -I/magma/targets/php/repo/TSRM -I/magma/targets/php/repo/Zend    -fno-common -Wformat-truncation -Wall -Wextra -Wno-strict-aliasing -Wno-unused-parameter -Wno-sign-compare -g -O2 -fvisibility=hidden -DZEND_SIGNALS  -include /magma/magma/src/canary.h -DMAGMA_ENABLE_CANARIES    -g -O0 -fno-sanitize=object-size -DZEND_ENABLE_STATIC_TSRMLS_CACHE=1 -c /magma/targets/php/repo/Zend/Optimizer/zend_optimizer.c -o Zend/Optimizer/zend_optimizer.lo  -MMD -MF Zend/Optimizer/zend_optimizer.dep -MT Zend/Optimizer/zend_optimizer.lo
#23 45.95 /bin/bash /magma/targets/php/repo/libtool --silent --preserve-dup-deps --tag CC --mode=compile /magma/fuzzers/aflplusplus_lto_entropy/repo/afl-clang-lto -IZend/ -I/magma/targets/php/repo/Zend/ -I/magma/targets/php/repo/include -I/magma/targets/php/repo/main -I/magma/targets/php/repo -I/magma/targets/php/repo/ext/date/lib -I/magma/targets/php/repo/oniguruma/src -I/magma/targets/php/repo/ext/mbstring/libmbfl -I/magma/targets/php/repo/ext/mbstring/libmbfl/mbfl -I/magma/targets/php/repo/TSRM -I/magma/targets/php/repo/Zend    -fno-common -Wformat-truncation -Wall -Wextra -Wno-strict-aliasing -Wno-unused-parameter -Wno-sign-compare -g -O2 -fvisibility=hidden -DZEND_SIGNALS  -include /magma/magma/src/canary.h -DMAGMA_ENABLE_CANARIES    -g -O0 -fno-sanitize=object-size -DZEND_ENABLE_STATIC_TSRMLS_CACHE=1 -c /magma/targets/php/repo/Zend/Optimizer/pass1.c -o Zend/Optimizer/pass1.lo  -MMD -MF Zend/Optimizer/pass1.dep -MT Zend/Optimizer/pass1.lo
#23 45.95 /bin/bash /magma/targets/php/repo/libtool --silent --preserve-dup-deps --tag CC --mode=compile /magma/fuzzers/aflplusplus_lto_entropy/repo/afl-clang-lto -IZend/ -I/magma/targets/php/repo/Zend/ -I/magma/targets/php/repo/include -I/magma/targets/php/repo/main -I/magma/targets/php/repo -I/magma/targets/php/repo/ext/date/lib -I/magma/targets/php/repo/oniguruma/src -I/magma/targets/php/repo/ext/mbstring/libmbfl -I/magma/targets/php/repo/ext/mbstring/libmbfl/mbfl -I/magma/targets/php/repo/TSRM -I/magma/targets/php/repo/Zend    -fno-common -Wformat-truncation -Wall -Wextra -Wno-strict-aliasing -Wno-unused-parameter -Wno-sign-compare -g -O2 -fvisibility=hidden -DZEND_SIGNALS  -include /magma/magma/src/canary.h -DMAGMA_ENABLE_CANARIES    -g -O0 -fno-sanitize=object-size -DZEND_ENABLE_STATIC_TSRMLS_CACHE=1 -c /magma/targets/php/repo/Zend/Optimizer/pass3.c -o Zend/Optimizer/pass3.lo  -MMD -MF Zend/Optimizer/pass3.dep -MT Zend/Optimizer/pass3.lo
#23 45.95 /bin/bash /magma/targets/php/repo/libtool --silent --preserve-dup-deps --tag CC --mode=compile /magma/fuzzers/aflplusplus_lto_entropy/repo/afl-clang-lto -IZend/ -I/magma/targets/php/repo/Zend/ -I/magma/targets/php/repo/include -I/magma/targets/php/repo/main -I/magma/targets/php/repo -I/magma/targets/php/repo/ext/date/lib -I/magma/targets/php/repo/oniguruma/src -I/magma/targets/php/repo/ext/mbstring/libmbfl -I/magma/targets/php/repo/ext/mbstring/libmbfl/mbfl -I/magma/targets/php/repo/TSRM -I/magma/targets/php/repo/Zend    -fno-common -Wformat-truncation -Wall -Wextra -Wno-strict-aliasing -Wno-unused-parameter -Wno-sign-compare -g -O2 -fvisibility=hidden -DZEND_SIGNALS  -include /magma/magma/src/canary.h -DMAGMA_ENABLE_CANARIES    -g -O0 -fno-sanitize=object-size -DZEND_ENABLE_STATIC_TSRMLS_CACHE=1 -c /magma/targets/php/repo/Zend/Optimizer/optimize_func_calls.c -o Zend/Optimizer/optimize_func_calls.lo  -MMD -MF Zend/Optimizer/optimize_func_calls.dep -MT Zend/Optimizer/optimize_func_calls.lo
#23 45.95 /bin/bash /magma/targets/php/repo/libtool --silent --preserve-dup-deps --tag CC --mode=compile /magma/fuzzers/aflplusplus_lto_entropy/repo/afl-clang-lto -IZend/ -I/magma/targets/php/repo/Zend/ -I/magma/targets/php/repo/include -I/magma/targets/php/repo/main -I/magma/targets/php/repo -I/magma/targets/php/repo/ext/date/lib -I/magma/targets/php/repo/oniguruma/src -I/magma/targets/php/repo/ext/mbstring/libmbfl -I/magma/targets/php/repo/ext/mbstring/libmbfl/mbfl -I/magma/targets/php/repo/TSRM -I/magma/targets/php/repo/Zend    -fno-common -Wformat-truncation -Wall -Wextra -Wno-strict-aliasing -Wno-unused-parameter -Wno-sign-compare -g -O2 -fvisibility=hidden -DZEND_SIGNALS  -include /magma/magma/src/canary.h -DMAGMA_ENABLE_CANARIES    -g -O0 -fno-sanitize=object-size -DZEND_ENABLE_STATIC_TSRMLS_CACHE=1 -c /magma/targets/php/repo/Zend/Optimizer/block_pass.c -o Zend/Optimizer/block_pass.lo  -MMD -MF Zend/Optimizer/block_pass.dep -MT Zend/Optimizer/block_pass.lo
#23 45.95 /bin/bash /magma/targets/php/repo/libtool --silent --preserve-dup-deps --tag CC --mode=compile /magma/fuzzers/aflplusplus_lto_entropy/repo/afl-clang-lto -IZend/ -I/magma/targets/php/repo/Zend/ -I/magma/targets/php/repo/include -I/magma/targets/php/repo/main -I/magma/targets/php/repo -I/magma/targets/php/repo/ext/date/lib -I/magma/targets/php/repo/oniguruma/src -I/magma/targets/php/repo/ext/mbstring/libmbfl -I/magma/targets/php/repo/ext/mbstring/libmbfl/mbfl -I/magma/targets/php/repo/TSRM -I/magma/targets/php/repo/Zend    -fno-common -Wformat-truncation -Wall -Wextra -Wno-strict-aliasing -Wno-unused-parameter -Wno-sign-compare -g -O2 -fvisibility=hidden -DZEND_SIGNALS  -include /magma/magma/src/canary.h -DMAGMA_ENABLE_CANARIES    -g -O0 -fno-sanitize=object-size -DZEND_ENABLE_STATIC_TSRMLS_CACHE=1 -c /magma/targets/php/repo/Zend/Optimizer/optimize_temp_vars_5.c -o Zend/Optimizer/optimize_temp_vars_5.lo  -MMD -MF Zend/Optimizer/optimize_temp_vars_5.dep -MT Zend/Optimizer/optimize_temp_vars_5.lo
#23 45.97 /bin/bash /magma/targets/php/repo/libtool --silent --preserve-dup-deps --tag CC --mode=compile /magma/fuzzers/aflplusplus_lto_entropy/repo/afl-clang-lto -IZend/ -I/magma/targets/php/repo/Zend/ -I/magma/targets/php/repo/include -I/magma/targets/php/repo/main -I/magma/targets/php/repo -I/magma/targets/php/repo/ext/date/lib -I/magma/targets/php/repo/oniguruma/src -I/magma/targets/php/repo/ext/mbstring/libmbfl -I/magma/targets/php/repo/ext/mbstring/libmbfl/mbfl -I/magma/targets/php/repo/TSRM -I/magma/targets/php/repo/Zend    -fno-common -Wformat-truncation -Wall -Wextra -Wno-strict-aliasing -Wno-unused-parameter -Wno-sign-compare -g -O2 -fvisibility=hidden -DZEND_SIGNALS  -include /magma/magma/src/canary.h -DMAGMA_ENABLE_CANARIES    -g -O0 -fno-sanitize=object-size -DZEND_ENABLE_STATIC_TSRMLS_CACHE=1 -c /magma/targets/php/repo/Zend/Optimizer/nop_removal.c -o Zend/Optimizer/nop_removal.lo  -MMD -MF Zend/Optimizer/nop_removal.dep -MT Zend/Optimizer/nop_removal.lo
#23 46.00 /bin/bash /magma/targets/php/repo/libtool --silent --preserve-dup-deps --tag CC --mode=compile /magma/fuzzers/aflplusplus_lto_entropy/repo/afl-clang-lto -IZend/ -I/magma/targets/php/repo/Zend/ -I/magma/targets/php/repo/include -I/magma/targets/php/repo/main -I/magma/targets/php/repo -I/magma/targets/php/repo/ext/date/lib -I/magma/targets/php/repo/oniguruma/src -I/magma/targets/php/repo/ext/mbstring/libmbfl -I/magma/targets/php/repo/ext/mbstring/libmbfl/mbfl -I/magma/targets/php/repo/TSRM -I/magma/targets/php/repo/Zend    -fno-common -Wformat-truncation -Wall -Wextra -Wno-strict-aliasing -Wno-unused-parameter -Wno-sign-compare -g -O2 -fvisibility=hidden -DZEND_SIGNALS  -include /magma/magma/src/canary.h -DMAGMA_ENABLE_CANARIES    -g -O0 -fno-sanitize=object-size -DZEND_ENABLE_STATIC_TSRMLS_CACHE=1 -c /magma/targets/php/repo/Zend/Optimizer/compact_literals.c -o Zend/Optimizer/compact_literals.lo  -MMD -MF Zend/Optimizer/compact_literals.dep -MT Zend/Optimizer/compact_literals.lo
#23 46.04 /magma/targets/php/repo/main/strlcat.c:/bin/bash /magma/targets/php/repo/libtool --silent --preserve-dup-deps --tag CC --mode=compile /magma/fuzzers/aflplusplus_lto_entropy/repo/afl-clang-lto -IZend/ -I/magma/targets/php/repo/Zend/ -I/magma/targets/php/repo/include -I/magma/targets/php/repo/main -I/magma/targets/php/repo -I/magma/targets/php/repo/ext/date/lib -I/magma/targets/php/repo/oniguruma/src -I/magma/targets/php/repo/ext/mbstring/libmbfl -I/magma/targets/php/repo/ext/mbstring/libmbfl/mbfl -I/magma/targets/php/repo/TSRM -I/magma/targets/php/repo/Zend    -fno-common -Wformat-truncation -Wall -Wextra -Wno-strict-aliasing -Wno-unused-parameter -Wno-sign-compare -g -O2 -fvisibility=hidden -DZEND_SIGNALS  -include /magma/magma/src/canary.h -DMAGMA_ENABLE_CANARIES    -g -O0 -fno-sanitize=object-size -DZEND_ENABLE_STATIC_TSRMLS_CACHE=1 -c /magma/targets/php/repo/Zend/Optimizer/zend_cfg.c -o Zend/Optimizer/zend_cfg.lo  -MMD -MF Zend/Optimizer/zend_cfg.dep -MT Zend/Optimizer/zend_cfg.lo
#23 46.04 64:15: warning: a function definition without a prototype is deprecated in all versions of C and is not supported in C23 [-Wdeprecated-non-prototype]
#23 46.04    64 | PHPAPI size_t php_strlcat(dst, src, siz)
#23 46.04       |               ^
#23 46.04 /bin/bash /magma/targets/php/repo/libtool --silent --preserve-dup-deps --tag CC --mode=compile /magma/fuzzers/aflplusplus_lto_entropy/repo/afl-clang-lto -IZend/ -I/magma/targets/php/repo/Zend/ -I/magma/targets/php/repo/include -I/magma/targets/php/repo/main -I/magma/targets/php/repo -I/magma/targets/php/repo/ext/date/lib -I/magma/targets/php/repo/oniguruma/src -I/magma/targets/php/repo/ext/mbstring/libmbfl -I/magma/targets/php/repo/ext/mbstring/libmbfl/mbfl -I/magma/targets/php/repo/TSRM -I/magma/targets/php/repo/Zend    -fno-common -Wformat-truncation -Wall -Wextra -Wno-strict-aliasing -Wno-unused-parameter -Wno-sign-compare -g -O2 -fvisibility=hidden -DZEND_SIGNALS  -include /magma/magma/src/canary.h -DMAGMA_ENABLE_CANARIES    -g -O0 -fno-sanitize=object-size -DZEND_ENABLE_STATIC_TSRMLS_CACHE=1 -c /magma/targets/php/repo/Zend/Optimizer/zend_dfg.c -o Zend/Optimizer/zend_dfg.lo  -MMD -MF Zend/Optimizer/zend_dfg.dep -MT Zend/Optimizer/zend_dfg.lo
#23 46.04 1 warning generated.
#23 46.06 /bin/bash /magma/targets/php/repo/libtool --silent --preserve-dup-deps --tag CC --mode=compile /magma/fuzzers/aflplusplus_lto_entropy/repo/afl-clang-lto -IZend/ -I/magma/targets/php/repo/Zend/ -I/magma/targets/php/repo/include -I/magma/targets/php/repo/main -I/magma/targets/php/repo -I/magma/targets/php/repo/ext/date/lib -I/magma/targets/php/repo/oniguruma/src -I/magma/targets/php/repo/ext/mbstring/libmbfl -I/magma/targets/php/repo/ext/mbstring/libmbfl/mbfl -I/magma/targets/php/repo/TSRM -I/magma/targets/php/repo/Zend    -fno-common -Wformat-truncation -Wall -Wextra -Wno-strict-aliasing -Wno-unused-parameter -Wno-sign-compare -g -O2 -fvisibility=hidden -DZEND_SIGNALS  -include /magma/magma/src/canary.h -DMAGMA_ENABLE_CANARIES    -g -O0 -fno-sanitize=object-size -DZEND_ENABLE_STATIC_TSRMLS_CACHE=1 -c /magma/targets/php/repo/Zend/Optimizer/dfa_pass.c -o Zend/Optimizer/dfa_pass.lo  -MMD -MF Zend/Optimizer/dfa_pass.dep -MT Zend/Optimizer/dfa_pass.lo
#23 46.06 /bin/bash /magma/targets/php/repo/libtool --silent --preserve-dup-deps --tag CC --mode=compile /magma/fuzzers/aflplusplus_lto_entropy/repo/afl-clang-lto -IZend/ -I/magma/targets/php/repo/Zend/ -I/magma/targets/php/repo/include -I/magma/targets/php/repo/main -I/magma/targets/php/repo -I/magma/targets/php/repo/ext/date/lib -I/magma/targets/php/repo/oniguruma/src -I/magma/targets/php/repo/ext/mbstring/libmbfl -I/magma/targets/php/repo/ext/mbstring/libmbfl/mbfl -I/magma/targets/php/repo/TSRM -I/magma/targets/php/repo/Zend    -fno-common -Wformat-truncation -Wall -Wextra -Wno-strict-aliasing -Wno-unused-parameter -Wno-sign-compare -g -O2 -fvisibility=hidden -DZEND_SIGNALS  -include /magma/magma/src/canary.h -DMAGMA_ENABLE_CANARIES    -g -O0 -fno-sanitize=object-size -DZEND_ENABLE_STATIC_TSRMLS_CACHE=1 -c /magma/targets/php/repo/Zend/Optimizer/zend_ssa.c -o Zend/Optimizer/zend_ssa.lo  -MMD -MF Zend/Optimizer/zend_ssa.dep -MT Zend/Optimizer/zend_ssa.lo
#23 46.07 /bin/bash /magma/targets/php/repo/libtool --silent --preserve-dup-deps --tag CC --mode=compile /magma/fuzzers/aflplusplus_lto_entropy/repo/afl-clang-lto -IZend/ -I/magma/targets/php/repo/Zend/ -I/magma/targets/php/repo/include -I/magma/targets/php/repo/main -I/magma/targets/php/repo -I/magma/targets/php/repo/ext/date/lib -I/magma/targets/php/repo/oniguruma/src -I/magma/targets/php/repo/ext/mbstring/libmbfl -I/magma/targets/php/repo/ext/mbstring/libmbfl/mbfl -I/magma/targets/php/repo/TSRM -I/magma/targets/php/repo/Zend    -fno-common -Wformat-truncation -Wall -Wextra -Wno-strict-aliasing -Wno-unused-parameter -Wno-sign-compare -g -O2 -fvisibility=hidden -DZEND_SIGNALS  -include /magma/magma/src/canary.h -DMAGMA_ENABLE_CANARIES    -g -O0 -fno-sanitize=object-size -DZEND_ENABLE_STATIC_TSRMLS_CACHE=1 -c /magma/targets/php/repo/Zend/Optimizer/zend_inference.c -o Zend/Optimizer/zend_inference.lo  -MMD -MF Zend/Optimizer/zend_inference.dep -MT Zend/Optimizer/zend_inference.lo
#23 46.07 /magma/targets/php/repo/main/strlcpy.c:62:15: warning: a function definition without a prototype is deprecated in all versions of C and is not supported in C23 [-Wdeprecated-non-prototype]
#23 46.07    62 | PHPAPI size_t php_strlcpy(dst, src, siz)
#23 46.07       |               ^
#23 46.08 /bin/bash /magma/targets/php/repo/libtool --silent --preserve-dup-deps --tag CC --mode=compile /magma/fuzzers/aflplusplus_lto_entropy/repo/afl-clang-lto -IZend/ -I/magma/targets/php/repo/Zend/ -I/magma/targets/php/repo/include -I/magma/targets/php/repo/main -I/magma/targets/php/repo -I/magma/targets/php/repo/ext/date/lib -I/magma/targets/php/repo/oniguruma/src -I/magma/targets/php/repo/ext/mbstring/libmbfl -I/magma/targets/php/repo/ext/mbstring/libmbfl/mbfl -I/magma/targets/php/repo/TSRM -I/magma/targets/php/repo/Zend    -fno-common -Wformat-truncation -Wall -Wextra -Wno-strict-aliasing -Wno-unused-parameter -Wno-sign-compare -g -O2 -fvisibility=hidden -DZEND_SIGNALS  -include /magma/magma/src/canary.h -DMAGMA_ENABLE_CANARIES    -g -O0 -fno-sanitize=object-size -DZEND_ENABLE_STATIC_TSRMLS_CACHE=1 -c /magma/targets/php/repo/Zend/Optimizer/zend_func_info.c -o Zend/Optimizer/zend_func_info.lo  -MMD -MF Zend/Optimizer/zend_func_info.dep -MT Zend/Optimizer/zend_func_info.lo
#23 46.08 /bin/bash /magma/targets/php/repo/libtool --silent --preserve-dup-deps --tag CC --mode=compile /magma/fuzzers/aflplusplus_lto_entropy/repo/afl-clang-lto -IZend/ -I/magma/targets/php/repo/Zend/ -I/magma/targets/php/repo/include -I/magma/targets/php/repo/main -I/magma/targets/php/repo -I/magma/targets/php/repo/ext/date/lib -I/magma/targets/php/repo/oniguruma/src -I/magma/targets/php/repo/ext/mbstring/libmbfl -I/magma/targets/php/repo/ext/mbstring/libmbfl/mbfl -I/magma/targets/php/repo/TSRM -I/magma/targets/php/repo/Zend    -fno-common -Wformat-truncation -Wall -Wextra -Wno-strict-aliasing -Wno-unused-parameter -Wno-sign-compare -g -O2 -fvisibility=hidden -DZEND_SIGNALS  -include /magma/magma/src/canary.h -DMAGMA_ENABLE_CANARIES    -g -O0 -fno-sanitize=object-size -DZEND_ENABLE_STATIC_TSRMLS_CACHE=1 -c /magma/targets/php/repo/Zend/Optimizer/zend_call_graph.c -o Zend/Optimizer/zend_call_graph.lo  -MMD -MF Zend/Optimizer/zend_call_graph.dep -MT Zend/Optimizer/zend_call_graph.lo
#23 46.08 1 warning generated.
#23 46.09 /bin/bash /magma/targets/php/repo/libtool --silent --preserve-dup-deps --tag CC --mode=compile /magma/fuzzers/aflplusplus_lto_entropy/repo/afl-clang-lto -IZend/ -I/magma/targets/php/repo/Zend/ -I/magma/targets/php/repo/include -I/magma/targets/php/repo/main -I/magma/targets/php/repo -I/magma/targets/php/repo/ext/date/lib -I/magma/targets/php/repo/oniguruma/src -I/magma/targets/php/repo/ext/mbstring/libmbfl -I/magma/targets/php/repo/ext/mbstring/libmbfl/mbfl -I/magma/targets/php/repo/TSRM -I/magma/targets/php/repo/Zend    -fno-common -Wformat-truncation -Wall -Wextra -Wno-strict-aliasing -Wno-unused-parameter -Wno-sign-compare -g -O2 -fvisibility=hidden -DZEND_SIGNALS  -include /magma/magma/src/canary.h -DMAGMA_ENABLE_CANARIES    -g -O0 -fno-sanitize=object-size -DZEND_ENABLE_STATIC_TSRMLS_CACHE=1 -c /magma/targets/php/repo/Zend/Optimizer/sccp.c -o Zend/Optimizer/sccp.lo  -MMD -MF Zend/Optimizer/sccp.dep -MT Zend/Optimizer/sccp.lo
#23 46.09 /bin/bash /magma/targets/php/repo/libtool --silent --preserve-dup-deps --tag CC --mode=compile /magma/fuzzers/aflplusplus_lto_entropy/repo/afl-clang-lto -IZend/ -I/magma/targets/php/repo/Zend/ -I/magma/targets/php/repo/include -I/magma/targets/php/repo/main -I/magma/targets/php/repo -I/magma/targets/php/repo/ext/date/lib -I/magma/targets/php/repo/oniguruma/src -I/magma/targets/php/repo/ext/mbstring/libmbfl -I/magma/targets/php/repo/ext/mbstring/libmbfl/mbfl -I/magma/targets/php/repo/TSRM -I/magma/targets/php/repo/Zend    -fno-common -Wformat-truncation -Wall -Wextra -Wno-strict-aliasing -Wno-unused-parameter -Wno-sign-compare -g -O2 -fvisibility=hidden -DZEND_SIGNALS  -include /magma/magma/src/canary.h -DMAGMA_ENABLE_CANARIES    -g -O0 -fno-sanitize=object-size -DZEND_ENABLE_STATIC_TSRMLS_CACHE=1 -c /magma/targets/php/repo/Zend/Optimizer/scdf.c -o Zend/Optimizer/scdf.lo  -MMD -MF Zend/Optimizer/scdf.dep -MT Zend/Optimizer/scdf.lo
#23 46.09 /bin/bash /magma/targets/php/repo/libtool --silent --preserve-dup-deps --tag CC --mode=compile /magma/fuzzers/aflplusplus_lto_entropy/repo/afl-clang-lto -IZend/ -I/magma/targets/php/repo/Zend/ -I/magma/targets/php/repo/include -I/magma/targets/php/repo/main -I/magma/targets/php/repo -I/magma/targets/php/repo/ext/date/lib -I/magma/targets/php/repo/oniguruma/src -I/magma/targets/php/repo/ext/mbstring/libmbfl -I/magma/targets/php/repo/ext/mbstring/libmbfl/mbfl -I/magma/targets/php/repo/TSRM -I/magma/targets/php/repo/Zend    -fno-common -Wformat-truncation -Wall -Wextra -Wno-strict-aliasing -Wno-unused-parameter -Wno-sign-compare -g -O2 -fvisibility=hidden -DZEND_SIGNALS  -include /magma/magma/src/canary.h -DMAGMA_ENABLE_CANARIES    -g -O0 -fno-sanitize=object-size -DZEND_ENABLE_STATIC_TSRMLS_CACHE=1 -c /magma/targets/php/repo/Zend/Optimizer/dce.c -o Zend/Optimizer/dce.lo  -MMD -MF Zend/Optimizer/dce.dep -MT Zend/Optimizer/dce.lo
#23 46.10 /bin/bash /magma/targets/php/repo/libtool --silent --preserve-dup-deps --tag CC --mode=compile /magma/fuzzers/aflplusplus_lto_entropy/repo/afl-clang-lto -IZend/ -I/magma/targets/php/repo/Zend/ -I/magma/targets/php/repo/include -I/magma/targets/php/repo/main -I/magma/targets/php/repo -I/magma/targets/php/repo/ext/date/lib -I/magma/targets/php/repo/oniguruma/src -I/magma/targets/php/repo/ext/mbstring/libmbfl -I/magma/targets/php/repo/ext/mbstring/libmbfl/mbfl -I/magma/targets/php/repo/TSRM -I/magma/targets/php/repo/Zend    -fno-common -Wformat-truncation -Wall -Wextra -Wno-strict-aliasing -Wno-unused-parameter -Wno-sign-compare -g -O2 -fvisibility=hidden -DZEND_SIGNALS  -include /magma/magma/src/canary.h -DMAGMA_ENABLE_CANARIES    -g -O0 -fno-sanitize=object-size -DZEND_ENABLE_STATIC_TSRMLS_CACHE=1 -c /magma/targets/php/repo/Zend/Optimizer/escape_analysis.c -o Zend/Optimizer/escape_analysis.lo  -MMD -MF Zend/Optimizer/escape_analysis.dep -MT Zend/Optimizer/escape_analysis.lo
#23 46.10 /bin/bash /magma/targets/php/repo/libtool --silent --preserve-dup-deps --tag CC --mode=compile /magma/fuzzers/aflplusplus_lto_entropy/repo/afl-clang-lto -IZend/ -I/magma/targets/php/repo/Zend/ -I/magma/targets/php/repo/include -I/magma/targets/php/repo/main -I/magma/targets/php/repo -I/magma/targets/php/repo/ext/date/lib -I/magma/targets/php/repo/oniguruma/src -I/magma/targets/php/repo/ext/mbstring/libmbfl -I/magma/targets/php/repo/ext/mbstring/libmbfl/mbfl -I/magma/targets/php/repo/TSRM -I/magma/targets/php/repo/Zend    -fno-common -Wformat-truncation -Wall -Wextra -Wno-strict-aliasing -Wno-unused-parameter -Wno-sign-compare -g -O2 -fvisibility=hidden -DZEND_SIGNALS  -include /magma/magma/src/canary.h -DMAGMA_ENABLE_CANARIES    -g -O0 -fno-sanitize=object-size -DZEND_ENABLE_STATIC_TSRMLS_CACHE=1 -c /magma/targets/php/repo/Zend/Optimizer/compact_vars.c -o Zend/Optimizer/compact_vars.lo  -MMD -MF Zend/Optimizer/compact_vars.dep -MT Zend/Optimizer/compact_vars.lo
#23 46.10 /bin/bash /magma/targets/php/repo/libtool --silent --preserve-dup-deps --tag CC --mode=compile /magma/fuzzers/aflplusplus_lto_entropy/repo/afl-clang-lto -IZend/ -I/magma/targets/php/repo/Zend/ -I/magma/targets/php/repo/include -I/magma/targets/php/repo/main -I/magma/targets/php/repo -I/magma/targets/php/repo/ext/date/lib -I/magma/targets/php/repo/oniguruma/src -I/magma/targets/php/repo/ext/mbstring/libmbfl -I/magma/targets/php/repo/ext/mbstring/libmbfl/mbfl -I/magma/targets/php/repo/TSRM -I/magma/targets/php/repo/Zend    -fno-common -Wformat-truncation -Wall -Wextra -Wno-strict-aliasing -Wno-unused-parameter -Wno-sign-compare -g -O2 -fvisibility=hidden -DZEND_SIGNALS  -include /magma/magma/src/canary.h -DMAGMA_ENABLE_CANARIES    -g -O0 -fno-sanitize=object-size -DZEND_ENABLE_STATIC_TSRMLS_CACHE=1 -c /magma/targets/php/repo/Zend/Optimizer/zend_dump.c -o Zend/Optimizer/zend_dump.lo  -MMD -MF Zend/Optimizer/zend_dump.dep -MT Zend/Optimizer/zend_dump.lo
#23 46.13 /bin/bash /magma/targets/php/repo/libtool --silent --preserve-dup-deps --tag CC --mode=compile /magma/fuzzers/aflplusplus_lto_entropy/repo/afl-clang-lto -Imain/ -I/magma/targets/php/repo/main/ -I/magma/targets/php/repo/include -I/magma/targets/php/repo/main -I/magma/targets/php/repo -I/magma/targets/php/repo/ext/date/lib -I/magma/targets/php/repo/oniguruma/src -I/magma/targets/php/repo/ext/mbstring/libmbfl -I/magma/targets/php/repo/ext/mbstring/libmbfl/mbfl -I/magma/targets/php/repo/TSRM -I/magma/targets/php/repo/Zend    -fno-common -Wformat-truncation -Wall -Wextra -Wno-strict-aliasing -Wno-unused-parameter -Wno-sign-compare -g -O2 -fvisibility=hidden -DZEND_SIGNALS  -include /magma/magma/src/canary.h -DMAGMA_ENABLE_CANARIES    -g -O0 -fno-sanitize=object-size -DZEND_ENABLE_STATIC_TSRMLS_CACHE=1 -c main/internal_functions_cli.c -o main/internal_functions_cli.lo  -MMD -MF main/internal_functions_cli.dep -MT main/internal_functions_cli.lo
#23 46.14 /bin/bash /magma/targets/php/repo/libtool --silent --preserve-dup-deps --tag CC --mode=compile /magma/fuzzers/aflplusplus_lto_entropy/repo/afl-clang-lto -Isapi/cli/ -I/magma/targets/php/repo/sapi/cli/ -I/magma/targets/php/repo/include -I/magma/targets/php/repo/main -I/magma/targets/php/repo -I/magma/targets/php/repo/ext/date/lib -I/magma/targets/php/repo/oniguruma/src -I/magma/targets/php/repo/ext/mbstring/libmbfl -I/magma/targets/php/repo/ext/mbstring/libmbfl/mbfl -I/magma/targets/php/repo/TSRM -I/magma/targets/php/repo/Zend    -fno-common -Wformat-truncation -Wall -Wextra -Wno-strict-aliasing -Wno-unused-parameter -Wno-sign-compare -g -O2 -fvisibility=hidden -DZEND_SIGNALS  -include /magma/magma/src/canary.h -DMAGMA_ENABLE_CANARIES    -g -O0 -fno-sanitize=object-size -DZEND_ENABLE_STATIC_TSRMLS_CACHE=1 -c /magma/targets/php/repo/sapi/cli/php_cli.c -o sapi/cli/php_cli.lo  -MMD -MF sapi/cli/php_cli.dep -MT sapi/cli/php_cli.lo
#23 46.14 /bin/bash /magma/targets/php/repo/libtool --silent --preserve-dup-deps --tag CC --mode=compile /magma/fuzzers/aflplusplus_lto_entropy/repo/afl-clang-lto -Isapi/cli/ -I/magma/targets/php/repo/sapi/cli/ -I/magma/targets/php/repo/include -I/magma/targets/php/repo/main -I/magma/targets/php/repo -I/magma/targets/php/repo/ext/date/lib -I/magma/targets/php/repo/oniguruma/src -I/magma/targets/php/repo/ext/mbstring/libmbfl -I/magma/targets/php/repo/ext/mbstring/libmbfl/mbfl -I/magma/targets/php/repo/TSRM -I/magma/targets/php/repo/Zend    -fno-common -Wformat-truncation -Wall -Wextra -Wno-strict-aliasing -Wno-unused-parameter -Wno-sign-compare -g -O2 -fvisibility=hidden -DZEND_SIGNALS  -include /magma/magma/src/canary.h -DMAGMA_ENABLE_CANARIES    -g -O0 -fno-sanitize=object-size -DZEND_ENABLE_STATIC_TSRMLS_CACHE=1 -c /magma/targets/php/repo/sapi/cli/php_http_parser.c -o sapi/cli/php_http_parser.lo  -MMD -MF sapi/cli/php_http_parser.dep -MT sapi/cli/php_http_parser.lo
#23 46.15 /bin/bash /magma/targets/php/repo/libtool --silent --preserve-dup-deps --tag CC --mode=compile /magma/fuzzers/aflplusplus_lto_entropy/repo/afl-clang-lto -Isapi/cli/ -I/magma/targets/php/repo/sapi/cli/ -I/magma/targets/php/repo/include -I/magma/targets/php/repo/main -I/magma/targets/php/repo -I/magma/targets/php/repo/ext/date/lib -I/magma/targets/php/repo/oniguruma/src -I/magma/targets/php/repo/ext/mbstring/libmbfl -I/magma/targets/php/repo/ext/mbstring/libmbfl/mbfl -I/magma/targets/php/repo/TSRM -I/magma/targets/php/repo/Zend    -fno-common -Wformat-truncation -Wall -Wextra -Wno-strict-aliasing -Wno-unused-parameter -Wno-sign-compare -g -O2 -fvisibility=hidden -DZEND_SIGNALS  -include /magma/magma/src/canary.h -DMAGMA_ENABLE_CANARIES    -g -O0 -fno-sanitize=object-size -DZEND_ENABLE_STATIC_TSRMLS_CACHE=1 -c /magma/targets/php/repo/sapi/cli/php_cli_server.c -o sapi/cli/php_cli_server.lo  -MMD -MF sapi/cli/php_cli_server.dep -MT sapi/cli/php_cli_server.lo
#23 46.15 /bin/bash /magma/targets/php/repo/libtool --silent --preserve-dup-deps --tag CC --mode=compile /magma/fuzzers/aflplusplus_lto_entropy/repo/afl-clang-lto -Isapi/cli/ -I/magma/targets/php/repo/sapi/cli/ -I/magma/targets/php/repo/include -I/magma/targets/php/repo/main -I/magma/targets/php/repo -I/magma/targets/php/repo/ext/date/lib -I/magma/targets/php/repo/oniguruma/src -I/magma/targets/php/repo/ext/mbstring/libmbfl -I/magma/targets/php/repo/ext/mbstring/libmbfl/mbfl -I/magma/targets/php/repo/TSRM -I/magma/targets/php/repo/Zend    -fno-common -Wformat-truncation -Wall -Wextra -Wno-strict-aliasing -Wno-unused-parameter -Wno-sign-compare -g -O2 -fvisibility=hidden -DZEND_SIGNALS  -include /magma/magma/src/canary.h -DMAGMA_ENABLE_CANARIES    -g -O0 -fno-sanitize=object-size -DZEND_ENABLE_STATIC_TSRMLS_CACHE=1 -c /magma/targets/php/repo/sapi/cli/ps_title.c -o sapi/cli/ps_title.lo  -MMD -MF sapi/cli/ps_title.dep -MT sapi/cli/ps_title.lo
#23 46.17 /bin/bash /magma/targets/php/repo/libtool --silent --preserve-dup-deps --tag CC --mode=compile /magma/fuzzers/aflplusplus_lto_entropy/repo/afl-clang-lto -Isapi/cli/ -I/magma/targets/php/repo/sapi/cli/ -I/magma/targets/php/repo/include -I/magma/targets/php/repo/main -I/magma/targets/php/repo -I/magma/targets/php/repo/ext/date/lib -I/magma/targets/php/repo/oniguruma/src -I/magma/targets/php/repo/ext/mbstring/libmbfl -I/magma/targets/php/repo/ext/mbstring/libmbfl/mbfl -I/magma/targets/php/repo/TSRM -I/magma/targets/php/repo/Zend    -fno-common -Wformat-truncation -Wall -Wextra -Wno-strict-aliasing -Wno-unused-parameter -Wno-sign-compare -g -O2 -fvisibility=hidden -DZEND_SIGNALS  -include /magma/magma/src/canary.h -DMAGMA_ENABLE_CANARIES    -g -O0 -fno-sanitize=object-size -DZEND_ENABLE_STATIC_TSRMLS_CACHE=1 -c /magma/targets/php/repo/sapi/cli/php_cli_process_title.c -o sapi/cli/php_cli_process_title.lo  -MMD -MF sapi/cli/php_cli_process_title.dep -MT sapi/cli/php_cli_process_title.lo
#23 46.17 /bin/bash /magma/targets/php/repo/libtool --silent --preserve-dup-deps --tag CC --mode=compile /magma/fuzzers/aflplusplus_lto_entropy/repo/afl-clang-lto -Imain/ -I/magma/targets/php/repo/main/ -I/magma/targets/php/repo/include -I/magma/targets/php/repo/main -I/magma/targets/php/repo -I/magma/targets/php/repo/ext/date/lib -I/magma/targets/php/repo/oniguruma/src -I/magma/targets/php/repo/ext/mbstring/libmbfl -I/magma/targets/php/repo/ext/mbstring/libmbfl/mbfl -I/magma/targets/php/repo/TSRM -I/magma/targets/php/repo/Zend    -fno-common -Wformat-truncation -Wall -Wextra -Wno-strict-aliasing -Wno-unused-parameter -Wno-sign-compare -g -O2 -fvisibility=hidden -DZEND_SIGNALS  -include /magma/magma/src/canary.h -DMAGMA_ENABLE_CANARIES    -g -O0 -fno-sanitize=object-size -DZEND_ENABLE_STATIC_TSRMLS_CACHE=1 -c main/internal_functions.c -o main/internal_functions.lo  -MMD -MF main/internal_functions.dep -MT main/internal_functions.lo
#23 46.18 /bin/bash /magma/targets/php/repo/libtool --silent --preserve-dup-deps --tag CC --mode=compile /magma/fuzzers/aflplusplus_lto_entropy/repo/afl-clang-lto -Isapi/fuzzer/ -I/magma/targets/php/repo/sapi/fuzzer/ -I/magma/targets/php/repo/include -I/magma/targets/php/repo/main -I/magma/targets/php/repo -I/magma/targets/php/repo/ext/date/lib -I/magma/targets/php/repo/oniguruma/src -I/magma/targets/php/repo/ext/mbstring/libmbfl -I/magma/targets/php/repo/ext/mbstring/libmbfl/mbfl -I/magma/targets/php/repo/TSRM -I/magma/targets/php/repo/Zend    -fno-common -Wformat-truncation -Wall -Wextra -Wno-strict-aliasing -Wno-unused-parameter -Wno-sign-compare -g -O2 -fvisibility=hidden -DZEND_SIGNALS  -include /magma/magma/src/canary.h -DMAGMA_ENABLE_CANARIES    -g -O0 -fno-sanitize=object-size  -c /magma/targets/php/repo/sapi/fuzzer/fuzzer-parser.c -o sapi/fuzzer/fuzzer-parser.lo  -MMD -MF sapi/fuzzer/fuzzer-parser.dep -MT sapi/fuzzer/fuzzer-parser.lo
#23 46.18 /bin/bash /magma/targets/php/repo/libtool --silent --preserve-dup-deps --tag CC --mode=compile /magma/fuzzers/aflplusplus_lto_entropy/repo/afl-clang-lto -Isapi/fuzzer/ -I/magma/targets/php/repo/sapi/fuzzer/ -I/magma/targets/php/repo/include -I/magma/targets/php/repo/main -I/magma/targets/php/repo -I/magma/targets/php/repo/ext/date/lib -I/magma/targets/php/repo/oniguruma/src -I/magma/targets/php/repo/ext/mbstring/libmbfl -I/magma/targets/php/repo/ext/mbstring/libmbfl/mbfl -I/magma/targets/php/repo/TSRM -I/magma/targets/php/repo/Zend    -fno-common -Wformat-truncation -Wall -Wextra -Wno-strict-aliasing -Wno-unused-parameter -Wno-sign-compare -g -O2 -fvisibility=hidden -DZEND_SIGNALS  -include /magma/magma/src/canary.h -DMAGMA_ENABLE_CANARIES    -g -O0 -fno-sanitize=object-size  -c /magma/targets/php/repo/sapi/fuzzer/fuzzer-sapi.c -o sapi/fuzzer/fuzzer-sapi.lo  -MMD -MF sapi/fuzzer/fuzzer-sapi.dep -MT sapi/fuzzer/fuzzer-sapi.lo
#23 46.19 /bin/bash /magma/targets/php/repo/libtool --silent --preserve-dup-deps --tag CC --mode=compile /magma/fuzzers/aflplusplus_lto_entropy/repo/afl-clang-lto -Isapi/fuzzer/ -I/magma/targets/php/repo/sapi/fuzzer/ -I/magma/targets/php/repo/include -I/magma/targets/php/repo/main -I/magma/targets/php/repo -I/magma/targets/php/repo/ext/date/lib -I/magma/targets/php/repo/oniguruma/src -I/magma/targets/php/repo/ext/mbstring/libmbfl -I/magma/targets/php/repo/ext/mbstring/libmbfl/mbfl -I/magma/targets/php/repo/TSRM -I/magma/targets/php/repo/Zend    -fno-common -Wformat-truncation -Wall -Wextra -Wno-strict-aliasing -Wno-unused-parameter -Wno-sign-compare -g -O2 -fvisibility=hidden -DZEND_SIGNALS  -include /magma/magma/src/canary.h -DMAGMA_ENABLE_CANARIES    -g -O0 -fno-sanitize=object-size  -c /magma/targets/php/repo/sapi/fuzzer/fuzzer-execute.c -o sapi/fuzzer/fuzzer-execute.lo  -MMD -MF sapi/fuzzer/fuzzer-execute.dep -MT sapi/fuzzer/fuzzer-execute.lo
#23 46.20 /bin/bash /magma/targets/php/repo/libtool --silent --preserve-dup-deps --tag CC --mode=compile /magma/fuzzers/aflplusplus_lto_entropy/repo/afl-clang-lto -Isapi/fuzzer/ -I/magma/targets/php/repo/sapi/fuzzer/ -I/magma/targets/php/repo/include -I/magma/targets/php/repo/main -I/magma/targets/php/repo -I/magma/targets/php/repo/ext/date/lib -I/magma/targets/php/repo/oniguruma/src -I/magma/targets/php/repo/ext/mbstring/libmbfl -I/magma/targets/php/repo/ext/mbstring/libmbfl/mbfl -I/magma/targets/php/repo/TSRM -I/magma/targets/php/repo/Zend    -fno-common -Wformat-truncation -Wall -Wextra -Wno-strict-aliasing -Wno-unused-parameter -Wno-sign-compare -g -O2 -fvisibility=hidden -DZEND_SIGNALS  -include /magma/magma/src/canary.h -DMAGMA_ENABLE_CANARIES    -g -O0 -fno-sanitize=object-size  -c /magma/targets/php/repo/sapi/fuzzer/fuzzer-unserialize.c -o sapi/fuzzer/fuzzer-unserialize.lo  -MMD -MF sapi/fuzzer/fuzzer-unserialize.dep -MT sapi/fuzzer/fuzzer-unserialize.lo
#23 46.20 /bin/bash /magma/targets/php/repo/libtool --silent --preserve-dup-deps --tag CC --mode=compile /magma/fuzzers/aflplusplus_lto_entropy/repo/afl-clang-lto -Isapi/fuzzer/ -I/magma/targets/php/repo/sapi/fuzzer/ -I/magma/targets/php/repo/include -I/magma/targets/php/repo/main -I/magma/targets/php/repo -I/magma/targets/php/repo/ext/date/lib -I/magma/targets/php/repo/oniguruma/src -I/magma/targets/php/repo/ext/mbstring/libmbfl -I/magma/targets/php/repo/ext/mbstring/libmbfl/mbfl -I/magma/targets/php/repo/TSRM -I/magma/targets/php/repo/Zend    -fno-common -Wformat-truncation -Wall -Wextra -Wno-strict-aliasing -Wno-unused-parameter -Wno-sign-compare -g -O2 -fvisibility=hidden -DZEND_SIGNALS  -include /magma/magma/src/canary.h -DMAGMA_ENABLE_CANARIES    -g -O0 -fno-sanitize=object-size  -c /magma/targets/php/repo/sapi/fuzzer/fuzzer-unserializehash.c -o sapi/fuzzer/fuzzer-unserializehash.lo  -MMD -MF sapi/fuzzer/fuzzer-unserializehash.dep -MT sapi/fuzzer/fuzzer-unserializehash.lo
#23 46.21 /bin/bash /magma/targets/php/repo/libtool --silent --preserve-dup-deps --tag CC --mode=compile /magma/fuzzers/aflplusplus_lto_entropy/repo/afl-clang-lto -Isapi/fuzzer/ -I/magma/targets/php/repo/sapi/fuzzer/ -I/magma/targets/php/repo/include -I/magma/targets/php/repo/main -I/magma/targets/php/repo -I/magma/targets/php/repo/ext/date/lib -I/magma/targets/php/repo/oniguruma/src -I/magma/targets/php/repo/ext/mbstring/libmbfl -I/magma/targets/php/repo/ext/mbstring/libmbfl/mbfl -I/magma/targets/php/repo/TSRM -I/magma/targets/php/repo/Zend    -fno-common -Wformat-truncation -Wall -Wextra -Wno-strict-aliasing -Wno-unused-parameter -Wno-sign-compare -g -O2 -fvisibility=hidden -DZEND_SIGNALS  -include /magma/magma/src/canary.h -DMAGMA_ENABLE_CANARIES    -g -O0 -fno-sanitize=object-size  -c /magma/targets/php/repo/sapi/fuzzer/fuzzer-json.c -o sapi/fuzzer/fuzzer-json.lo  -MMD -MF sapi/fuzzer/fuzzer-json.dep -MT sapi/fuzzer/fuzzer-json.lo
#23 46.22 1 warning generated.
#23 46.23 /bin/bash /magma/targets/php/repo/libtool --silent --preserve-dup-deps --tag CC --mode=compile /magma/fuzzers/aflplusplus_lto_entropy/repo/afl-clang-lto -Isapi/fuzzer/ -I/magma/targets/php/repo/sapi/fuzzer/ -I/magma/targets/php/repo/include -I/magma/targets/php/repo/main -I/magma/targets/php/repo -I/magma/targets/php/repo/ext/date/lib -I/magma/targets/php/repo/oniguruma/src -I/magma/targets/php/repo/ext/mbstring/libmbfl -I/magma/targets/php/repo/ext/mbstring/libmbfl/mbfl -I/magma/targets/php/repo/TSRM -I/magma/targets/php/repo/Zend    -fno-common -Wformat-truncation -Wall -Wextra -Wno-strict-aliasing -Wno-unused-parameter -Wno-sign-compare -g -O2 -fvisibility=hidden -DZEND_SIGNALS  -include /magma/magma/src/canary.h -DMAGMA_ENABLE_CANARIES    -g -O0 -fno-sanitize=object-size  -c /magma/targets/php/repo/sapi/fuzzer/fuzzer-exif.c -o sapi/fuzzer/fuzzer-exif.lo  -MMD -MF sapi/fuzzer/fuzzer-exif.dep -MT sapi/fuzzer/fuzzer-exif.lo
#23 46.24 /bin/bash /magma/targets/php/repo/libtool --silent --preserve-dup-deps --tag CC --mode=compile /magma/fuzzers/aflplusplus_lto_entropy/repo/afl-clang-lto -Isapi/fuzzer/ -I/magma/targets/php/repo/sapi/fuzzer/ -I/magma/targets/php/repo/include -I/magma/targets/php/repo/main -I/magma/targets/php/repo -I/magma/targets/php/repo/ext/date/lib -I/magma/targets/php/repo/oniguruma/src -I/magma/targets/php/repo/ext/mbstring/libmbfl -I/magma/targets/php/repo/ext/mbstring/libmbfl/mbfl -I/magma/targets/php/repo/TSRM -I/magma/targets/php/repo/Zend    -fno-common -Wformat-truncation -Wall -Wextra -Wno-strict-aliasing -Wno-unused-parameter -Wno-sign-compare -g -O2 -fvisibility=hidden -DZEND_SIGNALS  -include /magma/magma/src/canary.h -DMAGMA_ENABLE_CANARIES    -g -O0 -fno-sanitize=object-size  -c /magma/targets/php/repo/sapi/fuzzer/fuzzer-mbstring.c -o sapi/fuzzer/fuzzer-mbstring.lo  -MMD -MF sapi/fuzzer/fuzzer-mbstring.dep -MT sapi/fuzzer/fuzzer-mbstring.lo
#23 46.24 /bin/bash /magma/targets/php/repo/libtool --silent --preserve-dup-deps --tag CC --mode=compile /magma/fuzzers/aflplusplus_lto_entropy/repo/afl-clang-lto -Iext/json/ -I/magma/targets/php/repo/ext/json/ -I/magma/targets/php/repo/include -I/magma/targets/php/repo/main -I/magma/targets/php/repo -I/magma/targets/php/repo/ext/date/lib -I/magma/targets/php/repo/oniguruma/src -I/magma/targets/php/repo/ext/mbstring/libmbfl -I/magma/targets/php/repo/ext/mbstring/libmbfl/mbfl -I/magma/targets/php/repo/TSRM -I/magma/targets/php/repo/Zend    -fno-common -Wformat-truncation -Wall -Wextra -Wno-strict-aliasing -Wno-unused-parameter -Wno-sign-compare -g -O2 -fvisibility=hidden -DZEND_SIGNALS  -include /magma/magma/src/canary.h -DMAGMA_ENABLE_CANARIES    -g -O0 -fno-sanitize=object-size -DZEND_ENABLE_STATIC_TSRMLS_CACHE=1 -c /magma/targets/php/repo/ext/json/json_parser.tab.c -o ext/json/json_parser.lo  -MMD -MF ext/json/json_parser.dep -MT ext/json/json_parser.lo
#23 46.24 /bin/bash /magma/targets/php/repo/libtool --silent --preserve-dup-deps --tag CC --mode=compile /magma/fuzzers/aflplusplus_lto_entropy/repo/afl-clang-lto -Iext/json/ -I/magma/targets/php/repo/ext/json/ -I/magma/targets/php/repo/include -I/magma/targets/php/repo/main -I/magma/targets/php/repo -I/magma/targets/php/repo/ext/date/lib -I/magma/targets/php/repo/oniguruma/src -I/magma/targets/php/repo/ext/mbstring/libmbfl -I/magma/targets/php/repo/ext/mbstring/libmbfl/mbfl -I/magma/targets/php/repo/TSRM -I/magma/targets/php/repo/Zend    -fno-common -Wformat-truncation -Wall -Wextra -Wno-strict-aliasing -Wno-unused-parameter -Wno-sign-compare -g -O2 -fvisibility=hidden -DZEND_SIGNALS  -include /magma/magma/src/canary.h -DMAGMA_ENABLE_CANARIES    -g -O0 -fno-sanitize=object-size -DZEND_ENABLE_STATIC_TSRMLS_CACHE=1 -c /magma/targets/php/repo/ext/json/json_scanner.c -o ext/json/json_scanner.lo  -MMD -MF ext/json/json_scanner.dep -MT ext/json/json_scanner.lo
#23 46.24 /bin/bash /magma/targets/php/repo/libtool --silent --preserve-dup-deps --tag CC --mode=compile /magma/fuzzers/aflplusplus_lto_entropy/repo/afl-clang-lto -Iext/phar/ -I/magma/targets/php/repo/ext/phar/ -I/magma/targets/php/repo/include -I/magma/targets/php/repo/main -I/magma/targets/php/repo -I/magma/targets/php/repo/ext/date/lib -I/magma/targets/php/repo/oniguruma/src -I/magma/targets/php/repo/ext/mbstring/libmbfl -I/magma/targets/php/repo/ext/mbstring/libmbfl/mbfl -I/magma/targets/php/repo/TSRM -I/magma/targets/php/repo/Zend    -fno-common -Wformat-truncation -Wall -Wextra -Wno-strict-aliasing -Wno-unused-parameter -Wno-sign-compare -g -O2 -fvisibility=hidden -DZEND_SIGNALS  -include /magma/magma/src/canary.h -DMAGMA_ENABLE_CANARIES    -g -O0 -fno-sanitize=object-size -DZEND_ENABLE_STATIC_TSRMLS_CACHE=1 -c /magma/targets/php/repo/ext/phar/phar_path_check.c -o ext/phar/phar_path_check.lo  -MMD -MF ext/phar/phar_path_check.dep -MT ext/phar/phar_path_check.lo
#23 46.24 /bin/bash /magma/targets/php/repo/libtool --silent --preserve-dup-deps --tag CC --mode=compile /magma/fuzzers/aflplusplus_lto_entropy/repo/afl-clang-lto -Iext/standard/ -I/magma/targets/php/repo/ext/standard/ -I/magma/targets/php/repo/include -I/magma/targets/php/repo/main -I/magma/targets/php/repo -I/magma/targets/php/repo/ext/date/lib -I/magma/targets/php/repo/oniguruma/src -I/magma/targets/php/repo/ext/mbstring/libmbfl -I/magma/targets/php/repo/ext/mbstring/libmbfl/mbfl -I/magma/targets/php/repo/TSRM -I/magma/targets/php/repo/Zend    -fno-common -Wformat-truncation -Wall -Wextra -Wno-strict-aliasing -Wno-unused-parameter -Wno-sign-compare -g -O2 -fvisibility=hidden -DZEND_SIGNALS  -include /magma/magma/src/canary.h -DMAGMA_ENABLE_CANARIES    -g -O0 -fno-sanitize=object-size -DZEND_ENABLE_STATIC_TSRMLS_CACHE=1 -c /magma/targets/php/repo/ext/standard/basic_functions.c -o ext/standard/basic_functions.lo  -MMD -MF ext/standard/basic_functions.dep -MT ext/standard/basic_functions.lo
#23 46.25 /bin/bash /magma/targets/php/repo/libtool --silent --preserve-dup-deps --tag CC --mode=compile /magma/fuzzers/aflplusplus_lto_entropy/repo/afl-clang-lto -Iext/standard/ -I/magma/targets/php/repo/ext/standard/ -I/magma/targets/php/repo/include -I/magma/targets/php/repo/main -I/magma/targets/php/repo -I/magma/targets/php/repo/ext/date/lib -I/magma/targets/php/repo/oniguruma/src -I/magma/targets/php/repo/ext/mbstring/libmbfl -I/magma/targets/php/repo/ext/mbstring/libmbfl/mbfl -I/magma/targets/php/repo/TSRM -I/magma/targets/php/repo/Zend    -fno-common -Wformat-truncation -Wall -Wextra -Wno-strict-aliasing -Wno-unused-parameter -Wno-sign-compare -g -O2 -fvisibility=hidden -DZEND_SIGNALS  -include /magma/magma/src/canary.h -DMAGMA_ENABLE_CANARIES    -g -O0 -fno-sanitize=object-size -DZEND_ENABLE_STATIC_TSRMLS_CACHE=1 -c /magma/targets/php/repo/ext/standard/url_scanner_ex.c -o ext/standard/url_scanner_ex.lo  -MMD -MF ext/standard/url_scanner_ex.dep -MT ext/standard/url_scanner_ex.lo
#23 46.25 /bin/bash /magma/targets/php/repo/libtool --silent --preserve-dup-deps --tag CC --mode=compile /magma/fuzzers/aflplusplus_lto_entropy/repo/afl-clang-lto -Iext/standard/ -I/magma/targets/php/repo/ext/standard/ -I/magma/targets/php/repo/include -I/magma/targets/php/repo/main -I/magma/targets/php/repo -I/magma/targets/php/repo/ext/date/lib -I/magma/targets/php/repo/oniguruma/src -I/magma/targets/php/repo/ext/mbstring/libmbfl -I/magma/targets/php/repo/ext/mbstring/libmbfl/mbfl -I/magma/targets/php/repo/TSRM -I/magma/targets/php/repo/Zend    -fno-common -Wformat-truncation -Wall -Wextra -Wno-strict-aliasing -Wno-unused-parameter -Wno-sign-compare -g -O2 -fvisibility=hidden -DZEND_SIGNALS  -include /magma/magma/src/canary.h -DMAGMA_ENABLE_CANARIES    -g -O0 -fno-sanitize=object-size -DZEND_ENABLE_STATIC_TSRMLS_CACHE=1 -c /magma/targets/php/repo/ext/standard/var_unserializer.c -o ext/standard/var_unserializer.lo  -MMD -MF ext/standard/var_unserializer.dep -MT ext/standard/var_unserializer.lo
#23 46.25 /bin/bash /magma/targets/php/repo/libtool --silent --preserve-dup-deps --tag CC --mode=compile /magma/fuzzers/aflplusplus_lto_entropy/repo/afl-clang-lto -IZend/ -I/magma/targets/php/repo/Zend/ -I/magma/targets/php/repo/include -I/magma/targets/php/repo/main -I/magma/targets/php/repo -I/magma/targets/php/repo/ext/date/lib -I/magma/targets/php/repo/oniguruma/src -I/magma/targets/php/repo/ext/mbstring/libmbfl -I/magma/targets/php/repo/ext/mbstring/libmbfl/mbfl -I/magma/targets/php/repo/TSRM -I/magma/targets/php/repo/Zend    -fno-common -Wformat-truncation -Wall -Wextra -Wno-strict-aliasing -Wno-unused-parameter -Wno-sign-compare -g -O2 -fvisibility=hidden -DZEND_SIGNALS  -include /magma/magma/src/canary.h -DMAGMA_ENABLE_CANARIES    -g -O0 -fno-sanitize=object-size -DZEND_ENABLE_STATIC_TSRMLS_CACHE=1 -c /magma/targets/php/repo/Zend/zend_language_scanner.c -o Zend/zend_language_scanner.lo  -MMD -MF Zend/zend_language_scanner.dep -MT Zend/zend_language_scanner.lo
#23 46.26 /bin/bash /magma/targets/php/repo/libtool --silent --preserve-dup-deps --tag CC --mode=compile /magma/fuzzers/aflplusplus_lto_entropy/repo/afl-clang-lto -IZend/ -I/magma/targets/php/repo/Zend/ -I/magma/targets/php/repo/include -I/magma/targets/php/repo/main -I/magma/targets/php/repo -I/magma/targets/php/repo/ext/date/lib -I/magma/targets/php/repo/oniguruma/src -I/magma/targets/php/repo/ext/mbstring/libmbfl -I/magma/targets/php/repo/ext/mbstring/libmbfl/mbfl -I/magma/targets/php/repo/TSRM -I/magma/targets/php/repo/Zend    -fno-common -Wformat-truncation -Wall -Wextra -Wno-strict-aliasing -Wno-unused-parameter -Wno-sign-compare -g -O2 -fvisibility=hidden -DZEND_SIGNALS  -include /magma/magma/src/canary.h -DMAGMA_ENABLE_CANARIES    -g -O0 -fno-sanitize=object-size -DZEND_ENABLE_STATIC_TSRMLS_CACHE=1 -c /magma/targets/php/repo/Zend/zend_ini_parser.c -o Zend/zend_ini_parser.lo  -MMD -MF Zend/zend_ini_parser.dep -MT Zend/zend_ini_parser.lo
#23 46.26 /bin/bash /magma/targets/php/repo/libtool --silent --preserve-dup-deps --tag CC --mode=compile /magma/fuzzers/aflplusplus_lto_entropy/repo/afl-clang-lto -IZend/ -I/magma/targets/php/repo/Zend/ -I/magma/targets/php/repo/include -I/magma/targets/php/repo/main -I/magma/targets/php/repo -I/magma/targets/php/repo/ext/date/lib -I/magma/targets/php/repo/oniguruma/src -I/magma/targets/php/repo/ext/mbstring/libmbfl -I/magma/targets/php/repo/ext/mbstring/libmbfl/mbfl -I/magma/targets/php/repo/TSRM -I/magma/targets/php/repo/Zend    -fno-common -Wformat-truncation -Wall -Wextra -Wno-strict-aliasing -Wno-unused-parameter -Wno-sign-compare -g -O2 -fvisibility=hidden -DZEND_SIGNALS  -include /magma/magma/src/canary.h -DMAGMA_ENABLE_CANARIES    -g -O0 -fno-sanitize=object-size -DZEND_ENABLE_STATIC_TSRMLS_CACHE=1 -c /magma/targets/php/repo/Zend/zend_ini_scanner.c -o Zend/zend_ini_scanner.lo  -MMD -MF Zend/zend_ini_scanner.dep -MT Zend/zend_ini_scanner.lo
#23 46.27 /magma/targets/php/repo/Zend/zend_language_parser.c:4315:9: warning: variable 'zendnerrs' set but not used [-Wunused-but-set-variable]
#23 46.27  4315 |     int yynerrs;
#23 46.27       |         ^
#23 46.27 /magma/targets/php/repo/Zend/zend_language_parser.c:89:25: note: expanded from macro 'yynerrs'
#23 46.27    89 | #define /bin/bash /magma/targets/php/repo/libtool --silent --preserve-dup-deps --tag CC --mode=compile /magma/fuzzers/aflplusplus_lto_entropy/repo/afl-clang-lto -IZend/ -I/magma/targets/php/repo/Zend/ -I/magma/targets/php/repo/include -I/magma/targets/php/repo/main -I/magma/targets/php/repo -I/magma/targets/php/repo/ext/date/lib -I/magma/targets/php/repo/oniguruma/src -I/magma/targets/php/repo/ext/mbstring/libmbfl -I/magma/targets/php/repo/ext/mbstring/libmbfl/mbfl -I/magma/targets/php/repo/TSRM -I/magma/targets/php/repo/Zend    -fno-common -Wformat-truncation -Wall -Wextra -Wno-strict-aliasing -Wno-unused-parameter -Wno-sign-compare -g -O2 -fvisibility=hidden -DZEND_SIGNALS  -include /magma/magma/src/canary.h -DMAGMA_ENABLE_CANARIES    -g -O0 -fno-sanitize=object-size -DZEND_ENABLE_STATIC_TSRMLS_CACHE=1 -c /magma/targets/php/repo/Zend/zend_compile.c -o Zend/zend_compile.lo  -MMD -MF Zend/zend_compile.dep -MT Zend/zend_compile.lo
#23 46.27 yynerrs         zendnerrs
#23 46.27       |                         ^
#23 46.27 /bin/bash /magma/targets/php/repo/libtool --silent --preserve-dup-deps --tag CC --mode=compile /magma/fuzzers/aflplusplus_lto_entropy/repo/afl-clang-lto -IZend/ -I/magma/targets/php/repo/Zend/ -I/magma/targets/php/repo/include -I/magma/targets/php/repo/main -I/magma/targets/php/repo -I/magma/targets/php/repo/ext/date/lib -I/magma/targets/php/repo/oniguruma/src -I/magma/targets/php/repo/ext/mbstring/libmbfl -I/magma/targets/php/repo/ext/mbstring/libmbfl/mbfl -I/magma/targets/php/repo/TSRM -I/magma/targets/php/repo/Zend    -fno-common -Wformat-truncation -Wall -Wextra -Wno-strict-aliasing -Wno-unused-parameter -Wno-sign-compare -g -O2 -fvisibility=hidden -DZEND_SIGNALS  -include /magma/magma/src/canary.h -DMAGMA_ENABLE_CANARIES    -g -O0 -fno-sanitize=object-size -DZEND_ENABLE_STATIC_TSRMLS_CACHE=1 -c /magma/targets/php/repo/Zend/zend_highlight.c -o Zend/zend_highlight.lo  -MMD -MF Zend/zend_highlight.dep -MT Zend/zend_highlight.lo
#23 46.28 /bin/bash /magma/targets/php/repo/libtool --silent --preserve-dup-deps --tag CC --mode=compile /magma/fuzzers/aflplusplus_lto_entropy/repo/afl-clang-lto -IZend/ -I/magma/targets/php/repo/Zend/ -I/magma/targets/php/repo/include -I/magma/targets/php/repo/main -I/magma/targets/php/repo -I/magma/targets/php/repo/ext/date/lib -I/magma/targets/php/repo/oniguruma/src -I/magma/targets/php/repo/ext/mbstring/libmbfl -I/magma/targets/php/repo/ext/mbstring/libmbfl/mbfl -I/magma/targets/php/repo/TSRM -I/magma/targets/php/repo/Zend    -fno-common -Wformat-truncation -Wall -Wextra -Wno-strict-aliasing -Wno-unused-parameter -Wno-sign-compare -g -O2 -fvisibility=hidden -DZEND_SIGNALS  -include /magma/magma/src/canary.h -DMAGMA_ENABLE_CANARIES    -g -O0 -fno-sanitize=object-size -DZEND_ENABLE_STATIC_TSRMLS_CACHE=1 -c /magma/targets/php/repo/Zend/zend_execute.c -o Zend/zend_execute.lo  -MMD -MF Zend/zend_execute.dep -MT Zend/zend_execute.lo
#23 46.36 1 warning generated.
#23 46.66 /magma/targets/php/repo/Zend/Optimizer/zend_ssa.c:145:28: warning: implicit truncation from 'int' to a one-bit wide bit-field changes value from 1 to -1 [-Wsingle-bit-bitfield-constant-conversion]
#23 46.66   145 |         phi->has_range_constraint = 1;
#23 46.66       |                                   ^ ~
#23 46.76 1 warning generated.
#23 46.77 /magma/targets/php/repo/Zend/zend_ini_parser.c:1465:9: warning: variable 'ini_nerrs' set but not used [-Wunused-but-set-variable]
#23 46.77  1465 |     int yynerrs;
#23 46.77       |         ^
#23 46.77 /magma/targets/php/repo/Zend/zend_ini_parser.c:68:25: note: expanded from macro 'yynerrs'
#23 46.77    68 | #define yynerrs         ini_nerrs
#23 46.77       |                         ^
#23 46.80 /magma/targets/php/repo/ext/json/json_parser.tab.c:1169:9: warning: variable 'php_json_yynerrs' set but not used [-Wunused-but-set-variable]
#23 46.80  1169 |     int yynerrs;
#23 46.80       |         ^
#23 46.80 /magma/targets/php/repo/ext/json/json_parser.tab.c:112:25: note: expanded from macro 'yynerrs'
#23 46.80   112 | #define yynerrs         php_json_yynerrs
#23 46.80       |                         ^
#23 46.81 1 warning generated.
#23 46.82 1 warning generated.
#23 49.07 /bin/bash /magma/targets/php/repo/libtool --silent --preserve-dup-deps --tag CC --mode=link /magma/fuzzers/aflplusplus_lto_entropy/repo/afl-clang-lto -export-dynamic -fno-common -Wformat-truncation -Wall -Wextra -Wno-strict-aliasing -Wno-unused-parameter -Wno-sign-compare -g -O2 -fvisibility=hidden -DZEND_SIGNALS  -include /magma/magma/src/canary.h -DMAGMA_ENABLE_CANARIES    -g -O0 -fno-sanitize=object-size -L/magma/targets/php/repo/oniguruma/src/.libs -L/magma_out -g -L/magma_out/afl -R /magma/targets/php/repo/oniguruma/src/.libs ext/date/php_date.o ext/date/lib/astro.o ext/date/lib/dow.o ext/date/lib/parse_date.o ext/date/lib/parse_tz.o ext/date/lib/parse_posix.o ext/date/lib/timelib.o ext/date/lib/tm2unixtime.o ext/date/lib/unixtime2tm.o ext/date/lib/parse_iso_intervals.o ext/date/lib/interval.o ext/pcre/pcre2lib/pcre2_auto_possess.o ext/pcre/pcre2lib/pcre2_chartables.o ext/pcre/pcre2lib/pcre2_compile.o ext/pcre/pcre2lib/pcre2_config.o ext/pcre/pcre2lib/pcre2_context.o ext/pcre/pcre2lib/pcre2_dfa_match.o ext/pcre/pcre2lib/pcre2_error.o ext/pcre/pcre2lib/pcre2_jit_compile.o ext/pcre/pcre2lib/pcre2_maketables.o ext/pcre/pcre2lib/pcre2_match.o ext/pcre/pcre2lib/pcre2_match_data.o ext/pcre/pcre2lib/pcre2_newline.o ext/pcre/pcre2lib/pcre2_ord2utf.o ext/pcre/pcre2lib/pcre2_pattern_info.o ext/pcre/pcre2lib/pcre2_serialize.o ext/pcre/pcre2lib/pcre2_string_utils.o ext/pcre/pcre2lib/pcre2_study.o ext/pcre/pcre2lib/pcre2_substitute.o ext/pcre/pcre2lib/pcre2_substring.o ext/pcre/pcre2lib/pcre2_tables.o ext/pcre/pcre2lib/pcre2_ucd.o ext/pcre/pcre2lib/pcre2_valid_utf.o ext/pcre/pcre2lib/pcre2_xclass.o ext/pcre/pcre2lib/pcre2_find_bracket.o ext/pcre/pcre2lib/pcre2_convert.o ext/pcre/pcre2lib/pcre2_extuni.o ext/pcre/pcre2lib/pcre2_script_run.o ext/pcre/php_pcre.o ext/exif/exif.o ext/hash/hash.o ext/hash/hash_md.o ext/hash/hash_sha.o ext/hash/hash_ripemd.o ext/hash/hash_haval.o ext/hash/hash_tiger.o ext/hash/hash_gost.o ext/hash/hash_snefru.o ext/hash/hash_whirlpool.o ext/hash/hash_adler32.o ext/hash/hash_crc32.o ext/hash/hash_fnv.o ext/hash/hash_joaat.o ext/hash/sha3/generic64lc/KeccakP-1600-opt64.o ext/hash/sha3/generic64lc/KeccakHash.o ext/hash/sha3/generic64lc/KeccakSponge.o ext/hash/hash_sha3.o ext/hash/murmur/PMurHash.o ext/hash/murmur/PMurHash128.o ext/hash/hash_murmur.o ext/hash/hash_xxhash.o ext/intl/php_intl.o ext/intl/intl_error.o ext/intl/intl_convert.o ext/intl/collator/collator.o ext/intl/collator/collator_class.o ext/intl/collator/collator_sort.o ext/intl/collator/collator_convert.o ext/intl/collator/collator_locale.o ext/intl/collator/collator_compare.o ext/intl/collator/collator_attr.o ext/intl/collator/collator_create.o ext/intl/collator/collator_is_numeric.o ext/intl/collator/collator_error.o ext/intl/common/common_error.o ext/intl/converter/converter.o ext/intl/formatter/formatter.o ext/intl/formatter/formatter_main.o ext/intl/formatter/formatter_class.o ext/intl/formatter/formatter_attr.o ext/intl/formatter/formatter_data.o ext/intl/formatter/formatter_format.o ext/intl/formatter/formatter_parse.o ext/intl/normalizer/normalizer.o ext/intl/normalizer/normalizer_class.o ext/intl/normalizer/normalizer_normalize.o ext/intl/locale/locale.o ext/intl/locale/locale_class.o ext/intl/locale/locale_methods.o ext/intl/dateformat/dateformat.o ext/intl/dateformat/dateformat_class.o ext/intl/dateformat/dateformat_attr.o ext/intl/dateformat/dateformat_data.o ext/intl/dateformat/dateformat_format.o ext/intl/dateformat/dateformat_parse.o ext/intl/msgformat/msgformat.o ext/intl/msgformat/msgformat_attr.o ext/intl/msgformat/msgformat_class.o ext/intl/msgformat/msgformat_data.o ext/intl/msgformat/msgformat_format.o ext/intl/msgformat/msgformat_parse.o ext/intl/grapheme/grapheme_string.o ext/intl/grapheme/grapheme_util.o ext/intl/resourcebundle/resourcebundle.o ext/intl/resourcebundle/resourcebundle_class.o ext/intl/resourcebundle/resourcebundle_iterator.o ext/intl/transliterator/transliterator.o ext/intl/transliterator/transliterator_class.o ext/intl/transliterator/transliterator_methods.o ext/intl/uchar/uchar.o ext/intl/idn/idn.o ext/intl/spoofchecker/spoofchecker_class.o ext/intl/spoofchecker/spoofchecker.o ext/intl/spoofchecker/spoofchecker_create.o ext/intl/spoofchecker/spoofchecker_main.o ext/intl/intl_convertcpp.o ext/intl/common/common_enum.o ext/intl/common/common_date.o ext/intl/dateformat/dateformat_format_object.o ext/intl/dateformat/dateformat_create.o ext/intl/dateformat/dateformat_attrcpp.o ext/intl/dateformat/dateformat_helpers.o ext/intl/dateformat/datepatterngenerator_class.o ext/intl/dateformat/datepatterngenerator_methods.o ext/intl/msgformat/msgformat_helpers.o ext/intl/timezone/timezone_class.o ext/intl/timezone/timezone_methods.o ext/intl/calendar/calendar_class.o ext/intl/calendar/calendar_methods.o ext/intl/calendar/gregoriancalendar_methods.o ext/intl/breakiterator/breakiterator_class.o ext/intl/breakiterator/breakiterator_iterators.o ext/intl/breakiterator/breakiterator_methods.o ext/intl/breakiterator/rulebasedbreakiterator_methods.o ext/intl/breakiterator/codepointiterator_internal.o ext/intl/breakiterator/codepointiterator_methods.o ext/json/json.o ext/json/json_encoder.o ext/json/json_parser.o ext/json/json_scanner.o ext/mbstring/mbstring.o ext/mbstring/php_unicode.o ext/mbstring/mb_gpc.o ext/mbstring/php_mbregex.o ext/mbstring/libmbfl/filters/html_entities.o ext/mbstring/libmbfl/filters/mbfilter_7bit.o ext/mbstring/libmbfl/filters/mbfilter_base64.o ext/mbstring/libmbfl/filters/mbfilter_big5.o ext/mbstring/libmbfl/filters/mbfilter_cp5022x.o ext/mbstring/libmbfl/filters/mbfilter_cp51932.o ext/mbstring/libmbfl/filters/mbfilter_cp932.o ext/mbstring/libmbfl/filters/mbfilter_cp936.o ext/mbstring/libmbfl/filters/mbfilter_gb18030.o ext/mbstring/libmbfl/filters/mbfilter_euc_cn.o ext/mbstring/libmbfl/filters/mbfilter_euc_jp.o ext/mbstring/libmbfl/filters/mbfilter_euc_jp_2004.o ext/mbstring/libmbfl/filters/mbfilter_euc_jp_win.o ext/mbstring/libmbfl/filters/mbfilter_euc_kr.o ext/mbstring/libmbfl/filters/mbfilter_euc_tw.o ext/mbstring/libmbfl/filters/mbfilter_htmlent.o ext/mbstring/libmbfl/filters/mbfilter_hz.o ext/mbstring/libmbfl/filters/mbfilter_iso2022_jp_ms.o ext/mbstring/libmbfl/filters/mbfilter_iso2022jp_2004.o ext/mbstring/libmbfl/filters/mbfilter_iso2022jp_mobile.o ext/mbstring/libmbfl/filters/mbfilter_iso2022_kr.o ext/mbstring/libmbfl/filters/mbfilter_jis.o ext/mbstring/libmbfl/filters/mbfilter_qprint.o ext/mbstring/libmbfl/filters/mbfilter_singlebyte.o ext/mbstring/libmbfl/filters/mbfilter_sjis.o ext/mbstring/libmbfl/filters/mbfilter_sjis_mobile.o ext/mbstring/libmbfl/filters/mbfilter_sjis_mac.o ext/mbstring/libmbfl/filters/mbfilter_sjis_2004.o ext/mbstring/libmbfl/filters/mbfilter_tl_jisx0201_jisx0208.o ext/mbstring/libmbfl/filters/mbfilter_ucs2.o ext/mbstring/libmbfl/filters/mbfilter_ucs4.o ext/mbstring/libmbfl/filters/mbfilter_uhc.o ext/mbstring/libmbfl/filters/mbfilter_utf16.o ext/mbstring/libmbfl/filters/mbfilter_utf32.o ext/mbstring/libmbfl/filters/mbfilter_utf7.o ext/mbstring/libmbfl/filters/mbfilter_utf7imap.o ext/mbstring/libmbfl/filters/mbfilter_utf8.o ext/mbstring/libmbfl/filters/mbfilter_utf8_mobile.o ext/mbstring/libmbfl/filters/mbfilter_uuencode.o ext/mbstring/libmbfl/mbfl/mbfilter.o ext/mbstring/libmbfl/mbfl/mbfilter_8bit.o ext/mbstring/libmbfl/mbfl/mbfilter_pass.o ext/mbstring/libmbfl/mbfl/mbfilter_wchar.o ext/mbstring/libmbfl/mbfl/mbfl_convert.o ext/mbstring/libmbfl/mbfl/mbfl_encoding.o ext/mbstring/libmbfl/mbfl/mbfl_filter_output.o ext/mbstring/libmbfl/mbfl/mbfl_language.o ext/mbstring/libmbfl/mbfl/mbfl_memory_device.o ext/mbstring/libmbfl/mbfl/mbfl_string.o ext/mbstring/libmbfl/nls/nls_de.o ext/mbstring/libmbfl/nls/nls_en.o ext/mbstring/libmbfl/nls/nls_ja.o ext/mbstring/libmbfl/nls/nls_kr.o ext/mbstring/libmbfl/nls/nls_neutral.o ext/mbstring/libmbfl/nls/nls_ru.o ext/mbstring/libmbfl/nls/nls_uni.o ext/mbstring/libmbfl/nls/nls_zh.o ext/mbstring/libmbfl/nls/nls_hy.o ext/mbstring/libmbfl/nls/nls_tr.o ext/mbstring/libmbfl/nls/nls_ua.o ext/phar/util.o ext/phar/tar.o ext/phar/zip.o ext/phar/stream.o ext/phar/func_interceptors.o ext/phar/dirstream.o ext/phar/phar.o ext/phar/phar_object.o ext/phar/phar_path_check.o ext/reflection/php_reflection.o ext/spl/php_spl.o ext/spl/spl_functions.o ext/spl/spl_iterators.o ext/spl/spl_array.o ext/spl/spl_directory.o ext/spl/spl_exceptions.o ext/spl/spl_observer.o ext/spl/spl_dllist.o ext/spl/spl_heap.o ext/spl/spl_fixedarray.o ext/standard/crypt_freesec.o ext/standard/crypt_blowfish.o ext/standard/crypt_sha512.o ext/standard/crypt_sha256.o ext/standard/php_crypt_r.o ext/standard/array.o ext/standard/base64.o ext/standard/basic_functions.o ext/standard/browscap.o ext/standard/crc32.o ext/standard/crypt.o ext/standard/datetime.o ext/standard/dir.o ext/standard/dl.o ext/standard/dns.o ext/standard/exec.o ext/standard/file.o ext/standard/filestat.o ext/standard/flock_compat.o ext/standard/formatted_print.o ext/standard/fsock.o ext/standard/head.o ext/standard/html.o ext/standard/image.o ext/standard/info.o ext/standard/iptc.o ext/standard/lcg.o ext/standard/link.o ext/standard/mail.o ext/standard/math.o ext/standard/md5.o ext/standard/metaphone.o ext/standard/microtime.o ext/standard/pack.o ext/standard/pageinfo.o ext/standard/quot_print.o ext/standard/rand.o ext/standard/mt_rand.o ext/standard/soundex.o ext/standard/string.o ext/standard/scanf.o ext/standard/syslog.o ext/standard/type.o ext/standard/uniqid.o ext/standard/url.o ext/standard/var.o ext/standard/versioning.o ext/standard/assert.o ext/standard/strnatcmp.o ext/standard/levenshtein.o ext/standard/incomplete_class.o ext/standard/url_scanner_ex.o ext/standard/ftp_fopen_wrapper.o ext/standard/http_fopen_wrapper.o ext/standard/php_fopen_wrapper.o ext/standard/credits.o ext/standard/css.o ext/standard/var_unserializer.o ext/standard/ftok.o ext/standard/sha1.o ext/standard/user_filters.o ext/standard/uuencode.o ext/standard/filters.o ext/standard/proc_open.o ext/standard/streamsfuncs.o ext/standard/http.o ext/standard/password.o ext/standard/random.o ext/standard/net.o ext/standard/hrtime.o ext/standard/crc32_x86.o Zend/asm/make_x86_64_sysv_elf_gas.o Zend/asm/jump_x86_64_sysv_elf_gas.o TSRM/TSRM.o main/main.o main/snprintf.o main/spprintf.o main/fopen_wrappers.o main/alloca.o main/php_scandir.o main/php_ini.o main/SAPI.o main/rfc1867.o main/php_content_types.o main/strlcpy.o main/strlcat.o main/explicit_bzero.o main/reentrancy.o main/php_variables.o main/php_ticks.o main/network.o main/php_open_temporary_file.o main/output.o main/getopt.o main/php_syslog.o main/streams/streams.o main/streams/cast.o main/streams/memory.o main/streams/filter.o main/streams/plain_wrapper.o main/streams/userspace.o main/streams/transports.o main/streams/xp_socket.o main/streams/mmap.o main/streams/glob_wrapper.o Zend/zend_language_parser.o Zend/zend_language_scanner.o Zend/zend_ini_parser.o Zend/zend_ini_scanner.o Zend/zend_alloc.o Zend/zend_compile.o Zend/zend_constants.o Zend/zend_dtrace.o Zend/zend_execute_API.o Zend/zend_highlight.o Zend/zend_llist.o Zend/zend_vm_opcodes.o Zend/zend_opcode.o Zend/zend_operators.o Zend/zend_ptr_stack.o Zend/zend_stack.o Zend/zend_variables.o Zend/zend.o Zend/zend_API.o Zend/zend_extensions.o Zend/zend_hash.o Zend/zend_list.o Zend/zend_builtin_functions.o Zend/zend_attributes.o Zend/zend_execute.o Zend/zend_ini.o Zend/zend_sort.o Zend/zend_multibyte.o Zend/zend_ts_hash.o Zend/zend_stream.o Zend/zend_iterators.o Zend/zend_interfaces.o Zend/zend_exceptions.o Zend/zend_strtod.o Zend/zend_gc.o Zend/zend_closures.o Zend/zend_weakrefs.o Zend/zend_float.o Zend/zend_string.o Zend/zend_signal.o Zend/zend_generators.o Zend/zend_virtual_cwd.o Zend/zend_ast.o Zend/zend_objects.o Zend/zend_object_handlers.o Zend/zend_objects_API.o Zend/zend_default_classes.o Zend/zend_inheritance.o Zend/zend_smart_str.o Zend/zend_cpuinfo.o Zend/zend_gdb.o Zend/zend_observer.o Zend/zend_system_id.o Zend/zend_enum.o Zend/zend_fibers.o Zend/Optimizer/zend_optimizer.o Zend/Optimizer/pass1.o Zend/Optimizer/pass3.o Zend/Optimizer/optimize_func_calls.o Zend/Optimizer/block_pass.o Zend/Optimizer/optimize_temp_vars_5.o Zend/Optimizer/nop_removal.o Zend/Optimizer/compact_literals.o Zend/Optimizer/zend_cfg.o Zend/Optimizer/zend_dfg.o Zend/Optimizer/dfa_pass.o Zend/Optimizer/zend_ssa.o Zend/Optimizer/zend_inference.o Zend/Optimizer/zend_func_info.o Zend/Optimizer/zend_call_graph.o Zend/Optimizer/sccp.o Zend/Optimizer/scdf.o Zend/Optimizer/dce.o Zend/Optimizer/escape_analysis.o Zend/Optimizer/compact_vars.o Zend/Optimizer/zend_dump.o main/internal_functions_cli.o sapi/cli/php_cli.o sapi/cli/php_http_parser.o sapi/cli/php_cli_server.o sapi/cli/ps_title.o sapi/cli/php_cli_process_title.o -lstdc++ -lutil -lrt -lm -ldl -l:magma.o -lrt -lstdc++ /magma/fuzzers/aflplusplus_lto_entropy/repo/utils/aflpp_driver/libAFLDriver.a -licuio -licui18n -licuuc -licudata -l:libonig.a  -o sapi/cli/php
#23 49.07 /bin/bash /magma/targets/php/repo/libtool --silent --preserve-dup-deps --tag CC --mode=link /magma/fuzzers/aflplusplus_lto_entropy/repo/afl-clang-lto++ -stdlib=libstdc++ -export-dynamic -fno-common -Wformat-truncation -Wall -Wextra -Wno-strict-aliasing -Wno-unused-parameter -Wno-sign-compare -g -O2 -fvisibility=hidden -DZEND_SIGNALS  -include /magma/magma/src/canary.h -DMAGMA_ENABLE_CANARIES    -g -O0 -fno-sanitize=object-size -L/magma/targets/php/repo/oniguruma/src/.libs -L/magma_out -g -L/magma_out/afl -R /magma/targets/php/repo/oniguruma/src/.libs ext/date/php_date.lo ext/date/lib/astro.lo ext/date/lib/dow.lo ext/date/lib/parse_date.lo ext/date/lib/parse_tz.lo ext/date/lib/parse_posix.lo ext/date/lib/timelib.lo ext/date/lib/tm2unixtime.lo ext/date/lib/unixtime2tm.lo ext/date/lib/parse_iso_intervals.lo ext/date/lib/interval.lo ext/pcre/pcre2lib/pcre2_auto_possess.lo ext/pcre/pcre2lib/pcre2_chartables.lo ext/pcre/pcre2lib/pcre2_compile.lo ext/pcre/pcre2lib/pcre2_config.lo ext/pcre/pcre2lib/pcre2_context.lo ext/pcre/pcre2lib/pcre2_dfa_match.lo ext/pcre/pcre2lib/pcre2_error.lo ext/pcre/pcre2lib/pcre2_jit_compile.lo ext/pcre/pcre2lib/pcre2_maketables.lo ext/pcre/pcre2lib/pcre2_match.lo ext/pcre/pcre2lib/pcre2_match_data.lo ext/pcre/pcre2lib/pcre2_newline.lo ext/pcre/pcre2lib/pcre2_ord2utf.lo ext/pcre/pcre2lib/pcre2_pattern_info.lo ext/pcre/pcre2lib/pcre2_serialize.lo ext/pcre/pcre2lib/pcre2_string_utils.lo ext/pcre/pcre2lib/pcre2_study.lo ext/pcre/pcre2lib/pcre2_substitute.lo ext/pcre/pcre2lib/pcre2_substring.lo ext/pcre/pcre2lib/pcre2_tables.lo ext/pcre/pcre2lib/pcre2_ucd.lo ext/pcre/pcre2lib/pcre2_valid_utf.lo ext/pcre/pcre2lib/pcre2_xclass.lo ext/pcre/pcre2lib/pcre2_find_bracket.lo ext/pcre/pcre2lib/pcre2_convert.lo ext/pcre/pcre2lib/pcre2_extuni.lo ext/pcre/pcre2lib/pcre2_script_run.lo ext/pcre/php_pcre.lo ext/exif/exif.lo ext/hash/hash.lo ext/hash/hash_md.lo ext/hash/hash_sha.lo ext/hash/hash_ripemd.lo ext/hash/hash_haval.lo ext/hash/hash_tiger.lo ext/hash/hash_gost.lo ext/hash/hash_snefru.lo ext/hash/hash_whirlpool.lo ext/hash/hash_adler32.lo ext/hash/hash_crc32.lo ext/hash/hash_fnv.lo ext/hash/hash_joaat.lo ext/hash/sha3/generic64lc/KeccakP-1600-opt64.lo ext/hash/sha3/generic64lc/KeccakHash.lo ext/hash/sha3/generic64lc/KeccakSponge.lo ext/hash/hash_sha3.lo ext/hash/murmur/PMurHash.lo ext/hash/murmur/PMurHash128.lo ext/hash/hash_murmur.lo ext/hash/hash_xxhash.lo ext/intl/php_intl.lo ext/intl/intl_error.lo ext/intl/intl_convert.lo ext/intl/collator/collator.lo ext/intl/collator/collator_class.lo ext/intl/collator/collator_sort.lo ext/intl/collator/collator_convert.lo ext/intl/collator/collator_locale.lo ext/intl/collator/collator_compare.lo ext/intl/collator/collator_attr.lo ext/intl/collator/collator_create.lo ext/intl/collator/collator_is_numeric.lo ext/intl/collator/collator_error.lo ext/intl/common/common_error.lo ext/intl/converter/converter.lo ext/intl/formatter/formatter.lo ext/intl/formatter/formatter_main.lo ext/intl/formatter/formatter_class.lo ext/intl/formatter/formatter_attr.lo ext/intl/formatter/formatter_data.lo ext/intl/formatter/formatter_format.lo ext/intl/formatter/formatter_parse.lo ext/intl/normalizer/normalizer.lo ext/intl/normalizer/normalizer_class.lo ext/intl/normalizer/normalizer_normalize.lo ext/intl/locale/locale.lo ext/intl/locale/locale_class.lo ext/intl/locale/locale_methods.lo ext/intl/dateformat/dateformat.lo ext/intl/dateformat/dateformat_class.lo ext/intl/dateformat/dateformat_attr.lo ext/intl/dateformat/dateformat_data.lo ext/intl/dateformat/dateformat_format.lo ext/intl/dateformat/dateformat_parse.lo ext/intl/msgformat/msgformat.lo ext/intl/msgformat/msgformat_attr.lo ext/intl/msgformat/msgformat_class.lo ext/intl/msgformat/msgformat_data.lo ext/intl/msgformat/msgformat_format.lo ext/intl/msgformat/msgformat_parse.lo ext/intl/grapheme/grapheme_string.lo ext/intl/grapheme/grapheme_util.lo ext/intl/resourcebundle/resourcebundle.lo ext/intl/resourcebundle/resourcebundle_class.lo ext/intl/resourcebundle/resourcebundle_iterator.lo ext/intl/transliterator/transliterator.lo ext/intl/transliterator/transliterator_class.lo ext/intl/transliterator/transliterator_methods.lo ext/intl/uchar/uchar.lo ext/intl/idn/idn.lo ext/intl/spoofchecker/spoofchecker_class.lo ext/intl/spoofchecker/spoofchecker.lo ext/intl/spoofchecker/spoofchecker_create.lo ext/intl/spoofchecker/spoofchecker_main.lo ext/intl/intl_convertcpp.lo ext/intl/common/common_enum.lo ext/intl/common/common_date.lo ext/intl/dateformat/dateformat_format_object.lo ext/intl/dateformat/dateformat_create.lo ext/intl/dateformat/dateformat_attrcpp.lo ext/intl/dateformat/dateformat_helpers.lo ext/intl/dateformat/datepatterngenerator_class.lo ext/intl/dateformat/datepatterngenerator_methods.lo ext/intl/msgformat/msgformat_helpers.lo ext/intl/timezone/timezone_class.lo ext/intl/timezone/timezone_methods.lo ext/intl/calendar/calendar_class.lo ext/intl/calendar/calendar_methods.lo ext/intl/calendar/gregoriancalendar_methods.lo ext/intl/breakiterator/breakiterator_class.lo ext/intl/breakiterator/breakiterator_iterators.lo ext/intl/breakiterator/breakiterator_methods.lo ext/intl/breakiterator/rulebasedbreakiterator_methods.lo ext/intl/breakiterator/codepointiterator_internal.lo ext/intl/breakiterator/codepointiterator_methods.lo ext/json/json.lo ext/json/json_encoder.lo ext/json/json_parser.lo ext/json/json_scanner.lo ext/mbstring/mbstring.lo ext/mbstring/php_unicode.lo ext/mbstring/mb_gpc.lo ext/mbstring/php_mbregex.lo ext/mbstring/libmbfl/filters/html_entities.lo ext/mbstring/libmbfl/filters/mbfilter_7bit.lo ext/mbstring/libmbfl/filters/mbfilter_base64.lo ext/mbstring/libmbfl/filters/mbfilter_big5.lo ext/mbstring/libmbfl/filters/mbfilter_cp5022x.lo ext/mbstring/libmbfl/filters/mbfilter_cp51932.lo ext/mbstring/libmbfl/filters/mbfilter_cp932.lo ext/mbstring/libmbfl/filters/mbfilter_cp936.lo ext/mbstring/libmbfl/filters/mbfilter_gb18030.lo ext/mbstring/libmbfl/filters/mbfilter_euc_cn.lo ext/mbstring/libmbfl/filters/mbfilter_euc_jp.lo ext/mbstring/libmbfl/filters/mbfilter_euc_jp_2004.lo ext/mbstring/libmbfl/filters/mbfilter_euc_jp_win.lo ext/mbstring/libmbfl/filters/mbfilter_euc_kr.lo ext/mbstring/libmbfl/filters/mbfilter_euc_tw.lo ext/mbstring/libmbfl/filters/mbfilter_htmlent.lo ext/mbstring/libmbfl/filters/mbfilter_hz.lo ext/mbstring/libmbfl/filters/mbfilter_iso2022_jp_ms.lo ext/mbstring/libmbfl/filters/mbfilter_iso2022jp_2004.lo ext/mbstring/libmbfl/filters/mbfilter_iso2022jp_mobile.lo ext/mbstring/libmbfl/filters/mbfilter_iso2022_kr.lo ext/mbstring/libmbfl/filters/mbfilter_jis.lo ext/mbstring/libmbfl/filters/mbfilter_qprint.lo ext/mbstring/libmbfl/filters/mbfilter_singlebyte.lo ext/mbstring/libmbfl/filters/mbfilter_sjis.lo ext/mbstring/libmbfl/filters/mbfilter_sjis_mobile.lo ext/mbstring/libmbfl/filters/mbfilter_sjis_mac.lo ext/mbstring/libmbfl/filters/mbfilter_sjis_2004.lo ext/mbstring/libmbfl/filters/mbfilter_tl_jisx0201_jisx0208.lo ext/mbstring/libmbfl/filters/mbfilter_ucs2.lo ext/mbstring/libmbfl/filters/mbfilter_ucs4.lo ext/mbstring/libmbfl/filters/mbfilter_uhc.lo ext/mbstring/libmbfl/filters/mbfilter_utf16.lo ext/mbstring/libmbfl/filters/mbfilter_utf32.lo ext/mbstring/libmbfl/filters/mbfilter_utf7.lo ext/mbstring/libmbfl/filters/mbfilter_utf7imap.lo ext/mbstring/libmbfl/filters/mbfilter_utf8.lo ext/mbstring/libmbfl/filters/mbfilter_utf8_mobile.lo ext/mbstring/libmbfl/filters/mbfilter_uuencode.lo ext/mbstring/libmbfl/mbfl/mbfilter.lo ext/mbstring/libmbfl/mbfl/mbfilter_8bit.lo ext/mbstring/libmbfl/mbfl/mbfilter_pass.lo ext/mbstring/libmbfl/mbfl/mbfilter_wchar.lo ext/mbstring/libmbfl/mbfl/mbfl_convert.lo ext/mbstring/libmbfl/mbfl/mbfl_encoding.lo ext/mbstring/libmbfl/mbfl/mbfl_filter_output.lo ext/mbstring/libmbfl/mbfl/mbfl_language.lo ext/mbstring/libmbfl/mbfl/mbfl_memory_device.lo ext/mbstring/libmbfl/mbfl/mbfl_string.lo ext/mbstring/libmbfl/nls/nls_de.lo ext/mbstring/libmbfl/nls/nls_en.lo ext/mbstring/libmbfl/nls/nls_ja.lo ext/mbstring/libmbfl/nls/nls_kr.lo ext/mbstring/libmbfl/nls/nls_neutral.lo ext/mbstring/libmbfl/nls/nls_ru.lo ext/mbstring/libmbfl/nls/nls_uni.lo ext/mbstring/libmbfl/nls/nls_zh.lo ext/mbstring/libmbfl/nls/nls_hy.lo ext/mbstring/libmbfl/nls/nls_tr.lo ext/mbstring/libmbfl/nls/nls_ua.lo ext/phar/util.lo ext/phar/tar.lo ext/phar/zip.lo ext/phar/stream.lo ext/phar/func_interceptors.lo ext/phar/dirstream.lo ext/phar/phar.lo ext/phar/phar_object.lo ext/phar/phar_path_check.lo ext/reflection/php_reflection.lo ext/spl/php_spl.lo ext/spl/spl_functions.lo ext/spl/spl_iterators.lo ext/spl/spl_array.lo ext/spl/spl_directory.lo ext/spl/spl_exceptions.lo ext/spl/spl_observer.lo ext/spl/spl_dllist.lo ext/spl/spl_heap.lo ext/spl/spl_fixedarray.lo ext/standard/crypt_freesec.lo ext/standard/crypt_blowfish.lo ext/standard/crypt_sha512.lo ext/standard/crypt_sha256.lo ext/standard/php_crypt_r.lo ext/standard/array.lo ext/standard/base64.lo ext/standard/basic_functions.lo ext/standard/browscap.lo ext/standard/crc32.lo ext/standard/crypt.lo ext/standard/datetime.lo ext/standard/dir.lo ext/standard/dl.lo ext/standard/dns.lo ext/standard/exec.lo ext/standard/file.lo ext/standard/filestat.lo ext/standard/flock_compat.lo ext/standard/formatted_print.lo ext/standard/fsock.lo ext/standard/head.lo ext/standard/html.lo ext/standard/image.lo ext/standard/info.lo ext/standard/iptc.lo ext/standard/lcg.lo ext/standard/link.lo ext/standard/mail.lo ext/standard/math.lo ext/standard/md5.lo ext/standard/metaphone.lo ext/standard/microtime.lo ext/standard/pack.lo ext/standard/pageinfo.lo ext/standard/quot_print.lo ext/standard/rand.lo ext/standard/mt_rand.lo ext/standard/soundex.lo ext/standard/string.lo ext/standard/scanf.lo ext/standard/syslog.lo ext/standard/type.lo ext/standard/uniqid.lo ext/standard/url.lo ext/standard/var.lo ext/standard/versioning.lo ext/standard/assert.lo ext/standard/strnatcmp.lo ext/standard/levenshtein.lo ext/standard/incomplete_class.lo ext/standard/url_scanner_ex.lo ext/standard/ftp_fopen_wrapper.lo ext/standard/http_fopen_wrapper.lo ext/standard/php_fopen_wrapper.lo ext/standard/credits.lo ext/standard/css.lo ext/standard/var_unserializer.lo ext/standard/ftok.lo ext/standard/sha1.lo ext/standard/user_filters.lo ext/standard/uuencode.lo ext/standard/filters.lo ext/standard/proc_open.lo ext/standard/streamsfuncs.lo ext/standard/http.lo ext/standard/password.lo ext/standard/random.lo ext/standard/net.lo ext/standard/hrtime.lo ext/standard/crc32_x86.lo Zend/asm/make_x86_64_sysv_elf_gas.lo Zend/asm/jump_x86_64_sysv_elf_gas.lo TSRM/TSRM.lo main/main.lo main/snprintf.lo main/spprintf.lo main/fopen_wrappers.lo main/alloca.lo main/php_scandir.lo main/php_ini.lo main/SAPI.lo main/rfc1867.lo main/php_content_types.lo main/strlcpy.lo main/strlcat.lo main/explicit_bzero.lo main/reentrancy.lo main/php_variables.lo main/php_ticks.lo main/network.lo main/php_open_temporary_file.lo main/output.lo main/getopt.lo main/php_syslog.lo main/streams/streams.lo main/streams/cast.lo main/streams/memory.lo main/streams/filter.lo main/streams/plain_wrapper.lo main/streams/userspace.lo main/streams/transports.lo main/streams/xp_socket.lo main/streams/mmap.lo main/streams/glob_wrapper.lo Zend/zend_language_parser.lo Zend/zend_language_scanner.lo Zend/zend_ini_parser.lo Zend/zend_ini_scanner.lo Zend/zend_alloc.lo Zend/zend_compile.lo Zend/zend_constants.lo Zend/zend_dtrace.lo Zend/zend_execute_API.lo Zend/zend_highlight.lo Zend/zend_llist.lo Zend/zend_vm_opcodes.lo Zend/zend_opcode.lo Zend/zend_operators.lo Zend/zend_ptr_stack.lo Zend/zend_stack.lo Zend/zend_variables.lo Zend/zend.lo Zend/zend_API.lo Zend/zend_extensions.lo Zend/zend_hash.lo Zend/zend_list.lo Zend/zend_builtin_functions.lo Zend/zend_attributes.lo Zend/zend_execute.lo Zend/zend_ini.lo Zend/zend_sort.lo Zend/zend_multibyte.lo Zend/zend_ts_hash.lo Zend/zend_stream.lo Zend/zend_iterators.lo Zend/zend_interfaces.lo Zend/zend_exceptions.lo Zend/zend_strtod.lo Zend/zend_gc.lo Zend/zend_closures.lo Zend/zend_weakrefs.lo Zend/zend_float.lo Zend/zend_string.lo Zend/zend_signal.lo Zend/zend_generators.lo Zend/zend_virtual_cwd.lo Zend/zend_ast.lo Zend/zend_objects.lo Zend/zend_object_handlers.lo Zend/zend_objects_API.lo Zend/zend_default_classes.lo Zend/zend_inheritance.lo Zend/zend_smart_str.lo Zend/zend_cpuinfo.lo Zend/zend_gdb.lo Zend/zend_observer.lo Zend/zend_system_id.lo Zend/zend_enum.lo Zend/zend_fibers.lo Zend/Optimizer/zend_optimizer.lo Zend/Optimizer/pass1.lo Zend/Optimizer/pass3.lo Zend/Optimizer/optimize_func_calls.lo Zend/Optimizer/block_pass.lo Zend/Optimizer/optimize_temp_vars_5.lo Zend/Optimizer/nop_removal.lo Zend/Optimizer/compact_literals.lo Zend/Optimizer/zend_cfg.lo Zend/Optimizer/zend_dfg.lo Zend/Optimizer/dfa_pass.lo Zend/Optimizer/zend_ssa.lo Zend/Optimizer/zend_inference.lo Zend/Optimizer/zend_func_info.lo Zend/Optimizer/zend_call_graph.lo Zend/Optimizer/sccp.lo Zend/Optimizer/scdf.lo Zend/Optimizer/dce.lo Zend/Optimizer/escape_analysis.lo Zend/Optimizer/compact_vars.lo Zend/Optimizer/zend_dump.lo main/internal_functions_cli.lo -lstdc++ -lutil -lrt -lm -ldl -l:magma.o -lrt -lstdc++ /magma/fuzzers/aflplusplus_lto_entropy/repo/utils/aflpp_driver/libAFLDriver.a -licuio -licui18n -licuuc -licudata -l:libonig.a  -Wall -rpath /ORIGIN/lib sapi/fuzzer/fuzzer-parser.lo sapi/fuzzer/fuzzer-sapi.lo -o sapi/fuzzer/php-fuzz-parser
#23 49.07 /bin/bash /magma/targets/php/repo/libtool --silent --preserve-dup-deps --tag CC --mode=link /magma/fuzzers/aflplusplus_lto_entropy/repo/afl-clang-lto++ -stdlib=libstdc++ -export-dynamic -fno-common -Wformat-truncation -Wall -Wextra -Wno-strict-aliasing -Wno-unused-parameter -Wno-sign-compare -g -O2 -fvisibility=hidden -DZEND_SIGNALS  -include /magma/magma/src/canary.h -DMAGMA_ENABLE_CANARIES    -g -O0 -fno-sanitize=object-size -L/magma/targets/php/repo/oniguruma/src/.libs -L/magma_out -g -L/magma_out/afl -R /magma/targets/php/repo/oniguruma/src/.libs ext/date/php_date.lo ext/date/lib/astro.lo ext/date/lib/dow.lo ext/date/lib/parse_date.lo ext/date/lib/parse_tz.lo ext/date/lib/parse_posix.lo ext/date/lib/timelib.lo ext/date/lib/tm2unixtime.lo ext/date/lib/unixtime2tm.lo ext/date/lib/parse_iso_intervals.lo ext/date/lib/interval.lo ext/pcre/pcre2lib/pcre2_auto_possess.lo ext/pcre/pcre2lib/pcre2_chartables.lo ext/pcre/pcre2lib/pcre2_compile.lo ext/pcre/pcre2lib/pcre2_config.lo ext/pcre/pcre2lib/pcre2_context.lo ext/pcre/pcre2lib/pcre2_dfa_match.lo ext/pcre/pcre2lib/pcre2_error.lo ext/pcre/pcre2lib/pcre2_jit_compile.lo ext/pcre/pcre2lib/pcre2_maketables.lo ext/pcre/pcre2lib/pcre2_match.lo ext/pcre/pcre2lib/pcre2_match_data.lo ext/pcre/pcre2lib/pcre2_newline.lo ext/pcre/pcre2lib/pcre2_ord2utf.lo ext/pcre/pcre2lib/pcre2_pattern_info.lo ext/pcre/pcre2lib/pcre2_serialize.lo ext/pcre/pcre2lib/pcre2_string_utils.lo ext/pcre/pcre2lib/pcre2_study.lo ext/pcre/pcre2lib/pcre2_substitute.lo ext/pcre/pcre2lib/pcre2_substring.lo ext/pcre/pcre2lib/pcre2_tables.lo ext/pcre/pcre2lib/pcre2_ucd.lo ext/pcre/pcre2lib/pcre2_valid_utf.lo ext/pcre/pcre2lib/pcre2_xclass.lo ext/pcre/pcre2lib/pcre2_find_bracket.lo ext/pcre/pcre2lib/pcre2_convert.lo ext/pcre/pcre2lib/pcre2_extuni.lo ext/pcre/pcre2lib/pcre2_script_run.lo ext/pcre/php_pcre.lo ext/exif/exif.lo ext/hash/hash.lo ext/hash/hash_md.lo ext/hash/hash_sha.lo ext/hash/hash_ripemd.lo ext/hash/hash_haval.lo ext/hash/hash_tiger.lo ext/hash/hash_gost.lo ext/hash/hash_snefru.lo ext/hash/hash_whirlpool.lo ext/hash/hash_adler32.lo ext/hash/hash_crc32.lo ext/hash/hash_fnv.lo ext/hash/hash_joaat.lo ext/hash/sha3/generic64lc/KeccakP-1600-opt64.lo ext/hash/sha3/generic64lc/KeccakHash.lo ext/hash/sha3/generic64lc/KeccakSponge.lo ext/hash/hash_sha3.lo ext/hash/murmur/PMurHash.lo ext/hash/murmur/PMurHash128.lo ext/hash/hash_murmur.lo ext/hash/hash_xxhash.lo ext/intl/php_intl.lo ext/intl/intl_error.lo ext/intl/intl_convert.lo ext/intl/collator/collator.lo ext/intl/collator/collator_class.lo ext/intl/collator/collator_sort.lo ext/intl/collator/collator_convert.lo ext/intl/collator/collator_locale.lo ext/intl/collator/collator_compare.lo ext/intl/collator/collator_attr.lo ext/intl/collator/collator_create.lo ext/intl/collator/collator_is_numeric.lo ext/intl/collator/collator_error.lo ext/intl/common/common_error.lo ext/intl/converter/converter.lo ext/intl/formatter/formatter.lo ext/intl/formatter/formatter_main.lo ext/intl/formatter/formatter_class.lo ext/intl/formatter/formatter_attr.lo ext/intl/formatter/formatter_data.lo ext/intl/formatter/formatter_format.lo ext/intl/formatter/formatter_parse.lo ext/intl/normalizer/normalizer.lo ext/intl/normalizer/normalizer_class.lo ext/intl/normalizer/normalizer_normalize.lo ext/intl/locale/locale.lo ext/intl/locale/locale_class.lo ext/intl/locale/locale_methods.lo ext/intl/dateformat/dateformat.lo ext/intl/dateformat/dateformat_class.lo ext/intl/dateformat/dateformat_attr.lo ext/intl/dateformat/dateformat_data.lo ext/intl/dateformat/dateformat_format.lo ext/intl/dateformat/dateformat_parse.lo ext/intl/msgformat/msgformat.lo ext/intl/msgformat/msgformat_attr.lo ext/intl/msgformat/msgformat_class.lo ext/intl/msgformat/msgformat_data.lo ext/intl/msgformat/msgformat_format.lo ext/intl/msgformat/msgformat_parse.lo ext/intl/grapheme/grapheme_string.lo ext/intl/grapheme/grapheme_util.lo ext/intl/resourcebundle/resourcebundle.lo ext/intl/resourcebundle/resourcebundle_class.lo ext/intl/resourcebundle/resourcebundle_iterator.lo ext/intl/transliterator/transliterator.lo ext/intl/transliterator/transliterator_class.lo ext/intl/transliterator/transliterator_methods.lo ext/intl/uchar/uchar.lo ext/intl/idn/idn.lo ext/intl/spoofchecker/spoofchecker_class.lo ext/intl/spoofchecker/spoofchecker.lo ext/intl/spoofchecker/spoofchecker_create.lo ext/intl/spoofchecker/spoofchecker_main.lo ext/intl/intl_convertcpp.lo ext/intl/common/common_enum.lo ext/intl/common/common_date.lo ext/intl/dateformat/dateformat_format_object.lo ext/intl/dateformat/dateformat_create.lo ext/intl/dateformat/dateformat_attrcpp.lo ext/intl/dateformat/dateformat_helpers.lo ext/intl/dateformat/datepatterngenerator_class.lo ext/intl/dateformat/datepatterngenerator_methods.lo ext/intl/msgformat/msgformat_helpers.lo ext/intl/timezone/timezone_class.lo ext/intl/timezone/timezone_methods.lo ext/intl/calendar/calendar_class.lo ext/intl/calendar/calendar_methods.lo ext/intl/calendar/gregoriancalendar_methods.lo ext/intl/breakiterator/breakiterator_class.lo ext/intl/breakiterator/breakiterator_iterators.lo ext/intl/breakiterator/breakiterator_methods.lo ext/intl/breakiterator/rulebasedbreakiterator_methods.lo ext/intl/breakiterator/codepointiterator_internal.lo ext/intl/breakiterator/codepointiterator_methods.lo ext/json/json.lo ext/json/json_encoder.lo ext/json/json_parser.lo ext/json/json_scanner.lo ext/mbstring/mbstring.lo ext/mbstring/php_unicode.lo ext/mbstring/mb_gpc.lo ext/mbstring/php_mbregex.lo ext/mbstring/libmbfl/filters/html_entities.lo ext/mbstring/libmbfl/filters/mbfilter_7bit.lo ext/mbstring/libmbfl/filters/mbfilter_base64.lo ext/mbstring/libmbfl/filters/mbfilter_big5.lo ext/mbstring/libmbfl/filters/mbfilter_cp5022x.lo ext/mbstring/libmbfl/filters/mbfilter_cp51932.lo ext/mbstring/libmbfl/filters/mbfilter_cp932.lo ext/mbstring/libmbfl/filters/mbfilter_cp936.lo ext/mbstring/libmbfl/filters/mbfilter_gb18030.lo ext/mbstring/libmbfl/filters/mbfilter_euc_cn.lo ext/mbstring/libmbfl/filters/mbfilter_euc_jp.lo ext/mbstring/libmbfl/filters/mbfilter_euc_jp_2004.lo ext/mbstring/libmbfl/filters/mbfilter_euc_jp_win.lo ext/mbstring/libmbfl/filters/mbfilter_euc_kr.lo ext/mbstring/libmbfl/filters/mbfilter_euc_tw.lo ext/mbstring/libmbfl/filters/mbfilter_htmlent.lo ext/mbstring/libmbfl/filters/mbfilter_hz.lo ext/mbstring/libmbfl/filters/mbfilter_iso2022_jp_ms.lo ext/mbstring/libmbfl/filters/mbfilter_iso2022jp_2004.lo ext/mbstring/libmbfl/filters/mbfilter_iso2022jp_mobile.lo ext/mbstring/libmbfl/filters/mbfilter_iso2022_kr.lo ext/mbstring/libmbfl/filters/mbfilter_jis.lo ext/mbstring/libmbfl/filters/mbfilter_qprint.lo ext/mbstring/libmbfl/filters/mbfilter_singlebyte.lo ext/mbstring/libmbfl/filters/mbfilter_sjis.lo ext/mbstring/libmbfl/filters/mbfilter_sjis_mobile.lo ext/mbstring/libmbfl/filters/mbfilter_sjis_mac.lo ext/mbstring/libmbfl/filters/mbfilter_sjis_2004.lo ext/mbstring/libmbfl/filters/mbfilter_tl_jisx0201_jisx0208.lo ext/mbstring/libmbfl/filters/mbfilter_ucs2.lo ext/mbstring/libmbfl/filters/mbfilter_ucs4.lo ext/mbstring/libmbfl/filters/mbfilter_uhc.lo ext/mbstring/libmbfl/filters/mbfilter_utf16.lo ext/mbstring/libmbfl/filters/mbfilter_utf32.lo ext/mbstring/libmbfl/filters/mbfilter_utf7.lo ext/mbstring/libmbfl/filters/mbfilter_utf7imap.lo ext/mbstring/libmbfl/filters/mbfilter_utf8.lo ext/mbstring/libmbfl/filters/mbfilter_utf8_mobile.lo ext/mbstring/libmbfl/filters/mbfilter_uuencode.lo ext/mbstring/libmbfl/mbfl/mbfilter.lo ext/mbstring/libmbfl/mbfl/mbfilter_8bit.lo ext/mbstring/libmbfl/mbfl/mbfilter_pass.lo ext/mbstring/libmbfl/mbfl/mbfilter_wchar.lo ext/mbstring/libmbfl/mbfl/mbfl_convert.lo ext/mbstring/libmbfl/mbfl/mbfl_encoding.lo ext/mbstring/libmbfl/mbfl/mbfl_filter_output.lo ext/mbstring/libmbfl/mbfl/mbfl_language.lo ext/mbstring/libmbfl/mbfl/mbfl_memory_device.lo ext/mbstring/libmbfl/mbfl/mbfl_string.lo ext/mbstring/libmbfl/nls/nls_de.lo ext/mbstring/libmbfl/nls/nls_en.lo ext/mbstring/libmbfl/nls/nls_ja.lo ext/mbstring/libmbfl/nls/nls_kr.lo ext/mbstring/libmbfl/nls/nls_neutral.lo ext/mbstring/libmbfl/nls/nls_ru.lo ext/mbstring/libmbfl/nls/nls_uni.lo ext/mbstring/libmbfl/nls/nls_zh.lo ext/mbstring/libmbfl/nls/nls_hy.lo ext/mbstring/libmbfl/nls/nls_tr.lo ext/mbstring/libmbfl/nls/nls_ua.lo ext/phar/util.lo ext/phar/tar.lo ext/phar/zip.lo ext/phar/stream.lo ext/phar/func_interceptors.lo ext/phar/dirstream.lo ext/phar/phar.lo ext/phar/phar_object.lo ext/phar/phar_path_check.lo ext/reflection/php_reflection.lo ext/spl/php_spl.lo ext/spl/spl_functions.lo ext/spl/spl_iterators.lo ext/spl/spl_array.lo ext/spl/spl_directory.lo ext/spl/spl_exceptions.lo ext/spl/spl_observer.lo ext/spl/spl_dllist.lo ext/spl/spl_heap.lo ext/spl/spl_fixedarray.lo ext/standard/crypt_freesec.lo ext/standard/crypt_blowfish.lo ext/standard/crypt_sha512.lo ext/standard/crypt_sha256.lo ext/standard/php_crypt_r.lo ext/standard/array.lo ext/standard/base64.lo ext/standard/basic_functions.lo ext/standard/browscap.lo ext/standard/crc32.lo ext/standard/crypt.lo ext/standard/datetime.lo ext/standard/dir.lo ext/standard/dl.lo ext/standard/dns.lo ext/standard/exec.lo ext/standard/file.lo ext/standard/filestat.lo ext/standard/flock_compat.lo ext/standard/formatted_print.lo ext/standard/fsock.lo ext/standard/head.lo ext/standard/html.lo ext/standard/image.lo ext/standard/info.lo ext/standard/iptc.lo ext/standard/lcg.lo ext/standard/link.lo ext/standard/mail.lo ext/standard/math.lo ext/standard/md5.lo ext/standard/metaphone.lo ext/standard/microtime.lo ext/standard/pack.lo ext/standard/pageinfo.lo ext/standard/quot_print.lo ext/standard/rand.lo ext/standard/mt_rand.lo ext/standard/soundex.lo ext/standard/string.lo ext/standard/scanf.lo ext/standard/syslog.lo ext/standard/type.lo ext/standard/uniqid.lo ext/standard/url.lo ext/standard/var.lo ext/standard/versioning.lo ext/standard/assert.lo ext/standard/strnatcmp.lo ext/standard/levenshtein.lo ext/standard/incomplete_class.lo ext/standard/url_scanner_ex.lo ext/standard/ftp_fopen_wrapper.lo ext/standard/http_fopen_wrapper.lo ext/standard/php_fopen_wrapper.lo ext/standard/credits.lo ext/standard/css.lo ext/standard/var_unserializer.lo ext/standard/ftok.lo ext/standard/sha1.lo ext/standard/user_filters.lo ext/standard/uuencode.lo ext/standard/filters.lo ext/standard/proc_open.lo ext/standard/streamsfuncs.lo ext/standard/http.lo ext/standard/password.lo ext/standard/random.lo ext/standard/net.lo ext/standard/hrtime.lo ext/standard/crc32_x86.lo Zend/asm/make_x86_64_sysv_elf_gas.lo Zend/asm/jump_x86_64_sysv_elf_gas.lo TSRM/TSRM.lo main/main.lo main/snprintf.lo main/spprintf.lo main/fopen_wrappers.lo main/alloca.lo main/php_scandir.lo main/php_ini.lo main/SAPI.lo main/rfc1867.lo main/php_content_types.lo main/strlcpy.lo main/strlcat.lo main/explicit_bzero.lo main/reentrancy.lo main/php_variables.lo main/php_ticks.lo main/network.lo main/php_open_temporary_file.lo main/output.lo main/getopt.lo main/php_syslog.lo main/streams/streams.lo main/streams/cast.lo main/streams/memory.lo main/streams/filter.lo main/streams/plain_wrapper.lo main/streams/userspace.lo main/streams/transports.lo main/streams/xp_socket.lo main/streams/mmap.lo main/streams/glob_wrapper.lo Zend/zend_language_parser.lo Zend/zend_language_scanner.lo Zend/zend_ini_parser.lo Zend/zend_ini_scanner.lo Zend/zend_alloc.lo Zend/zend_compile.lo Zend/zend_constants.lo Zend/zend_dtrace.lo Zend/zend_execute_API.lo Zend/zend_highlight.lo Zend/zend_llist.lo Zend/zend_vm_opcodes.lo Zend/zend_opcode.lo Zend/zend_operators.lo Zend/zend_ptr_stack.lo Zend/zend_stack.lo Zend/zend_variables.lo Zend/zend.lo Zend/zend_API.lo Zend/zend_extensions.lo Zend/zend_hash.lo Zend/zend_list.lo Zend/zend_builtin_functions.lo Zend/zend_attributes.lo Zend/zend_execute.lo Zend/zend_ini.lo Zend/zend_sort.lo Zend/zend_multibyte.lo Zend/zend_ts_hash.lo Zend/zend_stream.lo Zend/zend_iterators.lo Zend/zend_interfaces.lo Zend/zend_exceptions.lo Zend/zend_strtod.lo Zend/zend_gc.lo Zend/zend_closures.lo Zend/zend_weakrefs.lo Zend/zend_float.lo Zend/zend_string.lo Zend/zend_signal.lo Zend/zend_generators.lo Zend/zend_virtual_cwd.lo Zend/zend_ast.lo Zend/zend_objects.lo Zend/zend_object_handlers.lo Zend/zend_objects_API.lo Zend/zend_default_classes.lo Zend/zend_inheritance.lo Zend/zend_smart_str.lo Zend/zend_cpuinfo.lo Zend/zend_gdb.lo Zend/zend_observer.lo Zend/zend_system_id.lo Zend/zend_enum.lo Zend/zend_fibers.lo Zend/Optimizer/zend_optimizer.lo Zend/Optimizer/pass1.lo Zend/Optimizer/pass3.lo Zend/Optimizer/optimize_func_calls.lo Zend/Optimizer/block_pass.lo Zend/Optimizer/optimize_temp_vars_5.lo Zend/Optimizer/nop_removal.lo Zend/Optimizer/compact_literals.lo Zend/Optimizer/zend_cfg.lo Zend/Optimizer/zend_dfg.lo Zend/Optimizer/dfa_pass.lo Zend/Optimizer/zend_ssa.lo Zend/Optimizer/zend_inference.lo Zend/Optimizer/zend_func_info.lo Zend/Optimizer/zend_call_graph.lo Zend/Optimizer/sccp.lo Zend/Optimizer/scdf.lo Zend/Optimizer/dce.lo Zend/Optimizer/escape_analysis.lo Zend/Optimizer/compact_vars.lo Zend/Optimizer/zend_dump.lo main/internal_functions_cli.lo -lstdc++ -lutil -lrt -lm -ldl -l:magma.o -lrt -lstdc++ /magma/fuzzers/aflplusplus_lto_entropy/repo/utils/aflpp_driver/libAFLDriver.a -licuio -licui18n -licuuc -licudata -l:libonig.a  -Wall -rpath /ORIGIN/lib sapi/fuzzer/fuzzer-execute.lo sapi/fuzzer/fuzzer-sapi.lo -o sapi/fuzzer/php-fuzz-execute
#23 49.07 /bin/bash /magma/targets/php/repo/libtool --silent --preserve-dup-deps --tag CC --mode=link /magma/fuzzers/aflplusplus_lto_entropy/repo/afl-clang-lto++ -stdlib=libstdc++ -export-dynamic -fno-common -Wformat-truncation -Wall -Wextra -Wno-strict-aliasing -Wno-unused-parameter -Wno-sign-compare -g -O2 -fvisibility=hidden -DZEND_SIGNALS  -include /magma/magma/src/canary.h -DMAGMA_ENABLE_CANARIES    -g -O0 -fno-sanitize=object-size -L/magma/targets/php/repo/oniguruma/src/.libs -L/magma_out -g -L/magma_out/afl -R /magma/targets/php/repo/oniguruma/src/.libs ext/date/php_date.lo ext/date/lib/astro.lo ext/date/lib/dow.lo ext/date/lib/parse_date.lo ext/date/lib/parse_tz.lo ext/date/lib/parse_posix.lo ext/date/lib/timelib.lo ext/date/lib/tm2unixtime.lo ext/date/lib/unixtime2tm.lo ext/date/lib/parse_iso_intervals.lo ext/date/lib/interval.lo ext/pcre/pcre2lib/pcre2_auto_possess.lo ext/pcre/pcre2lib/pcre2_chartables.lo ext/pcre/pcre2lib/pcre2_compile.lo ext/pcre/pcre2lib/pcre2_config.lo ext/pcre/pcre2lib/pcre2_context.lo ext/pcre/pcre2lib/pcre2_dfa_match.lo ext/pcre/pcre2lib/pcre2_error.lo ext/pcre/pcre2lib/pcre2_jit_compile.lo ext/pcre/pcre2lib/pcre2_maketables.lo ext/pcre/pcre2lib/pcre2_match.lo ext/pcre/pcre2lib/pcre2_match_data.lo ext/pcre/pcre2lib/pcre2_newline.lo ext/pcre/pcre2lib/pcre2_ord2utf.lo ext/pcre/pcre2lib/pcre2_pattern_info.lo ext/pcre/pcre2lib/pcre2_serialize.lo ext/pcre/pcre2lib/pcre2_string_utils.lo ext/pcre/pcre2lib/pcre2_study.lo ext/pcre/pcre2lib/pcre2_substitute.lo ext/pcre/pcre2lib/pcre2_substring.lo ext/pcre/pcre2lib/pcre2_tables.lo ext/pcre/pcre2lib/pcre2_ucd.lo ext/pcre/pcre2lib/pcre2_valid_utf.lo ext/pcre/pcre2lib/pcre2_xclass.lo ext/pcre/pcre2lib/pcre2_find_bracket.lo ext/pcre/pcre2lib/pcre2_convert.lo ext/pcre/pcre2lib/pcre2_extuni.lo ext/pcre/pcre2lib/pcre2_script_run.lo ext/pcre/php_pcre.lo ext/exif/exif.lo ext/hash/hash.lo ext/hash/hash_md.lo ext/hash/hash_sha.lo ext/hash/hash_ripemd.lo ext/hash/hash_haval.lo ext/hash/hash_tiger.lo ext/hash/hash_gost.lo ext/hash/hash_snefru.lo ext/hash/hash_whirlpool.lo ext/hash/hash_adler32.lo ext/hash/hash_crc32.lo ext/hash/hash_fnv.lo ext/hash/hash_joaat.lo ext/hash/sha3/generic64lc/KeccakP-1600-opt64.lo ext/hash/sha3/generic64lc/KeccakHash.lo ext/hash/sha3/generic64lc/KeccakSponge.lo ext/hash/hash_sha3.lo ext/hash/murmur/PMurHash.lo ext/hash/murmur/PMurHash128.lo ext/hash/hash_murmur.lo ext/hash/hash_xxhash.lo ext/intl/php_intl.lo ext/intl/intl_error.lo ext/intl/intl_convert.lo ext/intl/collator/collator.lo ext/intl/collator/collator_class.lo ext/intl/collator/collator_sort.lo ext/intl/collator/collator_convert.lo ext/intl/collator/collator_locale.lo ext/intl/collator/collator_compare.lo ext/intl/collator/collator_attr.lo ext/intl/collator/collator_create.lo ext/intl/collator/collator_is_numeric.lo ext/intl/collator/collator_error.lo ext/intl/common/common_error.lo ext/intl/converter/converter.lo ext/intl/formatter/formatter.lo ext/intl/formatter/formatter_main.lo ext/intl/formatter/formatter_class.lo ext/intl/formatter/formatter_attr.lo ext/intl/formatter/formatter_data.lo ext/intl/formatter/formatter_format.lo ext/intl/formatter/formatter_parse.lo ext/intl/normalizer/normalizer.lo ext/intl/normalizer/normalizer_class.lo ext/intl/normalizer/normalizer_normalize.lo ext/intl/locale/locale.lo ext/intl/locale/locale_class.lo ext/intl/locale/locale_methods.lo ext/intl/dateformat/dateformat.lo ext/intl/dateformat/dateformat_class.lo ext/intl/dateformat/dateformat_attr.lo ext/intl/dateformat/dateformat_data.lo ext/intl/dateformat/dateformat_format.lo ext/intl/dateformat/dateformat_parse.lo ext/intl/msgformat/msgformat.lo ext/intl/msgformat/msgformat_attr.lo ext/intl/msgformat/msgformat_class.lo ext/intl/msgformat/msgformat_data.lo ext/intl/msgformat/msgformat_format.lo ext/intl/msgformat/msgformat_parse.lo ext/intl/grapheme/grapheme_string.lo ext/intl/grapheme/grapheme_util.lo ext/intl/resourcebundle/resourcebundle.lo ext/intl/resourcebundle/resourcebundle_class.lo ext/intl/resourcebundle/resourcebundle_iterator.lo ext/intl/transliterator/transliterator.lo ext/intl/transliterator/transliterator_class.lo ext/intl/transliterator/transliterator_methods.lo ext/intl/uchar/uchar.lo ext/intl/idn/idn.lo ext/intl/spoofchecker/spoofchecker_class.lo ext/intl/spoofchecker/spoofchecker.lo ext/intl/spoofchecker/spoofchecker_create.lo ext/intl/spoofchecker/spoofchecker_main.lo ext/intl/intl_convertcpp.lo ext/intl/common/common_enum.lo ext/intl/common/common_date.lo ext/intl/dateformat/dateformat_format_object.lo ext/intl/dateformat/dateformat_create.lo ext/intl/dateformat/dateformat_attrcpp.lo ext/intl/dateformat/dateformat_helpers.lo ext/intl/dateformat/datepatterngenerator_class.lo ext/intl/dateformat/datepatterngenerator_methods.lo ext/intl/msgformat/msgformat_helpers.lo ext/intl/timezone/timezone_class.lo ext/intl/timezone/timezone_methods.lo ext/intl/calendar/calendar_class.lo ext/intl/calendar/calendar_methods.lo ext/intl/calendar/gregoriancalendar_methods.lo ext/intl/breakiterator/breakiterator_class.lo ext/intl/breakiterator/breakiterator_iterators.lo ext/intl/breakiterator/breakiterator_methods.lo ext/intl/breakiterator/rulebasedbreakiterator_methods.lo ext/intl/breakiterator/codepointiterator_internal.lo ext/intl/breakiterator/codepointiterator_methods.lo ext/json/json.lo ext/json/json_encoder.lo ext/json/json_parser.lo ext/json/json_scanner.lo ext/mbstring/mbstring.lo ext/mbstring/php_unicode.lo ext/mbstring/mb_gpc.lo ext/mbstring/php_mbregex.lo ext/mbstring/libmbfl/filters/html_entities.lo ext/mbstring/libmbfl/filters/mbfilter_7bit.lo ext/mbstring/libmbfl/filters/mbfilter_base64.lo ext/mbstring/libmbfl/filters/mbfilter_big5.lo ext/mbstring/libmbfl/filters/mbfilter_cp5022x.lo ext/mbstring/libmbfl/filters/mbfilter_cp51932.lo ext/mbstring/libmbfl/filters/mbfilter_cp932.lo ext/mbstring/libmbfl/filters/mbfilter_cp936.lo ext/mbstring/libmbfl/filters/mbfilter_gb18030.lo ext/mbstring/libmbfl/filters/mbfilter_euc_cn.lo ext/mbstring/libmbfl/filters/mbfilter_euc_jp.lo ext/mbstring/libmbfl/filters/mbfilter_euc_jp_2004.lo ext/mbstring/libmbfl/filters/mbfilter_euc_jp_win.lo ext/mbstring/libmbfl/filters/mbfilter_euc_kr.lo ext/mbstring/libmbfl/filters/mbfilter_euc_tw.lo ext/mbstring/libmbfl/filters/mbfilter_htmlent.lo ext/mbstring/libmbfl/filters/mbfilter_hz.lo ext/mbstring/libmbfl/filters/mbfilter_iso2022_jp_ms.lo ext/mbstring/libmbfl/filters/mbfilter_iso2022jp_2004.lo ext/mbstring/libmbfl/filters/mbfilter_iso2022jp_mobile.lo ext/mbstring/libmbfl/filters/mbfilter_iso2022_kr.lo ext/mbstring/libmbfl/filters/mbfilter_jis.lo ext/mbstring/libmbfl/filters/mbfilter_qprint.lo ext/mbstring/libmbfl/filters/mbfilter_singlebyte.lo ext/mbstring/libmbfl/filters/mbfilter_sjis.lo ext/mbstring/libmbfl/filters/mbfilter_sjis_mobile.lo ext/mbstring/libmbfl/filters/mbfilter_sjis_mac.lo ext/mbstring/libmbfl/filters/mbfilter_sjis_2004.lo ext/mbstring/libmbfl/filters/mbfilter_tl_jisx0201_jisx0208.lo ext/mbstring/libmbfl/filters/mbfilter_ucs2.lo ext/mbstring/libmbfl/filters/mbfilter_ucs4.lo ext/mbstring/libmbfl/filters/mbfilter_uhc.lo ext/mbstring/libmbfl/filters/mbfilter_utf16.lo ext/mbstring/libmbfl/filters/mbfilter_utf32.lo ext/mbstring/libmbfl/filters/mbfilter_utf7.lo ext/mbstring/libmbfl/filters/mbfilter_utf7imap.lo ext/mbstring/libmbfl/filters/mbfilter_utf8.lo ext/mbstring/libmbfl/filters/mbfilter_utf8_mobile.lo ext/mbstring/libmbfl/filters/mbfilter_uuencode.lo ext/mbstring/libmbfl/mbfl/mbfilter.lo ext/mbstring/libmbfl/mbfl/mbfilter_8bit.lo ext/mbstring/libmbfl/mbfl/mbfilter_pass.lo ext/mbstring/libmbfl/mbfl/mbfilter_wchar.lo ext/mbstring/libmbfl/mbfl/mbfl_convert.lo ext/mbstring/libmbfl/mbfl/mbfl_encoding.lo ext/mbstring/libmbfl/mbfl/mbfl_filter_output.lo ext/mbstring/libmbfl/mbfl/mbfl_language.lo ext/mbstring/libmbfl/mbfl/mbfl_memory_device.lo ext/mbstring/libmbfl/mbfl/mbfl_string.lo ext/mbstring/libmbfl/nls/nls_de.lo ext/mbstring/libmbfl/nls/nls_en.lo ext/mbstring/libmbfl/nls/nls_ja.lo ext/mbstring/libmbfl/nls/nls_kr.lo ext/mbstring/libmbfl/nls/nls_neutral.lo ext/mbstring/libmbfl/nls/nls_ru.lo ext/mbstring/libmbfl/nls/nls_uni.lo ext/mbstring/libmbfl/nls/nls_zh.lo ext/mbstring/libmbfl/nls/nls_hy.lo ext/mbstring/libmbfl/nls/nls_tr.lo ext/mbstring/libmbfl/nls/nls_ua.lo ext/phar/util.lo ext/phar/tar.lo ext/phar/zip.lo ext/phar/stream.lo ext/phar/func_interceptors.lo ext/phar/dirstream.lo ext/phar/phar.lo ext/phar/phar_object.lo ext/phar/phar_path_check.lo ext/reflection/php_reflection.lo ext/spl/php_spl.lo ext/spl/spl_functions.lo ext/spl/spl_iterators.lo ext/spl/spl_array.lo ext/spl/spl_directory.lo ext/spl/spl_exceptions.lo ext/spl/spl_observer.lo ext/spl/spl_dllist.lo ext/spl/spl_heap.lo ext/spl/spl_fixedarray.lo ext/standard/crypt_freesec.lo ext/standard/crypt_blowfish.lo ext/standard/crypt_sha512.lo ext/standard/crypt_sha256.lo ext/standard/php_crypt_r.lo ext/standard/array.lo ext/standard/base64.lo ext/standard/basic_functions.lo ext/standard/browscap.lo ext/standard/crc32.lo ext/standard/crypt.lo ext/standard/datetime.lo ext/standard/dir.lo ext/standard/dl.lo ext/standard/dns.lo ext/standard/exec.lo ext/standard/file.lo ext/standard/filestat.lo ext/standard/flock_compat.lo ext/standard/formatted_print.lo ext/standard/fsock.lo ext/standard/head.lo ext/standard/html.lo ext/standard/image.lo ext/standard/info.lo ext/standard/iptc.lo ext/standard/lcg.lo ext/standard/link.lo ext/standard/mail.lo ext/standard/math.lo ext/standard/md5.lo ext/standard/metaphone.lo ext/standard/microtime.lo ext/standard/pack.lo ext/standard/pageinfo.lo ext/standard/quot_print.lo ext/standard/rand.lo ext/standard/mt_rand.lo ext/standard/soundex.lo ext/standard/string.lo ext/standard/scanf.lo ext/standard/syslog.lo ext/standard/type.lo ext/standard/uniqid.lo ext/standard/url.lo ext/standard/var.lo ext/standard/versioning.lo ext/standard/assert.lo ext/standard/strnatcmp.lo ext/standard/levenshtein.lo ext/standard/incomplete_class.lo ext/standard/url_scanner_ex.lo ext/standard/ftp_fopen_wrapper.lo ext/standard/http_fopen_wrapper.lo ext/standard/php_fopen_wrapper.lo ext/standard/credits.lo ext/standard/css.lo ext/standard/var_unserializer.lo ext/standard/ftok.lo ext/standard/sha1.lo ext/standard/user_filters.lo ext/standard/uuencode.lo ext/standard/filters.lo ext/standard/proc_open.lo ext/standard/streamsfuncs.lo ext/standard/http.lo ext/standard/password.lo ext/standard/random.lo ext/standard/net.lo ext/standard/hrtime.lo ext/standard/crc32_x86.lo Zend/asm/make_x86_64_sysv_elf_gas.lo Zend/asm/jump_x86_64_sysv_elf_gas.lo TSRM/TSRM.lo main/main.lo main/snprintf.lo main/spprintf.lo main/fopen_wrappers.lo main/alloca.lo main/php_scandir.lo main/php_ini.lo main/SAPI.lo main/rfc1867.lo main/php_content_types.lo main/strlcpy.lo main/strlcat.lo main/explicit_bzero.lo main/reentrancy.lo main/php_variables.lo main/php_ticks.lo main/network.lo main/php_open_temporary_file.lo main/output.lo main/getopt.lo main/php_syslog.lo main/streams/streams.lo main/streams/cast.lo main/streams/memory.lo main/streams/filter.lo main/streams/plain_wrapper.lo main/streams/userspace.lo main/streams/transports.lo main/streams/xp_socket.lo main/streams/mmap.lo main/streams/glob_wrapper.lo Zend/zend_language_parser.lo Zend/zend_language_scanner.lo Zend/zend_ini_parser.lo Zend/zend_ini_scanner.lo Zend/zend_alloc.lo Zend/zend_compile.lo Zend/zend_constants.lo Zend/zend_dtrace.lo Zend/zend_execute_API.lo Zend/zend_highlight.lo Zend/zend_llist.lo Zend/zend_vm_opcodes.lo Zend/zend_opcode.lo Zend/zend_operators.lo Zend/zend_ptr_stack.lo Zend/zend_stack.lo Zend/zend_variables.lo Zend/zend.lo Zend/zend_API.lo Zend/zend_extensions.lo Zend/zend_hash.lo Zend/zend_list.lo Zend/zend_builtin_functions.lo Zend/zend_attributes.lo Zend/zend_execute.lo Zend/zend_ini.lo Zend/zend_sort.lo Zend/zend_multibyte.lo Zend/zend_ts_hash.lo Zend/zend_stream.lo Zend/zend_iterators.lo Zend/zend_interfaces.lo Zend/zend_exceptions.lo Zend/zend_strtod.lo Zend/zend_gc.lo Zend/zend_closures.lo Zend/zend_weakrefs.lo Zend/zend_float.lo Zend/zend_string.lo Zend/zend_signal.lo Zend/zend_generators.lo Zend/zend_virtual_cwd.lo Zend/zend_ast.lo Zend/zend_objects.lo Zend/zend_object_handlers.lo Zend/zend_objects_API.lo Zend/zend_default_classes.lo Zend/zend_inheritance.lo Zend/zend_smart_str.lo Zend/zend_cpuinfo.lo Zend/zend_gdb.lo Zend/zend_observer.lo Zend/zend_system_id.lo Zend/zend_enum.lo Zend/zend_fibers.lo Zend/Optimizer/zend_optimizer.lo Zend/Optimizer/pass1.lo Zend/Optimizer/pass3.lo Zend/Optimizer/optimize_func_calls.lo Zend/Optimizer/block_pass.lo Zend/Optimizer/optimize_temp_vars_5.lo Zend/Optimizer/nop_removal.lo Zend/Optimizer/compact_literals.lo Zend/Optimizer/zend_cfg.lo Zend/Optimizer/zend_dfg.lo Zend/Optimizer/dfa_pass.lo Zend/Optimizer/zend_ssa.lo Zend/Optimizer/zend_inference.lo Zend/Optimizer/zend_func_info.lo Zend/Optimizer/zend_call_graph.lo Zend/Optimizer/sccp.lo Zend/Optimizer/scdf.lo Zend/Optimizer/dce.lo Zend/Optimizer/escape_analysis.lo Zend/Optimizer/compact_vars.lo Zend/Optimizer/zend_dump.lo main/internal_functions_cli.lo -lstdc++ -lutil -lrt -lm -ldl -l:magma.o -lrt -lstdc++ /magma/fuzzers/aflplusplus_lto_entropy/repo/utils/aflpp_driver/libAFLDriver.a -licuio -licui18n -licuuc -licudata -l:libonig.a  -Wall -rpath /ORIGIN/lib sapi/fuzzer/fuzzer-unserialize.lo sapi/fuzzer/fuzzer-sapi.lo -o sapi/fuzzer/php-fuzz-unserialize
#23 49.07 /bin/bash /magma/targets/php/repo/libtool --silent --preserve-dup-deps --tag CC --mode=link /magma/fuzzers/aflplusplus_lto_entropy/repo/afl-clang-lto++ -stdlib=libstdc++ -export-dynamic -fno-common -Wformat-truncation -Wall -Wextra -Wno-strict-aliasing -Wno-unused-parameter -Wno-sign-compare -g -O2 -fvisibility=hidden -DZEND_SIGNALS  -include /magma/magma/src/canary.h -DMAGMA_ENABLE_CANARIES    -g -O0 -fno-sanitize=object-size -L/magma/targets/php/repo/oniguruma/src/.libs -L/magma_out -g -L/magma_out/afl -R /magma/targets/php/repo/oniguruma/src/.libs ext/date/php_date.lo ext/date/lib/astro.lo ext/date/lib/dow.lo ext/date/lib/parse_date.lo ext/date/lib/parse_tz.lo ext/date/lib/parse_posix.lo ext/date/lib/timelib.lo ext/date/lib/tm2unixtime.lo ext/date/lib/unixtime2tm.lo ext/date/lib/parse_iso_intervals.lo ext/date/lib/interval.lo ext/pcre/pcre2lib/pcre2_auto_possess.lo ext/pcre/pcre2lib/pcre2_chartables.lo ext/pcre/pcre2lib/pcre2_compile.lo ext/pcre/pcre2lib/pcre2_config.lo ext/pcre/pcre2lib/pcre2_context.lo ext/pcre/pcre2lib/pcre2_dfa_match.lo ext/pcre/pcre2lib/pcre2_error.lo ext/pcre/pcre2lib/pcre2_jit_compile.lo ext/pcre/pcre2lib/pcre2_maketables.lo ext/pcre/pcre2lib/pcre2_match.lo ext/pcre/pcre2lib/pcre2_match_data.lo ext/pcre/pcre2lib/pcre2_newline.lo ext/pcre/pcre2lib/pcre2_ord2utf.lo ext/pcre/pcre2lib/pcre2_pattern_info.lo ext/pcre/pcre2lib/pcre2_serialize.lo ext/pcre/pcre2lib/pcre2_string_utils.lo ext/pcre/pcre2lib/pcre2_study.lo ext/pcre/pcre2lib/pcre2_substitute.lo ext/pcre/pcre2lib/pcre2_substring.lo ext/pcre/pcre2lib/pcre2_tables.lo ext/pcre/pcre2lib/pcre2_ucd.lo ext/pcre/pcre2lib/pcre2_valid_utf.lo ext/pcre/pcre2lib/pcre2_xclass.lo ext/pcre/pcre2lib/pcre2_find_bracket.lo ext/pcre/pcre2lib/pcre2_convert.lo ext/pcre/pcre2lib/pcre2_extuni.lo ext/pcre/pcre2lib/pcre2_script_run.lo ext/pcre/php_pcre.lo ext/exif/exif.lo ext/hash/hash.lo ext/hash/hash_md.lo ext/hash/hash_sha.lo ext/hash/hash_ripemd.lo ext/hash/hash_haval.lo ext/hash/hash_tiger.lo ext/hash/hash_gost.lo ext/hash/hash_snefru.lo ext/hash/hash_whirlpool.lo ext/hash/hash_adler32.lo ext/hash/hash_crc32.lo ext/hash/hash_fnv.lo ext/hash/hash_joaat.lo ext/hash/sha3/generic64lc/KeccakP-1600-opt64.lo ext/hash/sha3/generic64lc/KeccakHash.lo ext/hash/sha3/generic64lc/KeccakSponge.lo ext/hash/hash_sha3.lo ext/hash/murmur/PMurHash.lo ext/hash/murmur/PMurHash128.lo ext/hash/hash_murmur.lo ext/hash/hash_xxhash.lo ext/intl/php_intl.lo ext/intl/intl_error.lo ext/intl/intl_convert.lo ext/intl/collator/collator.lo ext/intl/collator/collator_class.lo ext/intl/collator/collator_sort.lo ext/intl/collator/collator_convert.lo ext/intl/collator/collator_locale.lo ext/intl/collator/collator_compare.lo ext/intl/collator/collator_attr.lo ext/intl/collator/collator_create.lo ext/intl/collator/collator_is_numeric.lo ext/intl/collator/collator_error.lo ext/intl/common/common_error.lo ext/intl/converter/converter.lo ext/intl/formatter/formatter.lo ext/intl/formatter/formatter_main.lo ext/intl/formatter/formatter_class.lo ext/intl/formatter/formatter_attr.lo ext/intl/formatter/formatter_data.lo ext/intl/formatter/formatter_format.lo ext/intl/formatter/formatter_parse.lo ext/intl/normalizer/normalizer.lo ext/intl/normalizer/normalizer_class.lo ext/intl/normalizer/normalizer_normalize.lo ext/intl/locale/locale.lo ext/intl/locale/locale_class.lo ext/intl/locale/locale_methods.lo ext/intl/dateformat/dateformat.lo ext/intl/dateformat/dateformat_class.lo ext/intl/dateformat/dateformat_attr.lo ext/intl/dateformat/dateformat_data.lo ext/intl/dateformat/dateformat_format.lo ext/intl/dateformat/dateformat_parse.lo ext/intl/msgformat/msgformat.lo ext/intl/msgformat/msgformat_attr.lo ext/intl/msgformat/msgformat_class.lo ext/intl/msgformat/msgformat_data.lo ext/intl/msgformat/msgformat_format.lo ext/intl/msgformat/msgformat_parse.lo ext/intl/grapheme/grapheme_string.lo ext/intl/grapheme/grapheme_util.lo ext/intl/resourcebundle/resourcebundle.lo ext/intl/resourcebundle/resourcebundle_class.lo ext/intl/resourcebundle/resourcebundle_iterator.lo ext/intl/transliterator/transliterator.lo ext/intl/transliterator/transliterator_class.lo ext/intl/transliterator/transliterator_methods.lo ext/intl/uchar/uchar.lo ext/intl/idn/idn.lo ext/intl/spoofchecker/spoofchecker_class.lo ext/intl/spoofchecker/spoofchecker.lo ext/intl/spoofchecker/spoofchecker_create.lo ext/intl/spoofchecker/spoofchecker_main.lo ext/intl/intl_convertcpp.lo ext/intl/common/common_enum.lo ext/intl/common/common_date.lo ext/intl/dateformat/dateformat_format_object.lo ext/intl/dateformat/dateformat_create.lo ext/intl/dateformat/dateformat_attrcpp.lo ext/intl/dateformat/dateformat_helpers.lo ext/intl/dateformat/datepatterngenerator_class.lo ext/intl/dateformat/datepatterngenerator_methods.lo ext/intl/msgformat/msgformat_helpers.lo ext/intl/timezone/timezone_class.lo ext/intl/timezone/timezone_methods.lo ext/intl/calendar/calendar_class.lo ext/intl/calendar/calendar_methods.lo ext/intl/calendar/gregoriancalendar_methods.lo ext/intl/breakiterator/breakiterator_class.lo ext/intl/breakiterator/breakiterator_iterators.lo ext/intl/breakiterator/breakiterator_methods.lo ext/intl/breakiterator/rulebasedbreakiterator_methods.lo ext/intl/breakiterator/codepointiterator_internal.lo ext/intl/breakiterator/codepointiterator_methods.lo ext/json/json.lo ext/json/json_encoder.lo ext/json/json_parser.lo ext/json/json_scanner.lo ext/mbstring/mbstring.lo ext/mbstring/php_unicode.lo ext/mbstring/mb_gpc.lo ext/mbstring/php_mbregex.lo ext/mbstring/libmbfl/filters/html_entities.lo ext/mbstring/libmbfl/filters/mbfilter_7bit.lo ext/mbstring/libmbfl/filters/mbfilter_base64.lo ext/mbstring/libmbfl/filters/mbfilter_big5.lo ext/mbstring/libmbfl/filters/mbfilter_cp5022x.lo ext/mbstring/libmbfl/filters/mbfilter_cp51932.lo ext/mbstring/libmbfl/filters/mbfilter_cp932.lo ext/mbstring/libmbfl/filters/mbfilter_cp936.lo ext/mbstring/libmbfl/filters/mbfilter_gb18030.lo ext/mbstring/libmbfl/filters/mbfilter_euc_cn.lo ext/mbstring/libmbfl/filters/mbfilter_euc_jp.lo ext/mbstring/libmbfl/filters/mbfilter_euc_jp_2004.lo ext/mbstring/libmbfl/filters/mbfilter_euc_jp_win.lo ext/mbstring/libmbfl/filters/mbfilter_euc_kr.lo ext/mbstring/libmbfl/filters/mbfilter_euc_tw.lo ext/mbstring/libmbfl/filters/mbfilter_htmlent.lo ext/mbstring/libmbfl/filters/mbfilter_hz.lo ext/mbstring/libmbfl/filters/mbfilter_iso2022_jp_ms.lo ext/mbstring/libmbfl/filters/mbfilter_iso2022jp_2004.lo ext/mbstring/libmbfl/filters/mbfilter_iso2022jp_mobile.lo ext/mbstring/libmbfl/filters/mbfilter_iso2022_kr.lo ext/mbstring/libmbfl/filters/mbfilter_jis.lo ext/mbstring/libmbfl/filters/mbfilter_qprint.lo ext/mbstring/libmbfl/filters/mbfilter_singlebyte.lo ext/mbstring/libmbfl/filters/mbfilter_sjis.lo ext/mbstring/libmbfl/filters/mbfilter_sjis_mobile.lo ext/mbstring/libmbfl/filters/mbfilter_sjis_mac.lo ext/mbstring/libmbfl/filters/mbfilter_sjis_2004.lo ext/mbstring/libmbfl/filters/mbfilter_tl_jisx0201_jisx0208.lo ext/mbstring/libmbfl/filters/mbfilter_ucs2.lo ext/mbstring/libmbfl/filters/mbfilter_ucs4.lo ext/mbstring/libmbfl/filters/mbfilter_uhc.lo ext/mbstring/libmbfl/filters/mbfilter_utf16.lo ext/mbstring/libmbfl/filters/mbfilter_utf32.lo ext/mbstring/libmbfl/filters/mbfilter_utf7.lo ext/mbstring/libmbfl/filters/mbfilter_utf7imap.lo ext/mbstring/libmbfl/filters/mbfilter_utf8.lo ext/mbstring/libmbfl/filters/mbfilter_utf8_mobile.lo ext/mbstring/libmbfl/filters/mbfilter_uuencode.lo ext/mbstring/libmbfl/mbfl/mbfilter.lo ext/mbstring/libmbfl/mbfl/mbfilter_8bit.lo ext/mbstring/libmbfl/mbfl/mbfilter_pass.lo ext/mbstring/libmbfl/mbfl/mbfilter_wchar.lo ext/mbstring/libmbfl/mbfl/mbfl_convert.lo ext/mbstring/libmbfl/mbfl/mbfl_encoding.lo ext/mbstring/libmbfl/mbfl/mbfl_filter_output.lo ext/mbstring/libmbfl/mbfl/mbfl_language.lo ext/mbstring/libmbfl/mbfl/mbfl_memory_device.lo ext/mbstring/libmbfl/mbfl/mbfl_string.lo ext/mbstring/libmbfl/nls/nls_de.lo ext/mbstring/libmbfl/nls/nls_en.lo ext/mbstring/libmbfl/nls/nls_ja.lo ext/mbstring/libmbfl/nls/nls_kr.lo ext/mbstring/libmbfl/nls/nls_neutral.lo ext/mbstring/libmbfl/nls/nls_ru.lo ext/mbstring/libmbfl/nls/nls_uni.lo ext/mbstring/libmbfl/nls/nls_zh.lo ext/mbstring/libmbfl/nls/nls_hy.lo ext/mbstring/libmbfl/nls/nls_tr.lo ext/mbstring/libmbfl/nls/nls_ua.lo ext/phar/util.lo ext/phar/tar.lo ext/phar/zip.lo ext/phar/stream.lo ext/phar/func_interceptors.lo ext/phar/dirstream.lo ext/phar/phar.lo ext/phar/phar_object.lo ext/phar/phar_path_check.lo ext/reflection/php_reflection.lo ext/spl/php_spl.lo ext/spl/spl_functions.lo ext/spl/spl_iterators.lo ext/spl/spl_array.lo ext/spl/spl_directory.lo ext/spl/spl_exceptions.lo ext/spl/spl_observer.lo ext/spl/spl_dllist.lo ext/spl/spl_heap.lo ext/spl/spl_fixedarray.lo ext/standard/crypt_freesec.lo ext/standard/crypt_blowfish.lo ext/standard/crypt_sha512.lo ext/standard/crypt_sha256.lo ext/standard/php_crypt_r.lo ext/standard/array.lo ext/standard/base64.lo ext/standard/basic_functions.lo ext/standard/browscap.lo ext/standard/crc32.lo ext/standard/crypt.lo ext/standard/datetime.lo ext/standard/dir.lo ext/standard/dl.lo ext/standard/dns.lo ext/standard/exec.lo ext/standard/file.lo ext/standard/filestat.lo ext/standard/flock_compat.lo ext/standard/formatted_print.lo ext/standard/fsock.lo ext/standard/head.lo ext/standard/html.lo ext/standard/image.lo ext/standard/info.lo ext/standard/iptc.lo ext/standard/lcg.lo ext/standard/link.lo ext/standard/mail.lo ext/standard/math.lo ext/standard/md5.lo ext/standard/metaphone.lo ext/standard/microtime.lo ext/standard/pack.lo ext/standard/pageinfo.lo ext/standard/quot_print.lo ext/standard/rand.lo ext/standard/mt_rand.lo ext/standard/soundex.lo ext/standard/string.lo ext/standard/scanf.lo ext/standard/syslog.lo ext/standard/type.lo ext/standard/uniqid.lo ext/standard/url.lo ext/standard/var.lo ext/standard/versioning.lo ext/standard/assert.lo ext/standard/strnatcmp.lo ext/standard/levenshtein.lo ext/standard/incomplete_class.lo ext/standard/url_scanner_ex.lo ext/standard/ftp_fopen_wrapper.lo ext/standard/http_fopen_wrapper.lo ext/standard/php_fopen_wrapper.lo ext/standard/credits.lo ext/standard/css.lo ext/standard/var_unserializer.lo ext/standard/ftok.lo ext/standard/sha1.lo ext/standard/user_filters.lo ext/standard/uuencode.lo ext/standard/filters.lo ext/standard/proc_open.lo ext/standard/streamsfuncs.lo ext/standard/http.lo ext/standard/password.lo ext/standard/random.lo ext/standard/net.lo ext/standard/hrtime.lo ext/standard/crc32_x86.lo Zend/asm/make_x86_64_sysv_elf_gas.lo Zend/asm/jump_x86_64_sysv_elf_gas.lo TSRM/TSRM.lo main/main.lo main/snprintf.lo main/spprintf.lo main/fopen_wrappers.lo main/alloca.lo main/php_scandir.lo main/php_ini.lo main/SAPI.lo main/rfc1867.lo main/php_content_types.lo main/strlcpy.lo main/strlcat.lo main/explicit_bzero.lo main/reentrancy.lo main/php_variables.lo main/php_ticks.lo main/network.lo main/php_open_temporary_file.lo main/output.lo main/getopt.lo main/php_syslog.lo main/streams/streams.lo main/streams/cast.lo main/streams/memory.lo main/streams/filter.lo main/streams/plain_wrapper.lo main/streams/userspace.lo main/streams/transports.lo main/streams/xp_socket.lo main/streams/mmap.lo main/streams/glob_wrapper.lo Zend/zend_language_parser.lo Zend/zend_language_scanner.lo Zend/zend_ini_parser.lo Zend/zend_ini_scanner.lo Zend/zend_alloc.lo Zend/zend_compile.lo Zend/zend_constants.lo Zend/zend_dtrace.lo Zend/zend_execute_API.lo Zend/zend_highlight.lo Zend/zend_llist.lo Zend/zend_vm_opcodes.lo Zend/zend_opcode.lo Zend/zend_operators.lo Zend/zend_ptr_stack.lo Zend/zend_stack.lo Zend/zend_variables.lo Zend/zend.lo Zend/zend_API.lo Zend/zend_extensions.lo Zend/zend_hash.lo Zend/zend_list.lo Zend/zend_builtin_functions.lo Zend/zend_attributes.lo Zend/zend_execute.lo Zend/zend_ini.lo Zend/zend_sort.lo Zend/zend_multibyte.lo Zend/zend_ts_hash.lo Zend/zend_stream.lo Zend/zend_iterators.lo Zend/zend_interfaces.lo Zend/zend_exceptions.lo Zend/zend_strtod.lo Zend/zend_gc.lo Zend/zend_closures.lo Zend/zend_weakrefs.lo Zend/zend_float.lo Zend/zend_string.lo Zend/zend_signal.lo Zend/zend_generators.lo Zend/zend_virtual_cwd.lo Zend/zend_ast.lo Zend/zend_objects.lo Zend/zend_object_handlers.lo Zend/zend_objects_API.lo Zend/zend_default_classes.lo Zend/zend_inheritance.lo Zend/zend_smart_str.lo Zend/zend_cpuinfo.lo Zend/zend_gdb.lo Zend/zend_observer.lo Zend/zend_system_id.lo Zend/zend_enum.lo Zend/zend_fibers.lo Zend/Optimizer/zend_optimizer.lo Zend/Optimizer/pass1.lo Zend/Optimizer/pass3.lo Zend/Optimizer/optimize_func_calls.lo Zend/Optimizer/block_pass.lo Zend/Optimizer/optimize_temp_vars_5.lo Zend/Optimizer/nop_removal.lo Zend/Optimizer/compact_literals.lo Zend/Optimizer/zend_cfg.lo Zend/Optimizer/zend_dfg.lo Zend/Optimizer/dfa_pass.lo Zend/Optimizer/zend_ssa.lo Zend/Optimizer/zend_inference.lo Zend/Optimizer/zend_func_info.lo Zend/Optimizer/zend_call_graph.lo Zend/Optimizer/sccp.lo Zend/Optimizer/scdf.lo Zend/Optimizer/dce.lo Zend/Optimizer/escape_analysis.lo Zend/Optimizer/compact_vars.lo Zend/Optimizer/zend_dump.lo main/internal_functions_cli.lo -lstdc++ -lutil -lrt -lm -ldl -l:magma.o -lrt -lstdc++ /magma/fuzzers/aflplusplus_lto_entropy/repo/utils/aflpp_driver/libAFLDriver.a -licuio -licui18n -licuuc -licudata -l:libonig.a  -Wall -rpath /ORIGIN/lib sapi/fuzzer/fuzzer-unserializehash.lo sapi/fuzzer/fuzzer-sapi.lo -o sapi/fuzzer/php-fuzz-unserializehash
#23 49.08 /bin/bash /magma/targets/php/repo/libtool --silent --preserve-dup-deps --tag CC --mode=link /magma/fuzzers/aflplusplus_lto_entropy/repo/afl-clang-lto++ -stdlib=libstdc++ -export-dynamic -fno-common -Wformat-truncation -Wall -Wextra -Wno-strict-aliasing -Wno-unused-parameter -Wno-sign-compare -g -O2 -fvisibility=hidden -DZEND_SIGNALS  -include /magma/magma/src/canary.h -DMAGMA_ENABLE_CANARIES    -g -O0 -fno-sanitize=object-size -L/magma/targets/php/repo/oniguruma/src/.libs -L/magma_out -g -L/magma_out/afl -R /magma/targets/php/repo/oniguruma/src/.libs ext/date/php_date.lo ext/date/lib/astro.lo ext/date/lib/dow.lo ext/date/lib/parse_date.lo ext/date/lib/parse_tz.lo ext/date/lib/parse_posix.lo ext/date/lib/timelib.lo ext/date/lib/tm2unixtime.lo ext/date/lib/unixtime2tm.lo ext/date/lib/parse_iso_intervals.lo ext/date/lib/interval.lo ext/pcre/pcre2lib/pcre2_auto_possess.lo ext/pcre/pcre2lib/pcre2_chartables.lo ext/pcre/pcre2lib/pcre2_compile.lo ext/pcre/pcre2lib/pcre2_config.lo ext/pcre/pcre2lib/pcre2_context.lo ext/pcre/pcre2lib/pcre2_dfa_match.lo ext/pcre/pcre2lib/pcre2_error.lo ext/pcre/pcre2lib/pcre2_jit_compile.lo ext/pcre/pcre2lib/pcre2_maketables.lo ext/pcre/pcre2lib/pcre2_match.lo ext/pcre/pcre2lib/pcre2_match_data.lo ext/pcre/pcre2lib/pcre2_newline.lo ext/pcre/pcre2lib/pcre2_ord2utf.lo ext/pcre/pcre2lib/pcre2_pattern_info.lo ext/pcre/pcre2lib/pcre2_serialize.lo ext/pcre/pcre2lib/pcre2_string_utils.lo ext/pcre/pcre2lib/pcre2_study.lo ext/pcre/pcre2lib/pcre2_substitute.lo ext/pcre/pcre2lib/pcre2_substring.lo ext/pcre/pcre2lib/pcre2_tables.lo ext/pcre/pcre2lib/pcre2_ucd.lo ext/pcre/pcre2lib/pcre2_valid_utf.lo ext/pcre/pcre2lib/pcre2_xclass.lo ext/pcre/pcre2lib/pcre2_find_bracket.lo ext/pcre/pcre2lib/pcre2_convert.lo ext/pcre/pcre2lib/pcre2_extuni.lo ext/pcre/pcre2lib/pcre2_script_run.lo ext/pcre/php_pcre.lo ext/exif/exif.lo ext/hash/hash.lo ext/hash/hash_md.lo ext/hash/hash_sha.lo ext/hash/hash_ripemd.lo ext/hash/hash_haval.lo ext/hash/hash_tiger.lo ext/hash/hash_gost.lo ext/hash/hash_snefru.lo ext/hash/hash_whirlpool.lo ext/hash/hash_adler32.lo ext/hash/hash_crc32.lo ext/hash/hash_fnv.lo ext/hash/hash_joaat.lo ext/hash/sha3/generic64lc/KeccakP-1600-opt64.lo ext/hash/sha3/generic64lc/KeccakHash.lo ext/hash/sha3/generic64lc/KeccakSponge.lo ext/hash/hash_sha3.lo ext/hash/murmur/PMurHash.lo ext/hash/murmur/PMurHash128.lo ext/hash/hash_murmur.lo ext/hash/hash_xxhash.lo ext/intl/php_intl.lo ext/intl/intl_error.lo ext/intl/intl_convert.lo ext/intl/collator/collator.lo ext/intl/collator/collator_class.lo ext/intl/collator/collator_sort.lo ext/intl/collator/collator_convert.lo ext/intl/collator/collator_locale.lo ext/intl/collator/collator_compare.lo ext/intl/collator/collator_attr.lo ext/intl/collator/collator_create.lo ext/intl/collator/collator_is_numeric.lo ext/intl/collator/collator_error.lo ext/intl/common/common_error.lo ext/intl/converter/converter.lo ext/intl/formatter/formatter.lo ext/intl/formatter/formatter_main.lo ext/intl/formatter/formatter_class.lo ext/intl/formatter/formatter_attr.lo ext/intl/formatter/formatter_data.lo ext/intl/formatter/formatter_format.lo ext/intl/formatter/formatter_parse.lo ext/intl/normalizer/normalizer.lo ext/intl/normalizer/normalizer_class.lo ext/intl/normalizer/normalizer_normalize.lo ext/intl/locale/locale.lo ext/intl/locale/locale_class.lo ext/intl/locale/locale_methods.lo ext/intl/dateformat/dateformat.lo ext/intl/dateformat/dateformat_class.lo ext/intl/dateformat/dateformat_attr.lo ext/intl/dateformat/dateformat_data.lo ext/intl/dateformat/dateformat_format.lo ext/intl/dateformat/dateformat_parse.lo ext/intl/msgformat/msgformat.lo ext/intl/msgformat/msgformat_attr.lo ext/intl/msgformat/msgformat_class.lo ext/intl/msgformat/msgformat_data.lo ext/intl/msgformat/msgformat_format.lo ext/intl/msgformat/msgformat_parse.lo ext/intl/grapheme/grapheme_string.lo ext/intl/grapheme/grapheme_util.lo ext/intl/resourcebundle/resourcebundle.lo ext/intl/resourcebundle/resourcebundle_class.lo ext/intl/resourcebundle/resourcebundle_iterator.lo ext/intl/transliterator/transliterator.lo ext/intl/transliterator/transliterator_class.lo ext/intl/transliterator/transliterator_methods.lo ext/intl/uchar/uchar.lo ext/intl/idn/idn.lo ext/intl/spoofchecker/spoofchecker_class.lo ext/intl/spoofchecker/spoofchecker.lo ext/intl/spoofchecker/spoofchecker_create.lo ext/intl/spoofchecker/spoofchecker_main.lo ext/intl/intl_convertcpp.lo ext/intl/common/common_enum.lo ext/intl/common/common_date.lo ext/intl/dateformat/dateformat_format_object.lo ext/intl/dateformat/dateformat_create.lo ext/intl/dateformat/dateformat_attrcpp.lo ext/intl/dateformat/dateformat_helpers.lo ext/intl/dateformat/datepatterngenerator_class.lo ext/intl/dateformat/datepatterngenerator_methods.lo ext/intl/msgformat/msgformat_helpers.lo ext/intl/timezone/timezone_class.lo ext/intl/timezone/timezone_methods.lo ext/intl/calendar/calendar_class.lo ext/intl/calendar/calendar_methods.lo ext/intl/calendar/gregoriancalendar_methods.lo ext/intl/breakiterator/breakiterator_class.lo ext/intl/breakiterator/breakiterator_iterators.lo ext/intl/breakiterator/breakiterator_methods.lo ext/intl/breakiterator/rulebasedbreakiterator_methods.lo ext/intl/breakiterator/codepointiterator_internal.lo ext/intl/breakiterator/codepointiterator_methods.lo ext/json/json.lo ext/json/json_encoder.lo ext/json/json_parser.lo ext/json/json_scanner.lo ext/mbstring/mbstring.lo ext/mbstring/php_unicode.lo ext/mbstring/mb_gpc.lo ext/mbstring/php_mbregex.lo ext/mbstring/libmbfl/filters/html_entities.lo ext/mbstring/libmbfl/filters/mbfilter_7bit.lo ext/mbstring/libmbfl/filters/mbfilter_base64.lo ext/mbstring/libmbfl/filters/mbfilter_big5.lo ext/mbstring/libmbfl/filters/mbfilter_cp5022x.lo ext/mbstring/libmbfl/filters/mbfilter_cp51932.lo ext/mbstring/libmbfl/filters/mbfilter_cp932.lo ext/mbstring/libmbfl/filters/mbfilter_cp936.lo ext/mbstring/libmbfl/filters/mbfilter_gb18030.lo ext/mbstring/libmbfl/filters/mbfilter_euc_cn.lo ext/mbstring/libmbfl/filters/mbfilter_euc_jp.lo ext/mbstring/libmbfl/filters/mbfilter_euc_jp_2004.lo ext/mbstring/libmbfl/filters/mbfilter_euc_jp_win.lo ext/mbstring/libmbfl/filters/mbfilter_euc_kr.lo ext/mbstring/libmbfl/filters/mbfilter_euc_tw.lo ext/mbstring/libmbfl/filters/mbfilter_htmlent.lo ext/mbstring/libmbfl/filters/mbfilter_hz.lo ext/mbstring/libmbfl/filters/mbfilter_iso2022_jp_ms.lo ext/mbstring/libmbfl/filters/mbfilter_iso2022jp_2004.lo ext/mbstring/libmbfl/filters/mbfilter_iso2022jp_mobile.lo ext/mbstring/libmbfl/filters/mbfilter_iso2022_kr.lo ext/mbstring/libmbfl/filters/mbfilter_jis.lo ext/mbstring/libmbfl/filters/mbfilter_qprint.lo ext/mbstring/libmbfl/filters/mbfilter_singlebyte.lo ext/mbstring/libmbfl/filters/mbfilter_sjis.lo ext/mbstring/libmbfl/filters/mbfilter_sjis_mobile.lo ext/mbstring/libmbfl/filters/mbfilter_sjis_mac.lo ext/mbstring/libmbfl/filters/mbfilter_sjis_2004.lo ext/mbstring/libmbfl/filters/mbfilter_tl_jisx0201_jisx0208.lo ext/mbstring/libmbfl/filters/mbfilter_ucs2.lo ext/mbstring/libmbfl/filters/mbfilter_ucs4.lo ext/mbstring/libmbfl/filters/mbfilter_uhc.lo ext/mbstring/libmbfl/filters/mbfilter_utf16.lo ext/mbstring/libmbfl/filters/mbfilter_utf32.lo ext/mbstring/libmbfl/filters/mbfilter_utf7.lo ext/mbstring/libmbfl/filters/mbfilter_utf7imap.lo ext/mbstring/libmbfl/filters/mbfilter_utf8.lo ext/mbstring/libmbfl/filters/mbfilter_utf8_mobile.lo ext/mbstring/libmbfl/filters/mbfilter_uuencode.lo ext/mbstring/libmbfl/mbfl/mbfilter.lo ext/mbstring/libmbfl/mbfl/mbfilter_8bit.lo ext/mbstring/libmbfl/mbfl/mbfilter_pass.lo ext/mbstring/libmbfl/mbfl/mbfilter_wchar.lo ext/mbstring/libmbfl/mbfl/mbfl_convert.lo ext/mbstring/libmbfl/mbfl/mbfl_encoding.lo ext/mbstring/libmbfl/mbfl/mbfl_filter_output.lo ext/mbstring/libmbfl/mbfl/mbfl_language.lo ext/mbstring/libmbfl/mbfl/mbfl_memory_device.lo ext/mbstring/libmbfl/mbfl/mbfl_string.lo ext/mbstring/libmbfl/nls/nls_de.lo ext/mbstring/libmbfl/nls/nls_en.lo ext/mbstring/libmbfl/nls/nls_ja.lo ext/mbstring/libmbfl/nls/nls_kr.lo ext/mbstring/libmbfl/nls/nls_neutral.lo ext/mbstring/libmbfl/nls/nls_ru.lo ext/mbstring/libmbfl/nls/nls_uni.lo ext/mbstring/libmbfl/nls/nls_zh.lo ext/mbstring/libmbfl/nls/nls_hy.lo ext/mbstring/libmbfl/nls/nls_tr.lo ext/mbstring/libmbfl/nls/nls_ua.lo ext/phar/util.lo ext/phar/tar.lo ext/phar/zip.lo ext/phar/stream.lo ext/phar/func_interceptors.lo ext/phar/dirstream.lo ext/phar/phar.lo ext/phar/phar_object.lo ext/phar/phar_path_check.lo ext/reflection/php_reflection.lo ext/spl/php_spl.lo ext/spl/spl_functions.lo ext/spl/spl_iterators.lo ext/spl/spl_array.lo ext/spl/spl_directory.lo ext/spl/spl_exceptions.lo ext/spl/spl_observer.lo ext/spl/spl_dllist.lo ext/spl/spl_heap.lo ext/spl/spl_fixedarray.lo ext/standard/crypt_freesec.lo ext/standard/crypt_blowfish.lo ext/standard/crypt_sha512.lo ext/standard/crypt_sha256.lo ext/standard/php_crypt_r.lo ext/standard/array.lo ext/standard/base64.lo ext/standard/basic_functions.lo ext/standard/browscap.lo ext/standard/crc32.lo ext/standard/crypt.lo ext/standard/datetime.lo ext/standard/dir.lo ext/standard/dl.lo ext/standard/dns.lo ext/standard/exec.lo ext/standard/file.lo ext/standard/filestat.lo ext/standard/flock_compat.lo ext/standard/formatted_print.lo ext/standard/fsock.lo ext/standard/head.lo ext/standard/html.lo ext/standard/image.lo ext/standard/info.lo ext/standard/iptc.lo ext/standard/lcg.lo ext/standard/link.lo ext/standard/mail.lo ext/standard/math.lo ext/standard/md5.lo ext/standard/metaphone.lo ext/standard/microtime.lo ext/standard/pack.lo ext/standard/pageinfo.lo ext/standard/quot_print.lo ext/standard/rand.lo ext/standard/mt_rand.lo ext/standard/soundex.lo ext/standard/string.lo ext/standard/scanf.lo ext/standard/syslog.lo ext/standard/type.lo ext/standard/uniqid.lo ext/standard/url.lo ext/standard/var.lo ext/standard/versioning.lo ext/standard/assert.lo ext/standard/strnatcmp.lo ext/standard/levenshtein.lo ext/standard/incomplete_class.lo ext/standard/url_scanner_ex.lo ext/standard/ftp_fopen_wrapper.lo ext/standard/http_fopen_wrapper.lo ext/standard/php_fopen_wrapper.lo ext/standard/credits.lo ext/standard/css.lo ext/standard/var_unserializer.lo ext/standard/ftok.lo ext/standard/sha1.lo ext/standard/user_filters.lo ext/standard/uuencode.lo ext/standard/filters.lo ext/standard/proc_open.lo ext/standard/streamsfuncs.lo ext/standard/http.lo ext/standard/password.lo ext/standard/random.lo ext/standard/net.lo ext/standard/hrtime.lo ext/standard/crc32_x86.lo Zend/asm/make_x86_64_sysv_elf_gas.lo Zend/asm/jump_x86_64_sysv_elf_gas.lo TSRM/TSRM.lo main/main.lo main/snprintf.lo main/spprintf.lo main/fopen_wrappers.lo main/alloca.lo main/php_scandir.lo main/php_ini.lo main/SAPI.lo main/rfc1867.lo main/php_content_types.lo main/strlcpy.lo main/strlcat.lo main/explicit_bzero.lo main/reentrancy.lo main/php_variables.lo main/php_ticks.lo main/network.lo main/php_open_temporary_file.lo main/output.lo main/getopt.lo main/php_syslog.lo main/streams/streams.lo main/streams/cast.lo main/streams/memory.lo main/streams/filter.lo main/streams/plain_wrapper.lo main/streams/userspace.lo main/streams/transports.lo main/streams/xp_socket.lo main/streams/mmap.lo main/streams/glob_wrapper.lo Zend/zend_language_parser.lo Zend/zend_language_scanner.lo Zend/zend_ini_parser.lo Zend/zend_ini_scanner.lo Zend/zend_alloc.lo Zend/zend_compile.lo Zend/zend_constants.lo Zend/zend_dtrace.lo Zend/zend_execute_API.lo Zend/zend_highlight.lo Zend/zend_llist.lo Zend/zend_vm_opcodes.lo Zend/zend_opcode.lo Zend/zend_operators.lo Zend/zend_ptr_stack.lo Zend/zend_stack.lo Zend/zend_variables.lo Zend/zend.lo Zend/zend_API.lo Zend/zend_extensions.lo Zend/zend_hash.lo Zend/zend_list.lo Zend/zend_builtin_functions.lo Zend/zend_attributes.lo Zend/zend_execute.lo Zend/zend_ini.lo Zend/zend_sort.lo Zend/zend_multibyte.lo Zend/zend_ts_hash.lo Zend/zend_stream.lo Zend/zend_iterators.lo Zend/zend_interfaces.lo Zend/zend_exceptions.lo Zend/zend_strtod.lo Zend/zend_gc.lo Zend/zend_closures.lo Zend/zend_weakrefs.lo Zend/zend_float.lo Zend/zend_string.lo Zend/zend_signal.lo Zend/zend_generators.lo Zend/zend_virtual_cwd.lo Zend/zend_ast.lo Zend/zend_objects.lo Zend/zend_object_handlers.lo Zend/zend_objects_API.lo Zend/zend_default_classes.lo Zend/zend_inheritance.lo Zend/zend_smart_str.lo Zend/zend_cpuinfo.lo Zend/zend_gdb.lo Zend/zend_observer.lo Zend/zend_system_id.lo Zend/zend_enum.lo Zend/zend_fibers.lo Zend/Optimizer/zend_optimizer.lo Zend/Optimizer/pass1.lo Zend/Optimizer/pass3.lo Zend/Optimizer/optimize_func_calls.lo Zend/Optimizer/block_pass.lo Zend/Optimizer/optimize_temp_vars_5.lo Zend/Optimizer/nop_removal.lo Zend/Optimizer/compact_literals.lo Zend/Optimizer/zend_cfg.lo Zend/Optimizer/zend_dfg.lo Zend/Optimizer/dfa_pass.lo Zend/Optimizer/zend_ssa.lo Zend/Optimizer/zend_inference.lo Zend/Optimizer/zend_func_info.lo Zend/Optimizer/zend_call_graph.lo Zend/Optimizer/sccp.lo Zend/Optimizer/scdf.lo Zend/Optimizer/dce.lo Zend/Optimizer/escape_analysis.lo Zend/Optimizer/compact_vars.lo Zend/Optimizer/zend_dump.lo main/internal_functions_cli.lo -lstdc++ -lutil -lrt -lm -ldl -l:magma.o -lrt -lstdc++ /magma/fuzzers/aflplusplus_lto_entropy/repo/utils/aflpp_driver/libAFLDriver.a -licuio -licui18n -licuuc -licudata -l:libonig.a  -Wall -rpath /ORIGIN/lib sapi/fuzzer/fuzzer-json.lo sapi/fuzzer/fuzzer-sapi.lo -o sapi/fuzzer/php-fuzz-json
#23 49.08 /bin/bash /magma/targets/php/repo/libtool --silent --preserve-dup-deps --tag CC --mode=link /magma/fuzzers/aflplusplus_lto_entropy/repo/afl-clang-lto++ -stdlib=libstdc++ -export-dynamic -fno-common -Wformat-truncation -Wall -Wextra -Wno-strict-aliasing -Wno-unused-parameter -Wno-sign-compare -g -O2 -fvisibility=hidden -DZEND_SIGNALS  -include /magma/magma/src/canary.h -DMAGMA_ENABLE_CANARIES    -g -O0 -fno-sanitize=object-size -L/magma/targets/php/repo/oniguruma/src/.libs -L/magma_out -g -L/magma_out/afl -R /magma/targets/php/repo/oniguruma/src/.libs ext/date/php_date.lo ext/date/lib/astro.lo ext/date/lib/dow.lo ext/date/lib/parse_date.lo ext/date/lib/parse_tz.lo ext/date/lib/parse_posix.lo ext/date/lib/timelib.lo ext/date/lib/tm2unixtime.lo ext/date/lib/unixtime2tm.lo ext/date/lib/parse_iso_intervals.lo ext/date/lib/interval.lo ext/pcre/pcre2lib/pcre2_auto_possess.lo ext/pcre/pcre2lib/pcre2_chartables.lo ext/pcre/pcre2lib/pcre2_compile.lo ext/pcre/pcre2lib/pcre2_config.lo ext/pcre/pcre2lib/pcre2_context.lo ext/pcre/pcre2lib/pcre2_dfa_match.lo ext/pcre/pcre2lib/pcre2_error.lo ext/pcre/pcre2lib/pcre2_jit_compile.lo ext/pcre/pcre2lib/pcre2_maketables.lo ext/pcre/pcre2lib/pcre2_match.lo ext/pcre/pcre2lib/pcre2_match_data.lo ext/pcre/pcre2lib/pcre2_newline.lo ext/pcre/pcre2lib/pcre2_ord2utf.lo ext/pcre/pcre2lib/pcre2_pattern_info.lo ext/pcre/pcre2lib/pcre2_serialize.lo ext/pcre/pcre2lib/pcre2_string_utils.lo ext/pcre/pcre2lib/pcre2_study.lo ext/pcre/pcre2lib/pcre2_substitute.lo ext/pcre/pcre2lib/pcre2_substring.lo ext/pcre/pcre2lib/pcre2_tables.lo ext/pcre/pcre2lib/pcre2_ucd.lo ext/pcre/pcre2lib/pcre2_valid_utf.lo ext/pcre/pcre2lib/pcre2_xclass.lo ext/pcre/pcre2lib/pcre2_find_bracket.lo ext/pcre/pcre2lib/pcre2_convert.lo ext/pcre/pcre2lib/pcre2_extuni.lo ext/pcre/pcre2lib/pcre2_script_run.lo ext/pcre/php_pcre.lo ext/exif/exif.lo ext/hash/hash.lo ext/hash/hash_md.lo ext/hash/hash_sha.lo ext/hash/hash_ripemd.lo ext/hash/hash_haval.lo ext/hash/hash_tiger.lo ext/hash/hash_gost.lo ext/hash/hash_snefru.lo ext/hash/hash_whirlpool.lo ext/hash/hash_adler32.lo ext/hash/hash_crc32.lo ext/hash/hash_fnv.lo ext/hash/hash_joaat.lo ext/hash/sha3/generic64lc/KeccakP-1600-opt64.lo ext/hash/sha3/generic64lc/KeccakHash.lo ext/hash/sha3/generic64lc/KeccakSponge.lo ext/hash/hash_sha3.lo ext/hash/murmur/PMurHash.lo ext/hash/murmur/PMurHash128.lo ext/hash/hash_murmur.lo ext/hash/hash_xxhash.lo ext/intl/php_intl.lo ext/intl/intl_error.lo ext/intl/intl_convert.lo ext/intl/collator/collator.lo ext/intl/collator/collator_class.lo ext/intl/collator/collator_sort.lo ext/intl/collator/collator_convert.lo ext/intl/collator/collator_locale.lo ext/intl/collator/collator_compare.lo ext/intl/collator/collator_attr.lo ext/intl/collator/collator_create.lo ext/intl/collator/collator_is_numeric.lo ext/intl/collator/collator_error.lo ext/intl/common/common_error.lo ext/intl/converter/converter.lo ext/intl/formatter/formatter.lo ext/intl/formatter/formatter_main.lo ext/intl/formatter/formatter_class.lo ext/intl/formatter/formatter_attr.lo ext/intl/formatter/formatter_data.lo ext/intl/formatter/formatter_format.lo ext/intl/formatter/formatter_parse.lo ext/intl/normalizer/normalizer.lo ext/intl/normalizer/normalizer_class.lo ext/intl/normalizer/normalizer_normalize.lo ext/intl/locale/locale.lo ext/intl/locale/locale_class.lo ext/intl/locale/locale_methods.lo ext/intl/dateformat/dateformat.lo ext/intl/dateformat/dateformat_class.lo ext/intl/dateformat/dateformat_attr.lo ext/intl/dateformat/dateformat_data.lo ext/intl/dateformat/dateformat_format.lo ext/intl/dateformat/dateformat_parse.lo ext/intl/msgformat/msgformat.lo ext/intl/msgformat/msgformat_attr.lo ext/intl/msgformat/msgformat_class.lo ext/intl/msgformat/msgformat_data.lo ext/intl/msgformat/msgformat_format.lo ext/intl/msgformat/msgformat_parse.lo ext/intl/grapheme/grapheme_string.lo ext/intl/grapheme/grapheme_util.lo ext/intl/resourcebundle/resourcebundle.lo ext/intl/resourcebundle/resourcebundle_class.lo ext/intl/resourcebundle/resourcebundle_iterator.lo ext/intl/transliterator/transliterator.lo ext/intl/transliterator/transliterator_class.lo ext/intl/transliterator/transliterator_methods.lo ext/intl/uchar/uchar.lo ext/intl/idn/idn.lo ext/intl/spoofchecker/spoofchecker_class.lo ext/intl/spoofchecker/spoofchecker.lo ext/intl/spoofchecker/spoofchecker_create.lo ext/intl/spoofchecker/spoofchecker_main.lo ext/intl/intl_convertcpp.lo ext/intl/common/common_enum.lo ext/intl/common/common_date.lo ext/intl/dateformat/dateformat_format_object.lo ext/intl/dateformat/dateformat_create.lo ext/intl/dateformat/dateformat_attrcpp.lo ext/intl/dateformat/dateformat_helpers.lo ext/intl/dateformat/datepatterngenerator_class.lo ext/intl/dateformat/datepatterngenerator_methods.lo ext/intl/msgformat/msgformat_helpers.lo ext/intl/timezone/timezone_class.lo ext/intl/timezone/timezone_methods.lo ext/intl/calendar/calendar_class.lo ext/intl/calendar/calendar_methods.lo ext/intl/calendar/gregoriancalendar_methods.lo ext/intl/breakiterator/breakiterator_class.lo ext/intl/breakiterator/breakiterator_iterators.lo ext/intl/breakiterator/breakiterator_methods.lo ext/intl/breakiterator/rulebasedbreakiterator_methods.lo ext/intl/breakiterator/codepointiterator_internal.lo ext/intl/breakiterator/codepointiterator_methods.lo ext/json/json.lo ext/json/json_encoder.lo ext/json/json_parser.lo ext/json/json_scanner.lo ext/mbstring/mbstring.lo ext/mbstring/php_unicode.lo ext/mbstring/mb_gpc.lo ext/mbstring/php_mbregex.lo ext/mbstring/libmbfl/filters/html_entities.lo ext/mbstring/libmbfl/filters/mbfilter_7bit.lo ext/mbstring/libmbfl/filters/mbfilter_base64.lo ext/mbstring/libmbfl/filters/mbfilter_big5.lo ext/mbstring/libmbfl/filters/mbfilter_cp5022x.lo ext/mbstring/libmbfl/filters/mbfilter_cp51932.lo ext/mbstring/libmbfl/filters/mbfilter_cp932.lo ext/mbstring/libmbfl/filters/mbfilter_cp936.lo ext/mbstring/libmbfl/filters/mbfilter_gb18030.lo ext/mbstring/libmbfl/filters/mbfilter_euc_cn.lo ext/mbstring/libmbfl/filters/mbfilter_euc_jp.lo ext/mbstring/libmbfl/filters/mbfilter_euc_jp_2004.lo ext/mbstring/libmbfl/filters/mbfilter_euc_jp_win.lo ext/mbstring/libmbfl/filters/mbfilter_euc_kr.lo ext/mbstring/libmbfl/filters/mbfilter_euc_tw.lo ext/mbstring/libmbfl/filters/mbfilter_htmlent.lo ext/mbstring/libmbfl/filters/mbfilter_hz.lo ext/mbstring/libmbfl/filters/mbfilter_iso2022_jp_ms.lo ext/mbstring/libmbfl/filters/mbfilter_iso2022jp_2004.lo ext/mbstring/libmbfl/filters/mbfilter_iso2022jp_mobile.lo ext/mbstring/libmbfl/filters/mbfilter_iso2022_kr.lo ext/mbstring/libmbfl/filters/mbfilter_jis.lo ext/mbstring/libmbfl/filters/mbfilter_qprint.lo ext/mbstring/libmbfl/filters/mbfilter_singlebyte.lo ext/mbstring/libmbfl/filters/mbfilter_sjis.lo ext/mbstring/libmbfl/filters/mbfilter_sjis_mobile.lo ext/mbstring/libmbfl/filters/mbfilter_sjis_mac.lo ext/mbstring/libmbfl/filters/mbfilter_sjis_2004.lo ext/mbstring/libmbfl/filters/mbfilter_tl_jisx0201_jisx0208.lo ext/mbstring/libmbfl/filters/mbfilter_ucs2.lo ext/mbstring/libmbfl/filters/mbfilter_ucs4.lo ext/mbstring/libmbfl/filters/mbfilter_uhc.lo ext/mbstring/libmbfl/filters/mbfilter_utf16.lo ext/mbstring/libmbfl/filters/mbfilter_utf32.lo ext/mbstring/libmbfl/filters/mbfilter_utf7.lo ext/mbstring/libmbfl/filters/mbfilter_utf7imap.lo ext/mbstring/libmbfl/filters/mbfilter_utf8.lo ext/mbstring/libmbfl/filters/mbfilter_utf8_mobile.lo ext/mbstring/libmbfl/filters/mbfilter_uuencode.lo ext/mbstring/libmbfl/mbfl/mbfilter.lo ext/mbstring/libmbfl/mbfl/mbfilter_8bit.lo ext/mbstring/libmbfl/mbfl/mbfilter_pass.lo ext/mbstring/libmbfl/mbfl/mbfilter_wchar.lo ext/mbstring/libmbfl/mbfl/mbfl_convert.lo ext/mbstring/libmbfl/mbfl/mbfl_encoding.lo ext/mbstring/libmbfl/mbfl/mbfl_filter_output.lo ext/mbstring/libmbfl/mbfl/mbfl_language.lo ext/mbstring/libmbfl/mbfl/mbfl_memory_device.lo ext/mbstring/libmbfl/mbfl/mbfl_string.lo ext/mbstring/libmbfl/nls/nls_de.lo ext/mbstring/libmbfl/nls/nls_en.lo ext/mbstring/libmbfl/nls/nls_ja.lo ext/mbstring/libmbfl/nls/nls_kr.lo ext/mbstring/libmbfl/nls/nls_neutral.lo ext/mbstring/libmbfl/nls/nls_ru.lo ext/mbstring/libmbfl/nls/nls_uni.lo ext/mbstring/libmbfl/nls/nls_zh.lo ext/mbstring/libmbfl/nls/nls_hy.lo ext/mbstring/libmbfl/nls/nls_tr.lo ext/mbstring/libmbfl/nls/nls_ua.lo ext/phar/util.lo ext/phar/tar.lo ext/phar/zip.lo ext/phar/stream.lo ext/phar/func_interceptors.lo ext/phar/dirstream.lo ext/phar/phar.lo ext/phar/phar_object.lo ext/phar/phar_path_check.lo ext/reflection/php_reflection.lo ext/spl/php_spl.lo ext/spl/spl_functions.lo ext/spl/spl_iterators.lo ext/spl/spl_array.lo ext/spl/spl_directory.lo ext/spl/spl_exceptions.lo ext/spl/spl_observer.lo ext/spl/spl_dllist.lo ext/spl/spl_heap.lo ext/spl/spl_fixedarray.lo ext/standard/crypt_freesec.lo ext/standard/crypt_blowfish.lo ext/standard/crypt_sha512.lo ext/standard/crypt_sha256.lo ext/standard/php_crypt_r.lo ext/standard/array.lo ext/standard/base64.lo ext/standard/basic_functions.lo ext/standard/browscap.lo ext/standard/crc32.lo ext/standard/crypt.lo ext/standard/datetime.lo ext/standard/dir.lo ext/standard/dl.lo ext/standard/dns.lo ext/standard/exec.lo ext/standard/file.lo ext/standard/filestat.lo ext/standard/flock_compat.lo ext/standard/formatted_print.lo ext/standard/fsock.lo ext/standard/head.lo ext/standard/html.lo ext/standard/image.lo ext/standard/info.lo ext/standard/iptc.lo ext/standard/lcg.lo ext/standard/link.lo ext/standard/mail.lo ext/standard/math.lo ext/standard/md5.lo ext/standard/metaphone.lo ext/standard/microtime.lo ext/standard/pack.lo ext/standard/pageinfo.lo ext/standard/quot_print.lo ext/standard/rand.lo ext/standard/mt_rand.lo ext/standard/soundex.lo ext/standard/string.lo ext/standard/scanf.lo ext/standard/syslog.lo ext/standard/type.lo ext/standard/uniqid.lo ext/standard/url.lo ext/standard/var.lo ext/standard/versioning.lo ext/standard/assert.lo ext/standard/strnatcmp.lo ext/standard/levenshtein.lo ext/standard/incomplete_class.lo ext/standard/url_scanner_ex.lo ext/standard/ftp_fopen_wrapper.lo ext/standard/http_fopen_wrapper.lo ext/standard/php_fopen_wrapper.lo ext/standard/credits.lo ext/standard/css.lo ext/standard/var_unserializer.lo ext/standard/ftok.lo ext/standard/sha1.lo ext/standard/user_filters.lo ext/standard/uuencode.lo ext/standard/filters.lo ext/standard/proc_open.lo ext/standard/streamsfuncs.lo ext/standard/http.lo ext/standard/password.lo ext/standard/random.lo ext/standard/net.lo ext/standard/hrtime.lo ext/standard/crc32_x86.lo Zend/asm/make_x86_64_sysv_elf_gas.lo Zend/asm/jump_x86_64_sysv_elf_gas.lo TSRM/TSRM.lo main/main.lo main/snprintf.lo main/spprintf.lo main/fopen_wrappers.lo main/alloca.lo main/php_scandir.lo main/php_ini.lo main/SAPI.lo main/rfc1867.lo main/php_content_types.lo main/strlcpy.lo main/strlcat.lo main/explicit_bzero.lo main/reentrancy.lo main/php_variables.lo main/php_ticks.lo main/network.lo main/php_open_temporary_file.lo main/output.lo main/getopt.lo main/php_syslog.lo main/streams/streams.lo main/streams/cast.lo main/streams/memory.lo main/streams/filter.lo main/streams/plain_wrapper.lo main/streams/userspace.lo main/streams/transports.lo main/streams/xp_socket.lo main/streams/mmap.lo main/streams/glob_wrapper.lo Zend/zend_language_parser.lo Zend/zend_language_scanner.lo Zend/zend_ini_parser.lo Zend/zend_ini_scanner.lo Zend/zend_alloc.lo Zend/zend_compile.lo Zend/zend_constants.lo Zend/zend_dtrace.lo Zend/zend_execute_API.lo Zend/zend_highlight.lo Zend/zend_llist.lo Zend/zend_vm_opcodes.lo Zend/zend_opcode.lo Zend/zend_operators.lo Zend/zend_ptr_stack.lo Zend/zend_stack.lo Zend/zend_variables.lo Zend/zend.lo Zend/zend_API.lo Zend/zend_extensions.lo Zend/zend_hash.lo Zend/zend_list.lo Zend/zend_builtin_functions.lo Zend/zend_attributes.lo Zend/zend_execute.lo Zend/zend_ini.lo Zend/zend_sort.lo Zend/zend_multibyte.lo Zend/zend_ts_hash.lo Zend/zend_stream.lo Zend/zend_iterators.lo Zend/zend_interfaces.lo Zend/zend_exceptions.lo Zend/zend_strtod.lo Zend/zend_gc.lo Zend/zend_closures.lo Zend/zend_weakrefs.lo Zend/zend_float.lo Zend/zend_string.lo Zend/zend_signal.lo Zend/zend_generators.lo Zend/zend_virtual_cwd.lo Zend/zend_ast.lo Zend/zend_objects.lo Zend/zend_object_handlers.lo Zend/zend_objects_API.lo Zend/zend_default_classes.lo Zend/zend_inheritance.lo Zend/zend_smart_str.lo Zend/zend_cpuinfo.lo Zend/zend_gdb.lo Zend/zend_observer.lo Zend/zend_system_id.lo Zend/zend_enum.lo Zend/zend_fibers.lo Zend/Optimizer/zend_optimizer.lo Zend/Optimizer/pass1.lo Zend/Optimizer/pass3.lo Zend/Optimizer/optimize_func_calls.lo Zend/Optimizer/block_pass.lo Zend/Optimizer/optimize_temp_vars_5.lo Zend/Optimizer/nop_removal.lo Zend/Optimizer/compact_literals.lo Zend/Optimizer/zend_cfg.lo Zend/Optimizer/zend_dfg.lo Zend/Optimizer/dfa_pass.lo Zend/Optimizer/zend_ssa.lo Zend/Optimizer/zend_inference.lo Zend/Optimizer/zend_func_info.lo Zend/Optimizer/zend_call_graph.lo Zend/Optimizer/sccp.lo Zend/Optimizer/scdf.lo Zend/Optimizer/dce.lo Zend/Optimizer/escape_analysis.lo Zend/Optimizer/compact_vars.lo Zend/Optimizer/zend_dump.lo main/internal_functions_cli.lo -lstdc++ -lutil -lrt -lm -ldl -l:magma.o -lrt -lstdc++ /magma/fuzzers/aflplusplus_lto_entropy/repo/utils/aflpp_driver/libAFLDriver.a -licuio -licui18n -licuuc -licudata -l:libonig.a  -Wall -rpath /ORIGIN/lib sapi/fuzzer/fuzzer-exif.lo sapi/fuzzer/fuzzer-sapi.lo -o sapi/fuzzer/php-fuzz-exif
#23 49.08 /bin/bash /magma/targets/php/repo/libtool --silent --preserve-dup-deps --tag CC --mode=link /magma/fuzzers/aflplusplus_lto_entropy/repo/afl-clang-lto++ -stdlib=libstdc++ -export-dynamic -fno-common -Wformat-truncation -Wall -Wextra -Wno-strict-aliasing -Wno-unused-parameter -Wno-sign-compare -g -O2 -fvisibility=hidden -DZEND_SIGNALS  -include /magma/magma/src/canary.h -DMAGMA_ENABLE_CANARIES    -g -O0 -fno-sanitize=object-size -L/magma/targets/php/repo/oniguruma/src/.libs -L/magma_out -g -L/magma_out/afl -R /magma/targets/php/repo/oniguruma/src/.libs ext/date/php_date.lo ext/date/lib/astro.lo ext/date/lib/dow.lo ext/date/lib/parse_date.lo ext/date/lib/parse_tz.lo ext/date/lib/parse_posix.lo ext/date/lib/timelib.lo ext/date/lib/tm2unixtime.lo ext/date/lib/unixtime2tm.lo ext/date/lib/parse_iso_intervals.lo ext/date/lib/interval.lo ext/pcre/pcre2lib/pcre2_auto_possess.lo ext/pcre/pcre2lib/pcre2_chartables.lo ext/pcre/pcre2lib/pcre2_compile.lo ext/pcre/pcre2lib/pcre2_config.lo ext/pcre/pcre2lib/pcre2_context.lo ext/pcre/pcre2lib/pcre2_dfa_match.lo ext/pcre/pcre2lib/pcre2_error.lo ext/pcre/pcre2lib/pcre2_jit_compile.lo ext/pcre/pcre2lib/pcre2_maketables.lo ext/pcre/pcre2lib/pcre2_match.lo ext/pcre/pcre2lib/pcre2_match_data.lo ext/pcre/pcre2lib/pcre2_newline.lo ext/pcre/pcre2lib/pcre2_ord2utf.lo ext/pcre/pcre2lib/pcre2_pattern_info.lo ext/pcre/pcre2lib/pcre2_serialize.lo ext/pcre/pcre2lib/pcre2_string_utils.lo ext/pcre/pcre2lib/pcre2_study.lo ext/pcre/pcre2lib/pcre2_substitute.lo ext/pcre/pcre2lib/pcre2_substring.lo ext/pcre/pcre2lib/pcre2_tables.lo ext/pcre/pcre2lib/pcre2_ucd.lo ext/pcre/pcre2lib/pcre2_valid_utf.lo ext/pcre/pcre2lib/pcre2_xclass.lo ext/pcre/pcre2lib/pcre2_find_bracket.lo ext/pcre/pcre2lib/pcre2_convert.lo ext/pcre/pcre2lib/pcre2_extuni.lo ext/pcre/pcre2lib/pcre2_script_run.lo ext/pcre/php_pcre.lo ext/exif/exif.lo ext/hash/hash.lo ext/hash/hash_md.lo ext/hash/hash_sha.lo ext/hash/hash_ripemd.lo ext/hash/hash_haval.lo ext/hash/hash_tiger.lo ext/hash/hash_gost.lo ext/hash/hash_snefru.lo ext/hash/hash_whirlpool.lo ext/hash/hash_adler32.lo ext/hash/hash_crc32.lo ext/hash/hash_fnv.lo ext/hash/hash_joaat.lo ext/hash/sha3/generic64lc/KeccakP-1600-opt64.lo ext/hash/sha3/generic64lc/KeccakHash.lo ext/hash/sha3/generic64lc/KeccakSponge.lo ext/hash/hash_sha3.lo ext/hash/murmur/PMurHash.lo ext/hash/murmur/PMurHash128.lo ext/hash/hash_murmur.lo ext/hash/hash_xxhash.lo ext/intl/php_intl.lo ext/intl/intl_error.lo ext/intl/intl_convert.lo ext/intl/collator/collator.lo ext/intl/collator/collator_class.lo ext/intl/collator/collator_sort.lo ext/intl/collator/collator_convert.lo ext/intl/collator/collator_locale.lo ext/intl/collator/collator_compare.lo ext/intl/collator/collator_attr.lo ext/intl/collator/collator_create.lo ext/intl/collator/collator_is_numeric.lo ext/intl/collator/collator_error.lo ext/intl/common/common_error.lo ext/intl/converter/converter.lo ext/intl/formatter/formatter.lo ext/intl/formatter/formatter_main.lo ext/intl/formatter/formatter_class.lo ext/intl/formatter/formatter_attr.lo ext/intl/formatter/formatter_data.lo ext/intl/formatter/formatter_format.lo ext/intl/formatter/formatter_parse.lo ext/intl/normalizer/normalizer.lo ext/intl/normalizer/normalizer_class.lo ext/intl/normalizer/normalizer_normalize.lo ext/intl/locale/locale.lo ext/intl/locale/locale_class.lo ext/intl/locale/locale_methods.lo ext/intl/dateformat/dateformat.lo ext/intl/dateformat/dateformat_class.lo ext/intl/dateformat/dateformat_attr.lo ext/intl/dateformat/dateformat_data.lo ext/intl/dateformat/dateformat_format.lo ext/intl/dateformat/dateformat_parse.lo ext/intl/msgformat/msgformat.lo ext/intl/msgformat/msgformat_attr.lo ext/intl/msgformat/msgformat_class.lo ext/intl/msgformat/msgformat_data.lo ext/intl/msgformat/msgformat_format.lo ext/intl/msgformat/msgformat_parse.lo ext/intl/grapheme/grapheme_string.lo ext/intl/grapheme/grapheme_util.lo ext/intl/resourcebundle/resourcebundle.lo ext/intl/resourcebundle/resourcebundle_class.lo ext/intl/resourcebundle/resourcebundle_iterator.lo ext/intl/transliterator/transliterator.lo ext/intl/transliterator/transliterator_class.lo ext/intl/transliterator/transliterator_methods.lo ext/intl/uchar/uchar.lo ext/intl/idn/idn.lo ext/intl/spoofchecker/spoofchecker_class.lo ext/intl/spoofchecker/spoofchecker.lo ext/intl/spoofchecker/spoofchecker_create.lo ext/intl/spoofchecker/spoofchecker_main.lo ext/intl/intl_convertcpp.lo ext/intl/common/common_enum.lo ext/intl/common/common_date.lo ext/intl/dateformat/dateformat_format_object.lo ext/intl/dateformat/dateformat_create.lo ext/intl/dateformat/dateformat_attrcpp.lo ext/intl/dateformat/dateformat_helpers.lo ext/intl/dateformat/datepatterngenerator_class.lo ext/intl/dateformat/datepatterngenerator_methods.lo ext/intl/msgformat/msgformat_helpers.lo ext/intl/timezone/timezone_class.lo ext/intl/timezone/timezone_methods.lo ext/intl/calendar/calendar_class.lo ext/intl/calendar/calendar_methods.lo ext/intl/calendar/gregoriancalendar_methods.lo ext/intl/breakiterator/breakiterator_class.lo ext/intl/breakiterator/breakiterator_iterators.lo ext/intl/breakiterator/breakiterator_methods.lo ext/intl/breakiterator/rulebasedbreakiterator_methods.lo ext/intl/breakiterator/codepointiterator_internal.lo ext/intl/breakiterator/codepointiterator_methods.lo ext/json/json.lo ext/json/json_encoder.lo ext/json/json_parser.lo ext/json/json_scanner.lo ext/mbstring/mbstring.lo ext/mbstring/php_unicode.lo ext/mbstring/mb_gpc.lo ext/mbstring/php_mbregex.lo ext/mbstring/libmbfl/filters/html_entities.lo ext/mbstring/libmbfl/filters/mbfilter_7bit.lo ext/mbstring/libmbfl/filters/mbfilter_base64.lo ext/mbstring/libmbfl/filters/mbfilter_big5.lo ext/mbstring/libmbfl/filters/mbfilter_cp5022x.lo ext/mbstring/libmbfl/filters/mbfilter_cp51932.lo ext/mbstring/libmbfl/filters/mbfilter_cp932.lo ext/mbstring/libmbfl/filters/mbfilter_cp936.lo ext/mbstring/libmbfl/filters/mbfilter_gb18030.lo ext/mbstring/libmbfl/filters/mbfilter_euc_cn.lo ext/mbstring/libmbfl/filters/mbfilter_euc_jp.lo ext/mbstring/libmbfl/filters/mbfilter_euc_jp_2004.lo ext/mbstring/libmbfl/filters/mbfilter_euc_jp_win.lo ext/mbstring/libmbfl/filters/mbfilter_euc_kr.lo ext/mbstring/libmbfl/filters/mbfilter_euc_tw.lo ext/mbstring/libmbfl/filters/mbfilter_htmlent.lo ext/mbstring/libmbfl/filters/mbfilter_hz.lo ext/mbstring/libmbfl/filters/mbfilter_iso2022_jp_ms.lo ext/mbstring/libmbfl/filters/mbfilter_iso2022jp_2004.lo ext/mbstring/libmbfl/filters/mbfilter_iso2022jp_mobile.lo ext/mbstring/libmbfl/filters/mbfilter_iso2022_kr.lo ext/mbstring/libmbfl/filters/mbfilter_jis.lo ext/mbstring/libmbfl/filters/mbfilter_qprint.lo ext/mbstring/libmbfl/filters/mbfilter_singlebyte.lo ext/mbstring/libmbfl/filters/mbfilter_sjis.lo ext/mbstring/libmbfl/filters/mbfilter_sjis_mobile.lo ext/mbstring/libmbfl/filters/mbfilter_sjis_mac.lo ext/mbstring/libmbfl/filters/mbfilter_sjis_2004.lo ext/mbstring/libmbfl/filters/mbfilter_tl_jisx0201_jisx0208.lo ext/mbstring/libmbfl/filters/mbfilter_ucs2.lo ext/mbstring/libmbfl/filters/mbfilter_ucs4.lo ext/mbstring/libmbfl/filters/mbfilter_uhc.lo ext/mbstring/libmbfl/filters/mbfilter_utf16.lo ext/mbstring/libmbfl/filters/mbfilter_utf32.lo ext/mbstring/libmbfl/filters/mbfilter_utf7.lo ext/mbstring/libmbfl/filters/mbfilter_utf7imap.lo ext/mbstring/libmbfl/filters/mbfilter_utf8.lo ext/mbstring/libmbfl/filters/mbfilter_utf8_mobile.lo ext/mbstring/libmbfl/filters/mbfilter_uuencode.lo ext/mbstring/libmbfl/mbfl/mbfilter.lo ext/mbstring/libmbfl/mbfl/mbfilter_8bit.lo ext/mbstring/libmbfl/mbfl/mbfilter_pass.lo ext/mbstring/libmbfl/mbfl/mbfilter_wchar.lo ext/mbstring/libmbfl/mbfl/mbfl_convert.lo ext/mbstring/libmbfl/mbfl/mbfl_encoding.lo ext/mbstring/libmbfl/mbfl/mbfl_filter_output.lo ext/mbstring/libmbfl/mbfl/mbfl_language.lo ext/mbstring/libmbfl/mbfl/mbfl_memory_device.lo ext/mbstring/libmbfl/mbfl/mbfl_string.lo ext/mbstring/libmbfl/nls/nls_de.lo ext/mbstring/libmbfl/nls/nls_en.lo ext/mbstring/libmbfl/nls/nls_ja.lo ext/mbstring/libmbfl/nls/nls_kr.lo ext/mbstring/libmbfl/nls/nls_neutral.lo ext/mbstring/libmbfl/nls/nls_ru.lo ext/mbstring/libmbfl/nls/nls_uni.lo ext/mbstring/libmbfl/nls/nls_zh.lo ext/mbstring/libmbfl/nls/nls_hy.lo ext/mbstring/libmbfl/nls/nls_tr.lo ext/mbstring/libmbfl/nls/nls_ua.lo ext/phar/util.lo ext/phar/tar.lo ext/phar/zip.lo ext/phar/stream.lo ext/phar/func_interceptors.lo ext/phar/dirstream.lo ext/phar/phar.lo ext/phar/phar_object.lo ext/phar/phar_path_check.lo ext/reflection/php_reflection.lo ext/spl/php_spl.lo ext/spl/spl_functions.lo ext/spl/spl_iterators.lo ext/spl/spl_array.lo ext/spl/spl_directory.lo ext/spl/spl_exceptions.lo ext/spl/spl_observer.lo ext/spl/spl_dllist.lo ext/spl/spl_heap.lo ext/spl/spl_fixedarray.lo ext/standard/crypt_freesec.lo ext/standard/crypt_blowfish.lo ext/standard/crypt_sha512.lo ext/standard/crypt_sha256.lo ext/standard/php_crypt_r.lo ext/standard/array.lo ext/standard/base64.lo ext/standard/basic_functions.lo ext/standard/browscap.lo ext/standard/crc32.lo ext/standard/crypt.lo ext/standard/datetime.lo ext/standard/dir.lo ext/standard/dl.lo ext/standard/dns.lo ext/standard/exec.lo ext/standard/file.lo ext/standard/filestat.lo ext/standard/flock_compat.lo ext/standard/formatted_print.lo ext/standard/fsock.lo ext/standard/head.lo ext/standard/html.lo ext/standard/image.lo ext/standard/info.lo ext/standard/iptc.lo ext/standard/lcg.lo ext/standard/link.lo ext/standard/mail.lo ext/standard/math.lo ext/standard/md5.lo ext/standard/metaphone.lo ext/standard/microtime.lo ext/standard/pack.lo ext/standard/pageinfo.lo ext/standard/quot_print.lo ext/standard/rand.lo ext/standard/mt_rand.lo ext/standard/soundex.lo ext/standard/string.lo ext/standard/scanf.lo ext/standard/syslog.lo ext/standard/type.lo ext/standard/uniqid.lo ext/standard/url.lo ext/standard/var.lo ext/standard/versioning.lo ext/standard/assert.lo ext/standard/strnatcmp.lo ext/standard/levenshtein.lo ext/standard/incomplete_class.lo ext/standard/url_scanner_ex.lo ext/standard/ftp_fopen_wrapper.lo ext/standard/http_fopen_wrapper.lo ext/standard/php_fopen_wrapper.lo ext/standard/credits.lo ext/standard/css.lo ext/standard/var_unserializer.lo ext/standard/ftok.lo ext/standard/sha1.lo ext/standard/user_filters.lo ext/standard/uuencode.lo ext/standard/filters.lo ext/standard/proc_open.lo ext/standard/streamsfuncs.lo ext/standard/http.lo ext/standard/password.lo ext/standard/random.lo ext/standard/net.lo ext/standard/hrtime.lo ext/standard/crc32_x86.lo Zend/asm/make_x86_64_sysv_elf_gas.lo Zend/asm/jump_x86_64_sysv_elf_gas.lo TSRM/TSRM.lo main/main.lo main/snprintf.lo main/spprintf.lo main/fopen_wrappers.lo main/alloca.lo main/php_scandir.lo main/php_ini.lo main/SAPI.lo main/rfc1867.lo main/php_content_types.lo main/strlcpy.lo main/strlcat.lo main/explicit_bzero.lo main/reentrancy.lo main/php_variables.lo main/php_ticks.lo main/network.lo main/php_open_temporary_file.lo main/output.lo main/getopt.lo main/php_syslog.lo main/streams/streams.lo main/streams/cast.lo main/streams/memory.lo main/streams/filter.lo main/streams/plain_wrapper.lo main/streams/userspace.lo main/streams/transports.lo main/streams/xp_socket.lo main/streams/mmap.lo main/streams/glob_wrapper.lo Zend/zend_language_parser.lo Zend/zend_language_scanner.lo Zend/zend_ini_parser.lo Zend/zend_ini_scanner.lo Zend/zend_alloc.lo Zend/zend_compile.lo Zend/zend_constants.lo Zend/zend_dtrace.lo Zend/zend_execute_API.lo Zend/zend_highlight.lo Zend/zend_llist.lo Zend/zend_vm_opcodes.lo Zend/zend_opcode.lo Zend/zend_operators.lo Zend/zend_ptr_stack.lo Zend/zend_stack.lo Zend/zend_variables.lo Zend/zend.lo Zend/zend_API.lo Zend/zend_extensions.lo Zend/zend_hash.lo Zend/zend_list.lo Zend/zend_builtin_functions.lo Zend/zend_attributes.lo Zend/zend_execute.lo Zend/zend_ini.lo Zend/zend_sort.lo Zend/zend_multibyte.lo Zend/zend_ts_hash.lo Zend/zend_stream.lo Zend/zend_iterators.lo Zend/zend_interfaces.lo Zend/zend_exceptions.lo Zend/zend_strtod.lo Zend/zend_gc.lo Zend/zend_closures.lo Zend/zend_weakrefs.lo Zend/zend_float.lo Zend/zend_string.lo Zend/zend_signal.lo Zend/zend_generators.lo Zend/zend_virtual_cwd.lo Zend/zend_ast.lo Zend/zend_objects.lo Zend/zend_object_handlers.lo Zend/zend_objects_API.lo Zend/zend_default_classes.lo Zend/zend_inheritance.lo Zend/zend_smart_str.lo Zend/zend_cpuinfo.lo Zend/zend_gdb.lo Zend/zend_observer.lo Zend/zend_system_id.lo Zend/zend_enum.lo Zend/zend_fibers.lo Zend/Optimizer/zend_optimizer.lo Zend/Optimizer/pass1.lo Zend/Optimizer/pass3.lo Zend/Optimizer/optimize_func_calls.lo Zend/Optimizer/block_pass.lo Zend/Optimizer/optimize_temp_vars_5.lo Zend/Optimizer/nop_removal.lo Zend/Optimizer/compact_literals.lo Zend/Optimizer/zend_cfg.lo Zend/Optimizer/zend_dfg.lo Zend/Optimizer/dfa_pass.lo Zend/Optimizer/zend_ssa.lo Zend/Optimizer/zend_inference.lo Zend/Optimizer/zend_func_info.lo Zend/Optimizer/zend_call_graph.lo Zend/Optimizer/sccp.lo Zend/Optimizer/scdf.lo Zend/Optimizer/dce.lo Zend/Optimizer/escape_analysis.lo Zend/Optimizer/compact_vars.lo Zend/Optimizer/zend_dump.lo main/internal_functions_cli.lo -lstdc++ -lutil -lrt -lm -ldl -l:magma.o -lrt -lstdc++ /magma/fuzzers/aflplusplus_lto_entropy/repo/utils/aflpp_driver/libAFLDriver.a -licuio -licui18n -licuuc -licudata -l:libonig.a  -Wall -rpath /ORIGIN/lib sapi/fuzzer/fuzzer-mbstring.lo sapi/fuzzer/fuzzer-sapi.lo -o sapi/fuzzer/php-fuzz-mbstring
#23 49.44 ld.lld: warning: /magma/targets/php/repo/oniguruma/src/.libs/libonig.a: archive member 'libAFLDriver.a' is neither ET_REL nor LLVM bitcode
#23 51.48 ld.lld: warning: /magma/targets/php/repo/oniguruma/src/.libs/libonig.a: archive member 'libAFLDriver.a' is neither ET_REL nor LLVM bitcode
#23 51.48 ld.lld: warning: /magma/targets/php/repo/oniguruma/src/.libs/libonig.a: archive member 'libAFLDriver.a' is neither ET_REL nor LLVM bitcode
#23 51.49 ld.lld: warning: /magma/targets/php/repo/oniguruma/src/.libs/libonig.a: archive member 'libAFLDriver.a' is neither ET_REL nor LLVM bitcode
#23 51.50 ld.lld: warning: /magma/targets/php/repo/oniguruma/src/.libs/libonig.a: archive member 'libAFLDriver.a' is neither ET_REL nor LLVM bitcode
#23 51.51 ld.lld: warning: /magma/targets/php/repo/oniguruma/src/.libs/libonig.a: archive member 'libAFLDriver.a' is neither ET_REL nor LLVM bitcode
#23 51.51 ld.lld: warning: /magma/targets/php/repo/oniguruma/src/.libs/libonig.a: archive member 'libAFLDriver.a' is neither ET_REL nor LLVM bitcode
#23 51.51 ld.lld: warning: /magma/targets/php/repo/oniguruma/src/.libs/libonig.a: archive member 'libAFLDriver.a' is neither ET_REL nor LLVM bitcode
#23 57.70 WARNING: dlopen() detected. To have coverage for a library that your target dlopen()'s this must either happen before __AFL_INIT() or you must use AFL_PRELOAD to preload all dlopen()'ed libraries!
#23 57.93 WARNING: dlopen() detected. To have coverage for a library that your target dlopen()'s this must either happen before __AFL_INIT() or you must use AFL_PRELOAD to preload all dlopen()'ed libraries!
#23 58.21 
#23 58.21 === AFL++ LTO Instrumentation Statistics ===
#23 58.21 Total Basic Blocks: 552495
#23 58.21 Instrumented Times: 0
#23 58.21 Instrumented Basic Blocks: 56094
#23 58.21 Instrumentation Ratio: 10.15%
#23 58.21 Total Predecessors: 156487
#23 58.21 Predecessor Count Distribution for Instrumented Basic Blocks:
#23 58.21   Instrumented BasicBlocks with 1 predecessor(s): 0
#23 58.21   Instrumented BasicBlocks with 2 predecessor(s): 42934
#23 58.21   Instrumented BasicBlocks with 3 predecessor(s): 7423
#23 58.21   Instrumented BasicBlocks with 4 predecessor(s): 2524
#23 58.21   Instrumented BasicBlocks with 5 predecessor(s): 843
#23 58.21   Instrumented BasicBlocks with 6 predecessor(s): 847
#23 58.21   Instrumented BasicBlocks with 7 predecessor(s): 342
#23 58.21   Instrumented BasicBlocks with 8 predecessor(s): 307
#23 58.21   Instrumented BasicBlocks with 9 predecessor(s): 145
#23 58.21   Instrumented BasicBlocks with >=10 predecessors: 49
#23 58.21 Predecessor Count Distribution for Non-Instrumented Basic Blocks:
#23 58.21   Non-Instrumented BasicBlocks with 1 predecessor(s): 335929
#23 58.21   Non-Instrumented BasicBlocks with 2 predecessor(s): 70128
#23 58.21   Non-Instrumented BasicBlocks with 3 predecessor(s): 835
#23 58.21   Non-Instrumented BasicBlocks with 4 predecessor(s): 209
#23 58.21   Non-Instrumented BasicBlocks with 5 predecessor(s): 63
#23 58.21   Non-Instrumented BasicBlocks with 6 predecessor(s): 53
#23 58.21   Non-Instrumented BasicBlocks with 7 predecessor(s): 29
#23 58.21   Non-Instrumented BasicBlocks with 8 predecessor(s): 11
#23 58.21   Non-Instrumented BasicBlocks with 9 predecessor(s): 8
#23 58.21   Non-Instrumented BasicBlocks with >=10 predecessors: 49
#23 58.22 Average Global Entropy: 4.77
#23 58.22 =======================================
#23 58.22 
#23 58.41 WARNING: dlopen() detected. To have coverage for a library that your target dlopen()'s this must either happen before __AFL_INIT() or you must use AFL_PRELOAD to preload all dlopen()'ed libraries!
#23 58.65 WARNING: dlopen() detected. To have coverage for a library that your target dlopen()'s this must either happen before __AFL_INIT() or you must use AFL_PRELOAD to preload all dlopen()'ed libraries!
#23 58.69 WARNING: dlopen() detected. To have coverage for a library that your target dlopen()'s this must either happen before __AFL_INIT() or you must use AFL_PRELOAD to preload all dlopen()'ed libraries!
#23 58.85 WARNING: dlopen() detected. To have coverage for a library that your target dlopen()'s this must either happen before __AFL_INIT() or you must use AFL_PRELOAD to preload all dlopen()'ed libraries!
#23 58.93 WARNING: dlopen() detected. To have coverage for a library that your target dlopen()'s this must either happen before __AFL_INIT() or you must use AFL_PRELOAD to preload all dlopen()'ed libraries!
#23 58.95 
#23 58.95 === AFL++ LTO Instrumentation Statistics ===
#23 58.95 Total Basic Blocks: 547966
#23 58.95 Instrumented Times: 0
#23 58.95 Instrumented Basic Blocks: 55572
#23 58.95 Instrumentation Ratio: 10.14%
#23 58.95 Total Predecessors: 155058
#23 58.95 Predecessor Count Distribution for Instrumented Basic Blocks:
#23 58.95   Instrumented BasicBlocks with 1 predecessor(s): 0
#23 58.95   Instrumented BasicBlocks with 2 predecessor(s): 42492
#23 58.95   Instrumented BasicBlocks with 3 predecessor(s): 7381
#23 58.95   Instrumented BasicBlocks with 4 predecessor(s): 2513
#23 58.95   Instrumented BasicBlocks with 5 predecessor(s): 831
#23 58.95   Instrumented BasicBlocks with 6 predecessor(s): 845
#23 58.95   Instrumented BasicBlocks with 7 predecessor(s): 339
#23 58.95   Instrumented BasicBlocks with 8 predecessor(s): 305
#23 58.95   Instrumented BasicBlocks with 9 predecessor(s): 144
#23 58.95   Instrumented BasicBlocks with >=10 predecessors: 49
#23 58.95 Predecessor Count Distribution for Non-Instrumented Basic Blocks:
#23 58.95   Non-Instrumented BasicBlocks with 1 predecessor(s): 333266
#23 58.95   Non-Instrumented BasicBlocks with 2 predecessor(s): 69554
#23 58.95   Non-Instrumented BasicBlocks with 3 predecessor(s): 827
#23 58.95   Non-Instrumented BasicBlocks with 4 predecessor(s): 207
#23 58.95   Non-Instrumented BasicBlocks with 5 predecessor(s): 60
#23 58.95   Non-Instrumented BasicBlocks with 6 predecessor(s): 52
#23 58.95   Non-Instrumented BasicBlocks with 7 predecessor(s): 29
#23 58.95   Non-Instrumented BasicBlocks with 8 predecessor(s): 11
#23 58.95   Non-Instrumented BasicBlocks with 9 predecessor(s): 8
#23 58.95   Non-Instrumented BasicBlocks with >=10 predecessors: 49
#23 58.95 Average Global Entropy: 4.77
#23 58.95 =======================================
#23 58.95 
#23 59.06 WARNING: dlopen() detected. To have coverage for a library that your target dlopen()'s this must either happen before __AFL_INIT() or you must use AFL_PRELOAD to preload all dlopen()'ed libraries!
#23 59.08 WARNING: dlopen() detected. To have coverage for a library that your target dlopen()'s this must either happen before __AFL_INIT() or you must use AFL_PRELOAD to preload all dlopen()'ed libraries!
#23 59.26 
#23 59.26 === AFL++ LTO Instrumentation Statistics ===
#23 59.26 Total Basic Blocks: 548037
#23 59.26 Instrumented Times: 0
#23 59.26 Instrumented Basic Blocks: 55571
#23 59.26 Instrumentation Ratio: 10.14%
#23 59.26 Total Predecessors: 155057
#23 59.26 Predecessor Count Distribution for Instrumented Basic Blocks:
#23 59.26   Instrumented BasicBlocks with 1 predecessor(s): 0
#23 59.26   Instrumented BasicBlocks with 2 predecessor(s): 42490
#23 59.26   Instrumented BasicBlocks with 3 predecessor(s): 7382
#23 59.26   Instrumented BasicBlocks with 4 predecessor(s): 2513
#23 59.26   Instrumented BasicBlocks with 5 predecessor(s): 831
#23 59.26   Instrumented BasicBlocks with 6 predecessor(s): 845
#23 59.26   Instrumented BasicBlocks with 7 predecessor(s): 339
#23 59.26   Instrumented BasicBlocks with 8 predecessor(s): 305
#23 59.26   Instrumented BasicBlocks with 9 predecessor(s): 144
#23 59.26   Instrumented BasicBlocks with >=10 predecessors: 49
#23 59.26 Predecessor Count Distribution for Non-Instrumented Basic Blocks:
#23 59.26   Non-Instrumented BasicBlocks with 1 predecessor(s): 333324
#23 59.26   Non-Instrumented BasicBlocks with 2 predecessor(s): 69578
#23 59.26   Non-Instrumented BasicBlocks with 3 predecessor(s): 827
#23 59.26   Non-Instrumented BasicBlocks with 4 predecessor(s): 207
#23 59.26   Non-Instrumented BasicBlocks with 5 predecessor(s): 60
#23 59.26   Non-Instrumented BasicBlocks with 6 predecessor(s): 52
#23 59.26   Non-Instrumented BasicBlocks with 7 predecessor(s): 29
#23 59.26   Non-Instrumented BasicBlocks with 8 predecessor(s): 11
#23 59.26   Non-Instrumented BasicBlocks with 9 predecessor(s): 8
#23 59.26   Non-Instrumented BasicBlocks with >=10 predecessors: 49
#23 59.26 Average Global Entropy: 4.77
#23 59.26 =======================================
#23 59.26 
#23 59.30 WARNING: dlopen() detected. To have coverage for a library that your target dlopen()'s this must either happen before __AFL_INIT() or you must use AFL_PRELOAD to preload all dlopen()'ed libraries!
#23 59.34 
#23 59.34 === AFL++ LTO Instrumentation Statistics ===
#23 59.34 Total Basic Blocks: 547943
#23 59.34 Instrumented Times: 0
#23 59.34 Instrumented Basic Blocks: 55570
#23 59.34 Instrumentation Ratio: 10.14%
#23 59.34 Total Predecessors: 155054
#23 59.34 Predecessor Count Distribution for Instrumented Basic Blocks:
#23 59.34   Instrumented BasicBlocks with 1 predecessor(s): 0
#23 59.34   Instrumented BasicBlocks with 2 predecessor(s): 42490
#23 59.34   Instrumented BasicBlocks with 3 predecessor(s): 7381
#23 59.34   Instrumented BasicBlocks with 4 predecessor(s): 2513
#23 59.34   Instrumented BasicBlocks with 5 predecessor(s): 831
#23 59.34   Instrumented BasicBlocks with 6 predecessor(s): 845
#23 59.34   Instrumented BasicBlocks with 7 predecessor(s): 339
#23 59.34   Instrumented BasicBlocks with 8 predecessor(s): 305
#23 59.34   Instrumented BasicBlocks with 9 predecessor(s): 144
#23 59.34   Instrumented BasicBlocks with >=10 predecessors: 49
#23 59.34 Predecessor Count Distribution for Non-Instrumented Basic Blocks:
#23 59.34   Non-Instrumented BasicBlocks with 1 predecessor(s): 333255
#23 59.34   Non-Instrumented BasicBlocks with 2 predecessor(s): 69550
#23 59.34   Non-Instrumented BasicBlocks with 3 predecessor(s): 827
#23 59.34   Non-Instrumented BasicBlocks with 4 predecessor(s): 207
#23 59.34   Non-Instrumented BasicBlocks with 5 predecessor(s): 60
#23 59.34   Non-Instrumented BasicBlocks with 6 predecessor(s): 52
#23 59.34   Non-Instrumented BasicBlocks with 7 predecessor(s): 29
#23 59.34   Non-Instrumented BasicBlocks with 8 predecessor(s): 11
#23 59.34   Non-Instrumented BasicBlocks with 9 predecessor(s): 8
#23 59.34   Non-Instrumented BasicBlocks with >=10 predecessors: 49
#23 59.35 Average Global Entropy: 4.77
#23 59.35 =======================================
#23 59.35 
#23 59.40 WARNING: dlopen() detected. To have coverage for a library that your target dlopen()'s this must either happen before __AFL_INIT() or you must use AFL_PRELOAD to preload all dlopen()'ed libraries!
#23 59.58 
#23 59.58 === AFL++ LTO Instrumentation Statistics ===
#23 59.58 Total Basic Blocks: 547953
#23 59.58 Instrumented Times: 0
#23 59.58 Instrumented Basic Blocks: 55571
#23 59.58 Instrumentation Ratio: 10.14%
#23 59.58 Total Predecessors: 155056
#23 59.58 Predecessor Count Distribution for Instrumented Basic Blocks:
#23 59.58   Instrumented BasicBlocks with 1 predecessor(s): 0
#23 59.58   Instrumented BasicBlocks with 2 predecessor(s): 42491
#23 59.58   Instrumented BasicBlocks with 3 predecessor(s): 7381
#23 59.58   Instrumented BasicBlocks with 4 predecessor(s): 2513
#23 59.58   Instrumented BasicBlocks with 5 predecessor(s): 831
#23 59.58   Instrumented BasicBlocks with 6 predecessor(s): 845
#23 59.58   Instrumented BasicBlocks with 7 predecessor(s): 339
#23 59.58   Instrumented BasicBlocks with 8 predecessor(s): 305
#23 59.58   Instrumented BasicBlocks with 9 predecessor(s): 144
#23 59.58   Instrumented BasicBlocks with >=10 predecessors: 49
#23 59.58 Predecessor Count Distribution for Non-Instrumented Basic Blocks:
#23 59.58   Non-Instrumented BasicBlocks with 1 predecessor(s): 333258
#23 59.58   Non-Instrumented BasicBlocks with 2 predecessor(s): 69553
#23 59.58   Non-Instrumented BasicBlocks with 3 predecessor(s): 827
#23 59.58   Non-Instrumented BasicBlocks with 4 predecessor(s): 207
#23 59.58   Non-Instrumented BasicBlocks with 5 predecessor(s): 60
#23 59.58   Non-Instrumented BasicBlocks with 6 predecessor(s): 52
#23 59.58   Non-Instrumented BasicBlocks with 7 predecessor(s): 29
#23 59.58   Non-Instrumented BasicBlocks with 8 predecessor(s): 11
#23 59.58   Non-Instrumented BasicBlocks with 9 predecessor(s): 8
#23 59.58   Non-Instrumented BasicBlocks with >=10 predecessors: 49
#23 59.58 Average Global Entropy: 4.77
#23 59.58 =======================================
#23 59.58 
#23 59.68 WARNING: dlopen() detected. To have coverage for a library that your target dlopen()'s this must either happen before __AFL_INIT() or you must use AFL_PRELOAD to preload all dlopen()'ed libraries!
#23 59.78 WARNING: dlopen() detected. To have coverage for a library that your target dlopen()'s this must either happen before __AFL_INIT() or you must use AFL_PRELOAD to preload all dlopen()'ed libraries!
#23 59.99 WARNING: dlopen() detected. To have coverage for a library that your target dlopen()'s this must either happen before __AFL_INIT() or you must use AFL_PRELOAD to preload all dlopen()'ed libraries!
#23 60.01 
#23 60.01 === AFL++ LTO Instrumentation Statistics ===
#23 60.01 Total Basic Blocks: 547932
#23 60.01 Instrumented Times: 0
#23 60.01 Instrumented Basic Blocks: 55570
#23 60.01 Instrumentation Ratio: 10.14%
#23 60.01 Total Predecessors: 155054
#23 60.01 Predecessor Count Distribution for Instrumented Basic Blocks:
#23 60.01   Instrumented BasicBlocks with 1 predecessor(s): 0
#23 60.01   Instrumented BasicBlocks with 2 predecessor(s): 42490
#23 60.01   Instrumented BasicBlocks with 3 predecessor(s): 7381
#23 60.01   Instrumented BasicBlocks with 4 predecessor(s): 2513
#23 60.01   Instrumented BasicBlocks with 5 predecessor(s): 831
#23 60.01   Instrumented BasicBlocks with 6 predecessor(s): 845
#23 60.01   Instrumented BasicBlocks with 7 predecessor(s): 339
#23 60.01   Instrumented BasicBlocks with 8 predecessor(s): 305
#23 60.01   Instrumented BasicBlocks with 9 predecessor(s): 144
#23 60.01   Instrumented BasicBlocks with >=10 predecessors: 49
#23 60.01 Predecessor Count Distribution for Non-Instrumented Basic Blocks:
#23 60.01   Non-Instrumented BasicBlocks with 1 predecessor(s): 333250
#23 60.01   Non-Instrumented BasicBlocks with 2 predecessor(s): 69548
#23 60.01   Non-Instrumented BasicBlocks with 3 predecessor(s): 827
#23 60.01   Non-Instrumented BasicBlocks with 4 predecessor(s): 207
#23 60.01   Non-Instrumented BasicBlocks with 5 predecessor(s): 60
#23 60.01   Non-Instrumented BasicBlocks with 6 predecessor(s): 52
#23 60.01   Non-Instrumented BasicBlocks with 7 predecessor(s): 29
#23 60.01   Non-Instrumented BasicBlocks with 8 predecessor(s): 11
#23 60.01   Non-Instrumented BasicBlocks with 9 predecessor(s): 8
#23 60.01   Non-Instrumented BasicBlocks with >=10 predecessors: 49
#23 60.02 Average Global Entropy: 4.77
#23 60.02 =======================================
#23 60.02 
#23 60.28 
#23 60.28 === AFL++ LTO Instrumentation Statistics ===
#23 60.28 Total Basic Blocks: 548167
#23 60.28 Instrumented Times: 0
#23 60.28 Instrumented Basic Blocks: 55573
#23 60.28 Instrumentation Ratio: 10.14%
#23 60.28 Total Predecessors: 155062
#23 60.28 Predecessor Count Distribution for Instrumented Basic Blocks:
#23 60.28   Instrumented BasicBlocks with 1 predecessor(s): 0
#23 60.28   Instrumented BasicBlocks with 2 predecessor(s): 42492
#23 60.28   Instrumented BasicBlocks with 3 predecessor(s): 7381
#23 60.28   Instrumented BasicBlocks with 4 predecessor(s): 2514
#23 60.28   Instrumented BasicBlocks with 5 predecessor(s): 831
#23 60.28   Instrumented BasicBlocks with 6 predecessor(s): 845
#23 60.28   Instrumented BasicBlocks with 7 predecessor(s): 339
#23 60.28   Instrumented BasicBlocks with 8 predecessor(s): 305
#23 60.28   Instrumented BasicBlocks with 9 predecessor(s): 144
#23 60.28   Instrumented BasicBlocks with >=10 predecessors: 49
#23 60.28 Predecessor Count Distribution for Non-Instrumented Basic Blocks:
#23 60.28   Non-Instrumented BasicBlocks with 1 predecessor(s): 333408
#23 60.28   Non-Instrumented BasicBlocks with 2 predecessor(s): 69613
#23 60.28   Non-Instrumented BasicBlocks with 3 predecessor(s): 828
#23 60.28   Non-Instrumented BasicBlocks with 4 predecessor(s): 207
#23 60.28   Non-Instrumented BasicBlocks with 5 predecessor(s): 60
#23 60.28   Non-Instrumented BasicBlocks with 6 predecessor(s): 52
#23 60.28   Non-Instrumented BasicBlocks with 7 predecessor(s): 29
#23 60.28   Non-Instrumented BasicBlocks with 8 predecessor(s): 11
#23 60.28   Non-Instrumented BasicBlocks with 9 predecessor(s): 8
#23 60.28   Non-Instrumented BasicBlocks with >=10 predecessors: 49
#23 60.28 Average Global Entropy: 4.78
#23 60.28 =======================================
#23 60.28 
#23 60.36 WARNING: dlopen() detected. To have coverage for a library that your target dlopen()'s this must either happen before __AFL_INIT() or you must use AFL_PRELOAD to preload all dlopen()'ed libraries!
#23 60.70 WARNING: dlopen() detected. To have coverage for a library that your target dlopen()'s this must either happen before __AFL_INIT() or you must use AFL_PRELOAD to preload all dlopen()'ed libraries!
#23 61.12 
#23 61.12 === AFL++ LTO Instrumentation Statistics ===
#23 61.12 Total Basic Blocks: 548169
#23 61.12 Instrumented Times: 0
#23 61.12 Instrumented Basic Blocks: 55573
#23 61.12 Instrumentation Ratio: 10.14%
#23 61.12 Total Predecessors: 155060
#23 61.12 Predecessor Count Distribution for Instrumented Basic Blocks:
#23 61.12   Instrumented BasicBlocks with 1 predecessor(s): 0
#23 61.12   Instrumented BasicBlocks with 2 predecessor(s): 42493
#23 61.12   Instrumented BasicBlocks with 3 predecessor(s): 7381
#23 61.12   Instrumented BasicBlocks with 4 predecessor(s): 2513
#23 61.12   Instrumented BasicBlocks with 5 predecessor(s): 831
#23 61.12   Instrumented BasicBlocks with 6 predecessor(s): 845
#23 61.12   Instrumented BasicBlocks with 7 predecessor(s): 339
#23 61.12   Instrumented BasicBlocks with 8 predecessor(s): 305
#23 61.12   Instrumented BasicBlocks with 9 predecessor(s): 144
#23 61.12   Instrumented BasicBlocks with >=10 predecessors: 49
#23 61.12 Predecessor Count Distribution for Non-Instrumented Basic Blocks:
#23 61.12   Non-Instrumented BasicBlocks with 1 predecessor(s): 333411
#23 61.12   Non-Instrumented BasicBlocks with 2 predecessor(s): 69615
#23 61.12   Non-Instrumented BasicBlocks with 3 predecessor(s): 827
#23 61.12   Non-Instrumented BasicBlocks with 4 predecessor(s): 207
#23 61.12   Non-Instrumented BasicBlocks with 5 predecessor(s): 60
#23 61.12   Non-Instrumented BasicBlocks with 6 predecessor(s): 52
#23 61.12   Non-Instrumented BasicBlocks with 7 predecessor(s): 29
#23 61.12   Non-Instrumented BasicBlocks with 8 predecessor(s): 11
#23 61.12   Non-Instrumented BasicBlocks with 9 predecessor(s): 8
#23 61.12   Non-Instrumented BasicBlocks with >=10 predecessors: 49
#23 61.13 Average Global Entropy: 4.78
#23 61.13 =======================================
#23 61.13 
#23 91.78 Generating phar.php
#23 91.82 Generating phar.phar
#23 91.88 PEAR package PHP_Archive not installed: generated phar will require PHP's phar extension be enabled.
#23 91.88 phar.inc
#23 91.88 clicommand.inc
#23 91.88 pharcommand.inc
#23 91.88 directorytreeiterator.inc
#23 91.88 invertedregexiterator.inc
#23 91.88 directorygraphiterator.inc
#23 96.62 
#23 96.62 Build complete.
#23 96.62 Don't forget to run 'make test'.
#23 96.62 
#23 DONE 97.4s

#24 exporting to image
#24 exporting layers
#24 exporting layers 3.6s done
#24 writing image sha256:7a7c23a87436f51c4fbe84d3181a47e8ecfe8d2e9db6dae95a7d76e123fc7d98 done
#24 naming to docker.io/magma/aflplusplus_lto_entropy/php done
#24 DONE 3.6s

 [33m18 warnings found (use --debug to expand):
[0m - LegacyKeyValueFormat: "ENV key=value" should be used instead of legacy "ENV key value" format (line 16)
 - LegacyKeyValueFormat: "ENV key=value" should be used instead of legacy "ENV key value" format (line 17)
 - LegacyKeyValueFormat: "ENV key=value" should be used instead of legacy "ENV key value" format (line 18)
 - LegacyKeyValueFormat: "ENV key=value" should be used instead of legacy "ENV key value" format (line 20)
 - LegacyKeyValueFormat: "ENV key=value" should be used instead of legacy "ENV key value" format (line 21)
 - LegacyKeyValueFormat: "ENV key=value" should be used instead of legacy "ENV key value" format (line 22)
 - LegacyKeyValueFormat: "ENV key=value" should be used instead of legacy "ENV key value" format (line 23)
 - LegacyKeyValueFormat: "ENV key=value" should be used instead of legacy "ENV key value" format (line 24)
 - LegacyKeyValueFormat: "ENV key=value" should be used instead of legacy "ENV key value" format (line 25)
 - LegacyKeyValueFormat: "ENV key=value" should be used instead of legacy "ENV key value" format (line 26)
 - LegacyKeyValueFormat: "ENV key=value" should be used instead of legacy "ENV key value" format (line 41)
 - LegacyKeyValueFormat: "ENV key=value" should be used instead of legacy "ENV key value" format (line 51)
 - LegacyKeyValueFormat: "ENV key=value" should be used instead of legacy "ENV key value" format (line 67)
 - LegacyKeyValueFormat: "ENV key=value" should be used instead of legacy "ENV key value" format (line 88)
 - LegacyKeyValueFormat: "ENV key=value" should be used instead of legacy "ENV key value" format (line 89)
 - LegacyKeyValueFormat: "ENV key=value" should be used instead of legacy "ENV key value" format (line 90)
 - LegacyKeyValueFormat: "ENV key=value" should be used instead of legacy "ENV key value" format (line 91)
 - JSONArgsRecommended: JSON arguments recommended for ENTRYPOINT to prevent unintended behavior related to OS signals (line 98)
+ set +x
magma/aflplusplus_lto_entropy/php
