
#23 [19/19] RUN /magma/fuzzers/aflplusplus_entropy/Calculate.sh
#23 0.565 
#23 0.565 === AFL++ LLVM_MODE Instrumentation Statistics ===
#23 0.565 Total Basic Blocks: 19
#23 0.565 Instrumented Times: 0
#23 0.565 Instrumented Basic Blocks: 3
#23 0.565 Instrumentation Ratio: 15.79%
#23 0.565 Total Predecessors: 7
#23 0.565 Predecessor Count Distribution for Instrumented Basic Blocks:
#23 0.565   Instrumented BasicBlocks with 1 predecessor(s): 0
#23 0.565   Instrumented BasicBlocks with 2 predecessor(s): 2
#23 0.565   Instrumented BasicBlocks with 3 predecessor(s): 1
#23 0.565   Instrumented BasicBlocks with 4 predecessor(s): 0
#23 0.565   Instrumented BasicBlocks with 5 predecessor(s): 0
#23 0.565   Instrumented BasicBlocks with 6 predecessor(s): 0
#23 0.565   Instrumented BasicBlocks with 7 predecessor(s): 0
#23 0.565   Instrumented BasicBlocks with 8 predecessor(s): 0
#23 0.565   Instrumented BasicBlocks with 9 predecessor(s): 0
#23 0.565   Instrumented BasicBlocks with >=10 predecessors: 0
#23 0.565 Predecessor Count Distribution for Non-Instrumented Basic Blocks:
#23 0.565   Non-Instrumented BasicBlocks with 1 predecessor(s): 8
#23 0.565   Non-Instrumented BasicBlocks with 2 predecessor(s): 2
#23 0.565   Non-Instrumented BasicBlocks with 3 predecessor(s): 0
#23 0.565   Non-Instrumented BasicBlocks with 4 predecessor(s): 0
#23 0.565   Non-Instrumented BasicBlocks with 5 predecessor(s): 0
#23 0.565   Non-Instrumented BasicBlocks with 6 predecessor(s): 0
#23 0.565   Non-Instrumented BasicBlocks with 7 predecessor(s): 0
#23 0.565   Non-Instrumented BasicBlocks with 8 predecessor(s): 0
#23 0.565   Non-Instrumented BasicBlocks with 9 predecessor(s): 0
#23 0.565   Non-Instrumented BasicBlocks with >=10 predecessors: 0
#23 0.565 =======================================
#23 0.565 
#23 0.615 
#23 0.615 === AFL++ LLVM_MODE Instrumentation Statistics ===
#23 0.615 Total Basic Blocks: 40
#23 0.615 Instrumented Times: 0
#23 0.615 Instrumented Basic Blocks: 8
#23 0.615 Instrumentation Ratio: 20.00%
#23 0.615 Total Predecessors: 16
#23 0.615 Predecessor Count Distribution for Instrumented Basic Blocks:
#23 0.615   Instrumented BasicBlocks with 1 predecessor(s): 0
#23 0.615   Instrumented BasicBlocks with 2 predecessor(s): 8
#23 0.615   Instrumented BasicBlocks with 3 predecessor(s): 0
#23 0.615   Instrumented BasicBlocks with 4 predecessor(s): 0
#23 0.615   Instrumented BasicBlocks with 5 predecessor(s): 0
#23 0.615   Instrumented BasicBlocks with 6 predecessor(s): 0
#23 0.615   Instrumented BasicBlocks with 7 predecessor(s): 0
#23 0.615   Instrumented BasicBlocks with 8 predecessor(s): 0
#23 0.615   Instrumented BasicBlocks with 9 predecessor(s): 0
#23 0.615   Instrumented BasicBlocks with >=10 predecessors: 0
#23 0.615 Predecessor Count Distribution for Non-Instrumented Basic Blocks:
#23 0.615   Non-Instrumented BasicBlocks with 1 predecessor(s): 21
#23 0.615   Non-Instrumented BasicBlocks with 2 predecessor(s): 3
#23 0.615   Non-Instrumented BasicBlocks with 3 predecessor(s): 0
#23 0.615   Non-Instrumented BasicBlocks with 4 predecessor(s): 0
#23 0.615   Non-Instrumented BasicBlocks with 5 predecessor(s): 0
#23 0.615   Non-Instrumented BasicBlocks with 6 predecessor(s): 0
#23 0.615   Non-Instrumented BasicBlocks with 7 predecessor(s): 0
#23 0.615   Non-Instrumented BasicBlocks with 8 predecessor(s): 0
#23 0.615   Non-Instrumented BasicBlocks with 9 predecessor(s): 0
#23 0.615   Non-Instrumented BasicBlocks with >=10 predecessors: 0
#23 0.615 =======================================
#23 0.615 
#23 0.634 checking for autogen ... yes
#23 0.682 checking for autoconf ... yes
#23 0.720 checking for automake ... yes
#23 0.817 checking for libtool ... libtoolize
#23 1.090 checking for pkg-config ... yes
#23 1.091 checking for python ... yes
#23 1.093 Generating configuration files for libsndfile, please wait ... 
#23 1.093   aclocal 
#23 2.744   libtoolize --automake --force
#23 3.255   autoheader
#23 3.898   automake --add-missing 
#23 4.718 configure.ac:58: installing 'build-aux/ar-lib'
#23 4.718 configure.ac:38: installing 'build-aux/compile'
#23 4.718 configure.ac:28: installing 'build-aux/config.guess'
#23 4.718 configure.ac:28: installing 'build-aux/config.sub'
#23 4.718 configure.ac:33: installing 'build-aux/install-sh'
#23 4.718 configure.ac:33: installing 'build-aux/missing'
#23 4.809 Makefile.am: installing 'build-aux/depcomp'
#23 5.004   autoconf
#23 5.399 
#23 5.399 Installing git pre-commit hook for this project.
#23 5.402 
#23 5.564 checking whether configure should try to set CFLAGS/CXXFLAGS/CPPFLAGS/LDFLAGS... no
#23 5.576 checking build system type... x86_64-pc-linux-gnu
#23 5.640 checking host system type... x86_64-pc-linux-gnu
#23 5.640 checking for a BSD-compatible install... /usr/bin/install -c
#23 5.651 checking whether build environment is sane... yes
#23 5.662 checking for a thread-safe mkdir -p... /bin/mkdir -p
#23 5.664 checking for gawk... no
#23 5.665 checking for mawk... mawk
#23 5.665 checking whether make sets $(MAKE)... yes
#23 5.679 checking whether make supports nested variables... yes
#23 5.688 checking whether make supports nested variables... (cached) yes
#23 5.689 checking for gcc... /magma/fuzzers/aflplusplus_entropy/repo/afl-clang-fast
#23 5.808 checking whether the C compiler works... yes
#23 5.899 checking for C compiler default output file name... a.out
#23 5.900 checking for suffix of executables... 
#23 5.993 checking whether we are cross compiling... no
#23 6.084 checking for suffix of object files... o
#23 6.121 checking whether we are using the GNU C compiler... yes
#23 6.165 checking whether /magma/fuzzers/aflplusplus_entropy/repo/afl-clang-fast accepts -g... yes
#23 6.309 checking for /magma/fuzzers/aflplusplus_entropy/repo/afl-clang-fast option to accept ISO C89... none needed
#23 6.361 checking whether /magma/fuzzers/aflplusplus_entropy/repo/afl-clang-fast understands -c and -o together... yes
#23 6.440 checking for style of include used by make... GNU
#23 6.445 checking dependency style of /magma/fuzzers/aflplusplus_entropy/repo/afl-clang-fast... gcc3
#23 6.499 checking for /magma/fuzzers/aflplusplus_entropy/repo/afl-clang-fast option to accept ISO C99... none needed
#23 6.567 checking how to run the C preprocessor... /magma/fuzzers/aflplusplus_entropy/repo/afl-clang-fast -E
#23 6.712 checking for grep that handles long lines and -e... /bin/grep
#23 6.715 checking for egrep... /bin/grep -E
#23 6.717 checking for ANSI C header files... yes
#23 6.953 checking for sys/types.h... yes
#23 7.009 checking for sys/stat.h... yes
#23 7.068 checking for stdlib.h... yes
#23 7.125 checking for string.h... yes
#23 7.187 checking for memory.h... yes
#23 7.245 checking for strings.h... yes
#23 7.303 checking for inttypes.h... yes
#23 7.361 checking for stdint.h... yes
#23 7.415 checking for unistd.h... yes
#23 7.479 checking minix/config.h usability... no
#23 7.532 checking minix/config.h presence... no
#23 7.567 checking for minix/config.h... no
#23 7.567 checking whether it is safe to define __EXTENSIONS__... yes
#23 7.740 checking whether we are using the GNU C++ compiler... yes
#23 7.781 checking whether /magma/fuzzers/aflplusplus_entropy/repo/afl-clang-fast++ accepts -g... yes
#23 7.913 checking dependency style of /magma/fuzzers/aflplusplus_entropy/repo/afl-clang-fast++... gcc3
#23 7.970 checking for C compiler vendor... clang
#23 8.139 checking for a sed that does not truncate output... /bin/sed
#23 8.147 checking for C compiler version... 18.1.0
#23 8.493 checking for C++ compiler vendor... clang
#23 8.685 checking for C++ compiler version... 18.1.0
#23 9.026 checking for a sed that does not truncate output... (cached) /bin/sed
#23 9.027 checking the archiver (/usr/bin/ar) interface... ar
#23 9.092 checking how to print strings... printf
#23 9.117 checking for a sed that does not truncate output... (cached) /bin/sed
#23 9.119 checking for fgrep... /bin/grep -F
#23 9.121 checking for ld used by /magma/fuzzers/aflplusplus_entropy/repo/afl-clang-fast... /usr/bin/ld
#23 9.149 checking if the linker (/usr/bin/ld) is GNU ld... yes
#23 9.156 checking for BSD- or MS-compatible name lister (nm)... /usr/bin/nm
#23 9.157 checking the name lister (/usr/bin/nm) interface... BSD nm
#23 9.227 checking whether ln -s works... yes
#23 9.227 checking the maximum length of command line arguments... 1572864
#23 9.237 checking how to convert x86_64-pc-linux-gnu file names to x86_64-pc-linux-gnu format... func_convert_file_noop
#23 9.238 checking how to convert x86_64-pc-linux-gnu file names to toolchain format... func_convert_file_noop
#23 9.238 checking for /usr/bin/ld option to reload object files... -r
#23 9.238 checking for objdump... objdump
#23 9.238 checking how to recognize dependent libraries... pass_all
#23 9.239 checking for dlltool... no
#23 9.240 checking how to associate runtime and link libraries... printf %s\n
#23 9.240 checking for archiver @FILE support... @
#23 9.338 checking for strip... strip
#23 9.338 checking for ranlib... /usr/bin/ranlib
#23 9.338 checking command to parse /usr/bin/nm output from /magma/fuzzers/aflplusplus_entropy/repo/afl-clang-fast object... ok
#23 9.490 checking for sysroot... no
#23 9.490 checking for a working dd... /bin/dd
#23 9.495 checking how to truncate binary pipes... /bin/dd bs=4096 count=1
#23 9.535 checking for mt... no
#23 9.535 checking if : is a manifest tool... no
#23 9.540 checking for dlfcn.h... yes
#23 9.595 checking for objdir... .libs
#23 9.746 checking if /magma/fuzzers/aflplusplus_entropy/repo/afl-clang-fast supports -fno-rtti -fno-exceptions... yes
#23 9.791 checking for /magma/fuzzers/aflplusplus_entropy/repo/afl-clang-fast option to produce PIC... -fPIC -DPIC
#23 9.791 checking if /magma/fuzzers/aflplusplus_entropy/repo/afl-clang-fast PIC flag -fPIC -DPIC works... yes
#23 9.840 checking if /magma/fuzzers/aflplusplus_entropy/repo/afl-clang-fast static flag -static works... yes
#23 9.948 checking if /magma/fuzzers/aflplusplus_entropy/repo/afl-clang-fast supports -c -o file.o... yes
#23 10.00 checking if /magma/fuzzers/aflplusplus_entropy/repo/afl-clang-fast supports -c -o file.o... (cached) yes
#23 10.01 checking whether the /magma/fuzzers/aflplusplus_entropy/repo/afl-clang-fast linker (/usr/bin/ld -m elf_x86_64) supports shared libraries... yes
#23 10.04 checking dynamic linker characteristics... GNU/Linux ld.so
#23 10.20 checking how to hardcode library paths into programs... immediate
#23 10.20 checking whether stripping libraries is possible... yes
#23 10.21 checking if libtool supports shared libraries... yes
#23 10.21 checking whether to build shared libraries... no
#23 10.21 checking whether to build static libraries... yes
#23 10.21 checking how to run the C++ preprocessor... /magma/fuzzers/aflplusplus_entropy/repo/afl-clang-fast++ -E
#23 10.52 checking for ld used by /magma/fuzzers/aflplusplus_entropy/repo/afl-clang-fast++... /usr/bin/ld -m elf_x86_64
#23 10.55 checking if the linker (/usr/bin/ld -m elf_x86_64) is GNU ld... yes
#23 10.58 checking whether the /magma/fuzzers/aflplusplus_entropy/repo/afl-clang-fast++ linker (/usr/bin/ld -m elf_x86_64) supports shared libraries... yes
#23 10.75 checking for /magma/fuzzers/aflplusplus_entropy/repo/afl-clang-fast++ option to produce PIC... -fPIC -DPIC
#23 10.75 checking if /magma/fuzzers/aflplusplus_entropy/repo/afl-clang-fast++ PIC flag -fPIC -DPIC works... yes
#23 10.80 checking if /magma/fuzzers/aflplusplus_entropy/repo/afl-clang-fast++ static flag -static works... yes
#23 10.91 checking if /magma/fuzzers/aflplusplus_entropy/repo/afl-clang-fast++ supports -c -o file.o... yes
#23 10.96 checking if /magma/fuzzers/aflplusplus_entropy/repo/afl-clang-fast++ supports -c -o file.o... (cached) yes
#23 10.96 checking whether the /magma/fuzzers/aflplusplus_entropy/repo/afl-clang-fast++ linker (/usr/bin/ld -m elf_x86_64) supports shared libraries... yes
#23 10.96 checking dynamic linker characteristics... (cached) GNU/Linux ld.so
#23 10.96 checking how to hardcode library paths into programs... immediate
#23 10.97 checking for windres... no
#23 11.03 checking whether ln -s works... yes
#23 11.03 checking for python... /usr/bin/python
#23 11.04 checking for python version... 2.7
#23 11.05 checking for python platform... linux2
#23 11.06 checking for python script directory... ${prefix}/lib/python2.7/dist-packages
#23 11.08 checking for python extension module directory... ${exec_prefix}/lib/python2.7/dist-packages
#23 11.11 checking for autogen... yes
#23 11.11 checking for wine... no
#23 11.11 checking for xcode-select... no
#23 11.11 checking for ANSI C header files... (cached) yes
#23 11.11 checking endian.h usability... yes
#23 11.16 checking endian.h presence... yes
#23 11.20 checking for endian.h... yes
#23 11.20 checking byteswap.h usability... yes
#23 11.26 checking byteswap.h presence... yes
#23 11.30 checking for byteswap.h... yes
#23 11.30 checking locale.h usability... yes
#23 11.36 checking locale.h presence... yes
#23 11.39 checking for locale.h... yes
#23 11.39 checking sys/time.h usability... yes
#23 11.45 checking sys/time.h presence... yes
#23 11.48 checking for sys/time.h... yes
#23 11.48 checking immintrin.h usability... yes
#23 11.79 checking immintrin.h presence... yes
#23 11.88 checking for immintrin.h... yes
#23 11.88 checking stdbool.h usability... yes
#23 11.94 checking stdbool.h presence... yes
#23 11.97 checking for stdbool.h... yes
#23 11.97 checking for sys/wait.h that is POSIX.1 compatible... yes
#23 12.03 checking whether S_IRGRP is declared... yes
#23 12.10 checking size of wchar_t... 4
#23 12.21 checking size of short... 2
#23 12.33 checking size of int... 4
#23 12.45 checking size of long... 8
#23 12.56 checking size of float... 4
#23 12.68 checking size of double... 8
#23 12.79 checking size of void*... 8
#23 12.91 checking size of size_t... 8
#23 13.03 checking size of int64_t... 8
#23 13.14 checking size of long long... 8
#23 13.26 checking size of off_t... 8
#23 13.40 checking for ssize_t... yes
#23 13.51 checking whether byte ordering is bigendian... no
#23 13.65 checking for malloc... yes
#23 13.76 checking for calloc... yes
#23 13.87 checking for realloc... yes
#23 13.99 checking for free... yes
#23 14.10 checking for open... yes
#23 14.21 checking for read... yes
#23 14.34 checking for write... yes
#23 14.45 checking for lseek... yes
#23 14.56 checking for lseek64... yes
#23 14.67 checking for fstat... yes
#23 14.79 checking for fstat64... yes
#23 14.89 checking for ftruncate... yes
#23 15.00 checking for fsync... yes
#23 15.11 checking for snprintf... yes
#23 15.22 checking for vsnprintf... yes
#23 15.33 checking for gmtime... yes
#23 15.44 checking for gmtime_r... yes
#23 15.55 checking for localtime... yes
#23 15.68 checking for localtime_r... yes
#23 15.79 checking for gettimeofday... yes
#23 15.90 checking for mmap... yes
#23 16.01 checking for getpagesize... yes
#23 16.11 checking for setlocale... yes
#23 16.22 checking for pipe... yes
#23 16.32 checking for waitpid... yes
#23 16.42 checking for library containing floor... -lm
#23 16.61 checking for floor... yes
#23 16.72 checking for ceil... yes
#23 16.83 checking for fmod... yes
#23 16.94 checking for lrint... yes
#23 17.05 checking for lrintf... yes
#23 17.19 checking for octave... no
#23 17.19 checking for mkoctfile... no
#23 17.19 checking for octave-config... no
#23 17.19 checking for pkg-config... /usr/bin/pkg-config
#23 17.19 checking pkg-config is at least version 0.9.0... yes
#23 17.20 checking for flac >= 1.3.1 ... yes
#23 17.31 checking for ogg >= 1.3.0 ... yes
#23 17.42 checking for vorbis >= 1.2.3 ... yes
#23 17.54 checking for vorbisenc >= 1.2.3 ... yes
#23 17.66 checking for opus >= 1.1 ... yes
#23 17.78 checking lame/lame.h usability... yes
#23 17.83 checking lame/lame.h presence... yes
#23 17.87 checking for lame/lame.h... yes
#23 17.87 checking for library containing lame_set_VBR_q... -lmp3lame
#23 18.14 checking for libmpg123 >= 1.25.10 ... yes
#23 18.27 checking for sqlite3 >= 3.2 ... no
#23 18.38 checking processor clipping capabilities... none
#23 18.66 checking for ALSA... yes
#23 18.67 checking alsa/asoundlib.h usability... yes
#23 18.74 checking alsa/asoundlib.h presence... yes
#23 18.79 checking for alsa/asoundlib.h... yes
#23 18.80 checking whether C compiler accepts -Wall... yes
#23 18.85 checking whether C compiler accepts -Wextra... yes
#23 18.89 checking whether C compiler accepts -Wpointer-arith... yes
#23 18.94 checking whether C compiler accepts -Wcast-align... yes
#23 18.99 checking whether C compiler accepts -Wcast-qual... yes
#23 19.06 checking whether C compiler accepts -Wshadow... yes
#23 19.11 checking whether C compiler accepts -Wwrite-strings... yes
#23 19.16 checking whether C compiler accepts -Wundef... yes
#23 19.21 checking whether C compiler accepts -Wuninitialized... yes
#23 19.26 checking whether C compiler accepts -Winit-self... yes
#23 19.32 checking whether C compiler accepts -Wno-format-truncation... yes
#23 19.36 checking whether C compiler accepts -Wvla... yes
#23 19.41 checking whether C compiler accepts -Wbad-function-cast... yes
#23 19.46 checking whether C compiler accepts -Wnested-externs... yes
#23 19.51 checking whether C compiler accepts -Wstrict-prototypes... yes
#23 19.57 checking whether C compiler accepts -Wmissing-prototypes... yes
#23 19.62 checking whether C compiler accepts -Wmissing-declarations... yes
#23 19.66 checking whether C compiler accepts -Waggregate-return... yes
#23 19.71 checking whether C++ compiler accepts -Wall... yes
#23 19.75 checking whether C++ compiler accepts -Wextra... yes
#23 19.80 checking whether C++ compiler accepts -Wpointer-arith... yes
#23 19.85 checking whether C++ compiler accepts -Wcast-align... yes
#23 19.89 checking whether C++ compiler accepts -Wcast-qual... yes
#23 19.94 checking whether C++ compiler accepts -Wshadow... yes
#23 19.99 checking whether C++ compiler accepts -Wwrite-strings... yes
#23 20.03 checking whether C++ compiler accepts -Wundef... yes
#23 20.08 checking whether C++ compiler accepts -Wuninitialized... yes
#23 20.13 checking whether C++ compiler accepts -Winit-self... yes
#23 20.18 checking whether C++ compiler accepts -Wno-format-truncation... yes
#23 20.23 checking whether C++ compiler accepts -Wctor-dtor-privacy... yes
#23 20.28 checking whether C++ compiler accepts -Wnon-virtual-dtor... yes
#23 20.33 checking whether C++ compiler accepts -Woverloaded-virtual... yes
#23 20.38 checking whether C++ compiler accepts -Wreorder... yes
#23 20.43 checking whether C++ compiler accepts -Wsign-promo... yes
#23 20.48 checking whether C compiler accepts -Werror... no
#23 20.52 checking whether to add -D_FORTIFY_SOURCE=2 to CPPFLAGS... yes
#23 20.77 checking that generated files are newer than configure... done
#23 20.77 configure: creating ./config.status
#23 21.72 config.status: creating Makefile
#23 21.74 config.status: creating Octave/Makefile
#23 21.76 config.status: creating src/version-metadata.rc
#23 21.77 config.status: creating include/sndfile.h
#23 21.79 config.status: creating tests/test_wrapper.sh
#23 21.81 config.status: creating tests/pedantic-header-test.sh
#23 21.83 config.status: creating libsndfile.spec
#23 21.84 config.status: creating sndfile.pc
#23 21.86 config.status: creating Scripts/build-test-tarball.mk
#23 21.88 config.status: creating src/config.h
#23 21.89 config.status: executing depfiles commands
#23 22.25 config.status: executing libtool commands
#23 22.28 
#23 22.28 -=-=-=-=-=-=-=-=-=-= Configuration Complete =-=-=-=-=-=-=-=-=-=-=-
#23 22.28 
#23 22.28   Configuration summary :
#23 22.28 
#23 22.28     libsndfile version : .................. 1.1.0beta1
#23 22.28 
#23 22.28     Host CPU : ............................ x86_64
#23 22.28     Host Vendor : ......................... pc
#23 22.28     Host OS : ............................. linux-gnu
#23 22.28 
#23 22.28     CFLAGS : .............................. -include /magma/magma/src/canary.h -DMAGMA_ENABLE_CANARIES    -g -O0 -Wall -Wextra -Wpointer-arith -Wcast-align -Wcast-qual -Wshadow -Wwrite-strings -Wundef -Wuninitialized -Winit-self -Wno-format-truncation -Wvla -Wbad-function-cast -Wnested-externs -Wstrict-prototypes -Wmissing-prototypes -Wmissing-declarations -Waggregate-return 
#23 22.28     CXXFLAGS : ............................ -include /magma/magma/src/canary.h -DMAGMA_ENABLE_CANARIES    -g -O0 -stdlib=libc++ -Wall -Wextra -Wpointer-arith -Wcast-align -Wcast-qual -Wshadow -Wwrite-strings -Wundef -Wuninitialized -Winit-self -Wno-format-truncation -Wctor-dtor-privacy -Wnon-virtual-dtor -Woverloaded-virtual -Wreorder -Wsign-promo
#23 22.28     CPPFLAGS : ............................  -D_FORTIFY_SOURCE=2
#23 22.28     LDFLAGS : ............................. -L/magma_out -g -L/magma_out/afl
#23 22.28 
#23 22.28     Experimental code : ................... no
#23 22.28     Using ALSA in example programs : ...... auto
#23 22.28     External FLAC/Ogg/Vorbis/Opus : ....... yes
#23 22.28     External MPEG Lame/MPG123 : ........... yes
#23 22.28     Building Octave interface : ........... no
#23 22.28 
#23 22.28   Tools :
#23 22.28 
#23 22.28     C Compiler Vendor is : ................ clang (18.1.0)
#23 22.28     CXX Compiler Vendor is : .............. clang (18.1.0)
#23 22.28 
#23 22.28     Sanitizer enabled : ................... no
#23 22.28     Stack smash protection : .............. no
#23 22.28 
#23 22.28   Installation directories :
#23 22.28 
#23 22.28     Library directory : ................... /usr/local/lib
#23 22.28     Program directory : ................... /usr/local/bin
#23 22.28     Pkgconfig directory : ................. /usr/local/lib/pkgconfig
#23 22.28     HTML docs directory : ................. /usr/local/share/doc/libsndfile
#23 22.28 
#23 22.28 Compiling some other packages against libsndfile may require
#23 22.28 the addition of '/usr/local/lib/pkgconfig' to the
#23 22.28 PKG_CONFIG_PATH environment variable.
#23 22.28 
#23 22.37 make[1]: Entering directory '/magma/targets/libsndfile/repo'
#23 22.37 test -z "programs/*.wav octave-workspace" || rm -f programs/*.wav octave-workspace
#23 22.37 test -z "src/libsndfile.la" || rm -f src/libsndfile.la
#23 22.37 rm -rf .libs _libs
#23 22.37 test -z "src/libcommon.la src/GSM610/libgsm.la src/G72x/libg72x.la src/ALAC/libalac.la ossfuzz/libstandaloneengine.la" || rm -f src/libcommon.la src/GSM610/libgsm.la src/G72x/libg72x.la src/ALAC/libalac.la ossfuzz/libstandaloneengine.la
#23 22.37  rm -f programs/sndfile-info programs/sndfile-play programs/sndfile-convert programs/sndfile-cmp programs/sndfile-metadata-set programs/sndfile-metadata-get programs/sndfile-interleave programs/sndfile-deinterleave programs/sndfile-concat programs/sndfile-salvage
#23 22.37 rm -f *.o
#23 22.37  rm -f src/test_main src/G72x/g72x_test examples/make_sine examples/sfprocess examples/list_formats examples/generate examples/sndfilehandle examples/sndfile-to-text examples/sndfile-loopify tests/sfversion tests/floating_point_test tests/write_read_test tests/lossy_comp_test tests/error_test tests/ulaw_test tests/alaw_test tests/dwvw_test tests/peak_chunk_test tests/command_test tests/stdio_test tests/pcm_test tests/headerless_test tests/pipe_test tests/header_test tests/misc_test tests/raw_test tests/string_test tests/multi_file_test tests/chunk_test tests/scale_clip_test tests/win32_test tests/aiff_rw_test tests/virtual_io_test tests/locale_test tests/win32_ordinal_test tests/ogg_test tests/compression_size_test tests/checksum_test tests/external_libs_test tests/rdwr_test tests/format_check_test tests/cpp_test tests/channel_test tests/long_read_write_test tests/stdin_test tests/stdout_test tests/dither_test tests/fix_this tests/largefile_test tests/benchmark tests/ogg_opus_test tests/mpeg_test programs/sndfile-metadata-set programs/sndfile-metadata-get
#23 22.37 rm -f *.lo
#23 22.38  rm -f ossfuzz/sndfile_fuzzer
#23 22.38 rm -rf examples/.libs examples/_libs
#23 22.38 rm -f examples/*.o
#23 22.38 rm -rf ossfuzz/.libs ossfuzz/_libs
#23 22.38 rm -f ossfuzz/*.o
#23 22.38 rm -f src/so_locations
#23 22.38 rm -f ossfuzz/so_locations src/ALAC/so_locations src/G72x/so_locations src/GSM610/so_locations src/so_locations
#23 22.38 rm -rf programs/.libs programs/_libs
#23 22.38 rm -f ossfuzz/*.lo
#23 22.38 rm -f programs/*.o
#23 22.39 rm -rf regtest/.libs regtest/_libs
#23 22.39 rm -f regtest/*.o
#23 22.39 rm -rf src/.libs src/_libs
#23 22.39 rm -f src/*.o
#23 22.39 rm -rf src/ALAC/.libs src/ALAC/_libs
#23 22.39 rm -f src/*.lo
#23 22.39 rm -rf src/G72x/.libs src/G72x/_libs
#23 22.39 rm -f src/ALAC/*.o
#23 22.39 rm -rf src/GSM610/.libs src/GSM610/_libs
#23 22.39 rm -f src/ALAC/*.lo
#23 22.40 rm -rf tests/.libs tests/_libs
#23 22.40 rm -f src/G72x/*.o
#23 22.40 rm -f src/G72x/*.lo
#23 22.40 rm -f src/GSM610/*.o
#23 22.40 rm -f src/GSM610/*.lo
#23 22.40 rm -f tests/*.o
#23 22.41 make[1]: Leaving directory '/magma/targets/libsndfile/repo'
#23 22.44   CC       src/src_libcommon_la-common.lo
#23 22.44   CC       src/src_libcommon_la-pcm.lo
#23 22.44   CC       src/src_libcommon_la-alaw.lo
#23 22.44   CC       src/src_libcommon_la-command.lo
#23 22.44   CC       src/src_libcommon_la-ima_adpcm.lo
#23 22.44   CC       src/src_libcommon_la-file_io.lo
#23 22.44   CC       src/src_libcommon_la-ulaw.lo
#23 22.44   CC       src/src_libcommon_la-ms_adpcm.lo
#23 22.45   CC       src/src_libcommon_la-dwvw.lo
#23 22.45   CC       src/src_libcommon_la-gsm610.lo
#23 22.45   CC       src/src_libcommon_la-vox_adpcm.lo
#23 22.45   CC       src/src_libcommon_la-cart.lo
#23 22.45   CC       src/src_libcommon_la-dither.lo
#23 22.45   CC       src/src_libcommon_la-audio_detect.lo
#23 22.45   CC       src/src_libcommon_la-chunk.lo
#23 22.45   CC       src/src_libcommon_la-ima_oki_adpcm.lo
#23 22.45   CC       src/src_libcommon_la-strings.lo
#23 22.45   CC       src/src_libcommon_la-windows.lo
#23 22.45 /usr/bin/python ./src/create_symbols_file.py linux 1.0.32 > ./src/Symbols.gnu-binutils
#23 22.45 /usr/bin/python ./src/create_symbols_file.py darwin 1.0.32 > ./src/Symbols.darwin
#23 22.45 /usr/bin/python ./src/create_symbols_file.py win32 1.0.32 > ./src/libsndfile-1.def
#23 22.45   CC       src/src_libcommon_la-id3.lo
#23 22.45   CC       src/src_libcommon_la-mpeg_decode.lo
#23 22.45 /usr/bin/python ./src/create_symbols_file.py os2 1.0.32 > ./src/Symbols.os2
#23 22.45 /usr/bin/python ./src/create_symbols_file.py static 1.0.32 > ./src/Symbols.static
#23 22.45   CC       src/src_libcommon_la-mpeg_l3_encode.lo
#23 22.45   CC       src/src_libcommon_la-interleave.lo
#23 22.46   CXX      ossfuzz/ossfuzz_libstandaloneengine_la-standaloneengine.lo
#23 22.46   CC       src/src_libcommon_la-float32.lo
#23 22.46   CC       src/src_libcommon_la-nms_adpcm.lo
#23 22.46   CC       src/src_libcommon_la-alac.lo
#23 22.46   CC       src/src_libcommon_la-broadcast.lo
#23 22.47   CC       src/src_libcommon_la-chanmap.lo
#23 22.47   CC       src/src_libsndfile_la-aiff.lo
#23 22.47   CC       src/src_libsndfile_la-avr.lo
#23 22.47   CC       src/src_libsndfile_la-caf.lo
#23 22.47   CC       src/src_libsndfile_la-au.lo
#23 22.47   CC       src/src_libsndfile_la-flac.lo
#23 22.47   CC       src/src_libsndfile_la-g72x.lo
#23 22.47   CC       src/src_libsndfile_la-htk.lo
#23 22.47   CC       src/src_libsndfile_la-ircam.lo
#23 22.47   CC       src/src_libsndfile_la-mat4.lo
#23 22.47   CC       src/src_libsndfile_la-macos.lo
#23 22.47   CC       src/src_libsndfile_la-sndfile.lo
#23 22.47   CC       src/src_libsndfile_la-dwd.lo
#23 22.47   CC       src/src_libsndfile_la-paf.lo
#23 22.47   CC       src/src_libsndfile_la-nist.lo
#23 22.47   CC       src/src_libsndfile_la-sds.lo
#23 22.48   CC       src/src_libsndfile_la-xi.lo
#23 22.48   CC       src/src_libsndfile_la-mpc2k.lo
#23 22.48   CC       src/src_libsndfile_la-rf64.lo
#23 22.48   CC       src/src_libsndfile_la-sd2.lo
#23 22.48   CC       src/src_libsndfile_la-wav.lo
#23 22.48   CC       src/src_libsndfile_la-ogg_speex.lo
#23 22.48   CC       src/GSM610/code.lo
#23 22.48   CC       src/GSM610/gsm_decode.lo
#23 22.48   CC       src/src_libsndfile_la-wavlike.lo
#23 22.48   CC       src/GSM610/gsm_create.lo
#23 22.48   CC       src/GSM610/gsm_option.lo
#23 22.48   CC       src/GSM610/short_term.lo
#23 22.48   CC       src/G72x/g723_40.lo
#23 22.48   CC       src/ALAC/ALACBitUtilities.lo
#23 22.48   CC       src/G72x/g72x.lo
#23 22.48   CC       src/src_libsndfile_la-ogg_pcm.lo
#23 22.48   CC       src/GSM610/lpc.lo
#23 22.48   CC       src/ALAC/dp_enc.lo
#23 22.48   CC       src/ALAC/dp_dec.lo
#23 22.49   CC       src/ALAC/ag_enc.lo
#23 22.49   CC       src/src_libsndfile_la-rx2.lo
#23 22.49   CC       src/src_libsndfile_la-mpeg.lo
#23 22.49   CC       src/src_libsndfile_la-ogg_vcomment.lo
#23 22.49   CC       src/GSM610/gsm_encode.lo
#23 22.49   CC       src/G72x/g723_24.lo
#23 22.49   CC       src/GSM610/decode.lo
#23 22.49   CC       src/src_libsndfile_la-pvf.lo
#23 22.49   CC       src/src_libsndfile_la-svx.lo
#23 22.49   CC       src/ALAC/matrix_dec.lo
#23 22.49   CC       src/ALAC/alac_decoder.lo
#23 22.49   CC       src/src_libsndfile_la-w64.lo
#23 22.49   CC       src/src_libsndfile_la-ogg_vorbis.lo
#23 22.49   CC       src/GSM610/table.lo
#23 22.49   CC       src/G72x/g721.lo
#23 22.49   CC       src/ALAC/ag_dec.lo
#23 22.49   CC       src/GSM610/preprocess.lo
#23 22.50   CC       src/src_libsndfile_la-raw.lo
#23 22.50   CC       src/ALAC/alac_encoder.lo
#23 22.50   CC       src/src_libsndfile_la-mat5.lo
#23 22.51   CC       src/src_libcommon_la-double64.lo
#23 22.51   CC       src/src_libsndfile_la-wve.lo
#23 22.51   CC       src/ALAC/matrix_enc.lo
#23 22.52   CC       src/src_libsndfile_la-ogg.lo
#23 22.52   CC       src/GSM610/gsm_destroy.lo
#23 22.52   CC       src/GSM610/long_term.lo
#23 22.52   CXX      ossfuzz/ossfuzz_sndfile_fuzzer-sndfile_fuzzer.o
#23 22.53   CC       src/G72x/g723_16.lo
#23 22.53   CC       src/GSM610/add.lo
#23 22.53   CC       src/GSM610/rpe.lo
#23 22.55   CC       src/src_libsndfile_la-txw.lo
#23 22.56   CC       src/src_libsndfile_la-ogg_opus.lo
#23 22.57   CC       src/src_libsndfile_la-voc.lo
#23 22.70 
#23 22.70 === AFL++ LLVM_MODE Instrumentation Statistics ===
#23 22.70 Total Basic Blocks: 0
#23 22.70 Instrumented Times: 0
#23 22.70 Instrumented Basic Blocks: 0
#23 22.70 Instrumentation Ratio: 0.00%
#23 22.70 Total Predecessors: 0
#23 22.70 Predecessor Count Distribution for Instrumented Basic Blocks:
#23 22.70   Instrumented BasicBlocks with 1 predecessor(s): 0
#23 22.70   Instrumented BasicBlocks with 2 predecessor(s): 0
#23 22.70   Instrumented BasicBlocks with 3 predecessor(s): 0
#23 22.70   Instrumented BasicBlocks with 4 predecessor(s): 0
#23 22.70   Instrumented BasicBlocks with 5 predecessor(s): 0
#23 22.70   Instrumented BasicBlocks with 6 predecessor(s): 0
#23 22.70   Instrumented BasicBlocks with 7 predecessor(s): 0
#23 22.70   Instrumented BasicBlocks with 8 predecessor(s): 0
#23 22.70   Instrumented BasicBlocks with 9 predecessor(s): 0
#23 22.70   Instrumented BasicBlocks with >=10 predecessors: 0
#23 22.70 Predecessor Count Distribution for Non-Instrumented Basic Blocks:
#23 22.70   Non-Instrumented BasicBlocks with 1 predecessor(s): 0
#23 22.70   Non-Instrumented BasicBlocks with 2 predecessor(s): 0
#23 22.70   Non-Instrumented BasicBlocks with 3 predecessor(s): 0
#23 22.70   Non-Instrumented BasicBlocks with 4 predecessor(s): 0
#23 22.70   Non-Instrumented BasicBlocks with 5 predecessor(s): 0
#23 22.70   Non-Instrumented BasicBlocks with 6 predecessor(s): 0
#23 22.70   Non-Instrumented BasicBlocks with 7 predecessor(s): 0
#23 22.70   Non-Instrumented BasicBlocks with 8 predecessor(s): 0
#23 22.70   Non-Instrumented BasicBlocks with 9 predecessor(s): 0
#23 22.70   Non-Instrumented BasicBlocks with >=10 predecessors: 0
#23 22.70 =======================================
#23 22.70 
#23 22.71 
#23 22.71 === AFL++ LLVM_MODE Instrumentation Statistics ===
#23 22.71 Total Basic Blocks: 0
#23 22.71 Instrumented Times: 0
#23 22.71 Instrumented Basic Blocks: 0
#23 22.71 Instrumentation Ratio: 0.00%
#23 22.71 Total Predecessors: 0
#23 22.71 Predecessor Count Distribution for Instrumented Basic Blocks:
#23 22.71   Instrumented BasicBlocks with 1 predecessor(s): 0
#23 22.71   Instrumented BasicBlocks with 2 predecessor(s): 0
#23 22.71   Instrumented BasicBlocks with 3 predecessor(s): 0
#23 22.71   Instrumented BasicBlocks with 4 predecessor(s): 0
#23 22.71   Instrumented BasicBlocks with 5 predecessor(s): 0
#23 22.71   Instrumented BasicBlocks with 6 predecessor(s): 0
#23 22.71   Instrumented BasicBlocks with 7 predecessor(s): 0
#23 22.71   Instrumented BasicBlocks with 8 predecessor(s): 0
#23 22.71   Instrumented BasicBlocks with 9 predecessor(s): 0
#23 22.71   Instrumented BasicBlocks with >=10 predecessors: 0
#23 22.71 Predecessor Count Distribution for Non-Instrumented Basic Blocks:
#23 22.71   Non-Instrumented BasicBlocks with 1 predecessor(s): 0
#23 22.71   Non-Instrumented BasicBlocks with 2 predecessor(s): 0
#23 22.71   Non-Instrumented BasicBlocks with 3 predecessor(s): 0
#23 22.71   Non-Instrumented BasicBlocks with 4 predecessor(s): 0
#23 22.71   Non-Instrumented BasicBlocks with 5 predecessor(s): 0
#23 22.71   Non-Instrumented BasicBlocks with 6 predecessor(s): 0
#23 22.71   Non-Instrumented BasicBlocks with 7 predecessor(s): 0
#23 22.71   Non-Instrumented BasicBlocks with 8 predecessor(s): 0
#23 22.71   Non-Instrumented BasicBlocks with 9 predecessor(s): 0
#23 22.71   Non-Instrumented BasicBlocks with >=10 predecessors: 0
#23 22.71 =======================================
#23 22.71 
#23 22.75 
#23 22.75 === AFL++ LLVM_MODE Instrumentation Statistics ===
#23 22.75 Total Basic Blocks: 14
#23 22.75 Instrumented Times: 0
#23 22.75 Instrumented Basic Blocks: 1
#23 22.75 Instrumentation Ratio: 7.14%
#23 22.75 Total Predecessors: 2
#23 22.75 Predecessor Count Distribution for Instrumented Basic Blocks:
#23 22.75   Instrumented BasicBlocks with 1 predecessor(s): 0
#23 22.75   Instrumented BasicBlocks with 2 predecessor(s): 1
#23 22.75   Instrumented BasicBlocks with 3 predecessor(s): 0
#23 22.75   Instrumented BasicBlocks with 4 predecessor(s): 0
#23 22.75   Instrumented BasicBlocks with 5 predecessor(s): 0
#23 22.75   Instrumented BasicBlocks with 6 predecessor(s): 0
#23 22.75   Instrumented BasicBlocks with 7 predecessor(s): 0
#23 22.75   Instrumented BasicBlocks with 8 predecessor(s): 0
#23 22.75   Instrumented BasicBlocks with 9 predecessor(s): 0
#23 22.75   Instrumented BasicBlocks with >=10 predecessors: 0
#23 22.75 Predecessor Count Distribution for Non-Instrumented Basic Blocks:
#23 22.75   Non-Instrumented BasicBlocks with 1 predecessor(s): 9
#23 22.75   Non-Instrumented BasicBlocks with 2 predecessor(s): 3
#23 22.75   Non-Instrumented BasicBlocks with 3 predecessor(s): 0
#23 22.75   Non-Instrumented BasicBlocks with 4 predecessor(s): 0
#23 22.75   Non-Instrumented BasicBlocks with 5 predecessor(s): 0
#23 22.75   Non-Instrumented BasicBlocks with 6 predecessor(s): 0
#23 22.75   Non-Instrumented BasicBlocks with 7 predecessor(s): 0
#23 22.75   Non-Instrumented BasicBlocks with 8 predecessor(s): 0
#23 22.75   Non-Instrumented BasicBlocks with 9 predecessor(s): 0
#23 22.75   Non-Instrumented BasicBlocks with >=10 predecessors: 0
#23 22.75 =======================================
#23 22.75 
#23 22.82 
#23 22.82 === AFL++ LLVM_MODE Instrumentation Statistics ===
#23 22.82 Total Basic Blocks: 112
#23 22.82 Instrumented Times: 0
#23 22.82 Instrumented Basic Blocks: 14
#23 22.82 Instrumentation Ratio: 12.50%
#23 22.82 Total Predecessors: 49
#23 22.82 Predecessor Count Distribution for Instrumented Basic Blocks:
#23 22.82   Instrumented BasicBlocks with 1 predecessor(s): 0
#23 22.82   Instrumented BasicBlocks with 2 predecessor(s): 10
#23 22.82   Instrumented BasicBlocks with 3 predecessor(s): 1
#23 22.82   Instrumented BasicBlocks with 4 predecessor(s): 1
#23 22.82   Instrumented BasicBlocks with 5 predecessor(s): 0
#23 22.82   Instrumented BasicBlocks with 6 predecessor(s): 0
#23 22.82   Instrumented BasicBlocks with 7 predecessor(s): 1
#23 22.82   Instrumented BasicBlocks with 8 predecessor(s): 0
#23 22.82   Instrumented BasicBlocks with 9 predecessor(s): 0
#23 22.82   Instrumented BasicBlocks with >=10 predecessors: 1
#23 22.82 Predecessor Count Distribution for Non-Instrumented Basic Blocks:
#23 22.82   Non-Instrumented BasicBlocks with 1 predecessor(s): 83
#23 22.82   Non-Instrumented BasicBlocks with 2 predecessor(s): 7
#23 22.82   Non-Instrumented BasicBlocks with 3 predecessor(s): 0
#23 22.82   Non-Instrumented BasicBlocks with 4 predecessor(s): 0
#23 22.82   Non-Instrumented BasicBlocks with 5 predecessor(s): 0
#23 22.82   Non-Instrumented BasicBlocks with 6 predecessor(s): 0
#23 22.82   Non-Instrumented BasicBlocks with 7 predecessor(s): 0
#23 22.82   Non-Instrumented BasicBlocks with 8 predecessor(s): 0
#23 22.82   Non-Instrumented BasicBlocks with 9 predecessor(s): 0
#23 22.82   Non-Instrumented BasicBlocks with >=10 predecessors: 0
#23 22.82 =======================================
#23 22.82 
#23 22.84 
#23 22.84 === AFL++ LLVM_MODE Instrumentation Statistics ===
#23 22.84 Total Basic Blocks: 221
#23 22.84 Instrumented Times: 0
#23 22.84 Instrumented Basic Blocks: 28
#23 22.84 Instrumentation Ratio: 12.67%
#23 22.84 Total Predecessors: 61
#23 22.84 Predecessor Count Distribution for Instrumented Basic Blocks:
#23 22.84   Instrumented BasicBlocks with 1 predecessor(s): 0
#23 22.84   Instrumented BasicBlocks with 2 predecessor(s): 25
#23 22.84   Instrumented BasicBlocks with 3 predecessor(s): 1
#23 22.84   Instrumented BasicBlocks with 4 predecessor(s): 2
#23 22.84   Instrumented BasicBlocks with 5 predecessor(s): 0
#23 22.84   Instrumented BasicBlocks with 6 predecessor(s): 0
#23 22.84   Instrumented BasicBlocks with 7 predecessor(s): 0
#23 22.84   Instrumented BasicBlocks with 8 predecessor(s): 0
#23 22.84   Instrumented BasicBlocks with 9 predecessor(s): 0
#23 22.84   Instrumented BasicBlocks with >=10 predecessors: 0
#23 22.84 Predecessor Count Distribution for Non-Instrumented Basic Blocks:
#23 22.84   Non-Instrumented BasicBlocks with 1 predecessor(s): 133
#23 22.84   Non-Instrumented BasicBlocks with 2 predecessor(s): 32
#23 22.84   Non-Instrumented BasicBlocks with 3 predecessor(s): 2
#23 22.84   Non-Instrumented BasicBlocks with 4 predecessor(s): 0
#23 22.84   Non-Instrumented BasicBlocks with 5 predecessor(s): 0
#23 22.84   Non-Instrumented BasicBlocks with 6 predecessor(s): 0
#23 22.84   Non-Instrumented BasicBlocks with 7 predecessor(s): 0
#23 22.84   Non-Instrumented BasicBlocks with 8 predecessor(s): 0
#23 22.84   Non-Instrumented BasicBlocks with 9 predecessor(s): 0
#23 22.84   Non-Instrumented BasicBlocks with >=10 predecessors: 0
#23 22.84 =======================================
#23 22.84 
#23 22.85 
#23 22.85 === AFL++ LLVM_MODE Instrumentation Statistics ===
#23 22.85 Total Basic Blocks: 122
#23 22.85 Instrumented Times: 0
#23 22.85 Instrumented Basic Blocks: 14
#23 22.85 Instrumentation Ratio: 11.48%
#23 22.85 Total Predecessors: 49
#23 22.85 Predecessor Count Distribution for Instrumented Basic Blocks:
#23 22.85   Instrumented BasicBlocks with 1 predecessor(s): 0
#23 22.85   Instrumented BasicBlocks with 2 predecessor(s): 10
#23 22.85   Instrumented BasicBlocks with 3 predecessor(s): 1
#23 22.85   Instrumented BasicBlocks with 4 predecessor(s): 1
#23 22.85   Instrumented BasicBlocks with 5 predecessor(s): 0
#23 22.85   Instrumented BasicBlocks with 6 predecessor(s): 0
#23 22.85   Instrumented BasicBlocks with 7 predecessor(s): 1
#23 22.85   Instrumented BasicBlocks with 8 predecessor(s): 0
#23 22.85   Instrumented BasicBlocks with 9 predecessor(s): 0
#23 22.85   Instrumented BasicBlocks with >=10 predecessors: 1
#23 22.85 Predecessor Count Distribution for Non-Instrumented Basic Blocks:
#23 22.85   Non-Instrumented BasicBlocks with 1 predecessor(s): 89
#23 22.85   Non-Instrumented BasicBlocks with 2 predecessor(s): 9
#23 22.85   Non-Instrumented BasicBlocks with 3 predecessor(s): 0
#23 22.85   Non-Instrumented BasicBlocks with 4 predecessor(s): 0
#23 22.85   Non-Instrumented BasicBlocks with 5 predecessor(s): 0
#23 22.85   Non-Instrumented BasicBlocks with 6 predecessor(s): 0
#23 22.85   Non-Instrumented BasicBlocks with 7 predecessor(s): 0
#23 22.85   Non-Instrumented BasicBlocks with 8 predecessor(s): 0
#23 22.85   Non-Instrumented BasicBlocks with 9 predecessor(s): 0
#23 22.85   Non-Instrumented BasicBlocks with >=10 predecessors: 0
#23 22.85 =======================================
#23 22.85 
#23 22.86 
#23 22.86 === AFL++ LLVM_MODE Instrumentation Statistics ===
#23 22.86 Total Basic Blocks: 49
#23 22.86 Instrumented Times: 0
#23 22.86 Instrumented Basic Blocks: 6
#23 22.86 Instrumentation Ratio: 12.24%
#23 22.86 Total Predecessors: 16
#23 22.86 Predecessor Count Distribution for Instrumented Basic Blocks:
#23 22.86   Instrumented BasicBlocks with 1 predecessor(s): 0
#23 22.86   Instrumented BasicBlocks with 2 predecessor(s): 3
#23 22.86   Instrumented BasicBlocks with 3 predecessor(s): 2
#23 22.86   Instrumented BasicBlocks with 4 predecessor(s): 1
#23 22.86   Instrumented BasicBlocks with 5 predecessor(s): 0
#23 22.86   Instrumented BasicBlocks with 6 predecessor(s): 0
#23 22.86   Instrumented BasicBlocks with 7 predecessor(s): 0
#23 22.86   Instrumented BasicBlocks with 8 predecessor(s): 0
#23 22.86   Instrumented BasicBlocks with 9 predecessor(s): 0
#23 22.86   Instrumented BasicBlocks with >=10 predecessors: 0
#23 22.86 Predecessor Count Distribution for Non-Instrumented Basic Blocks:
#23 22.86   Non-Instrumented BasicBlocks with 1 predecessor(s): 23
#23 22.86   Non-Instrumented BasicBlocks with 2 predecessor(s): 3
#23 22.86   Non-Instrumented BasicBlocks with 3 predecessor(s): 0
#23 22.86   Non-Instrumented BasicBlocks with 4 predecessor(s): 0
#23 22.86   Non-Instrumented BasicBlocks with 5 predecessor(s): 0
#23 22.86   Non-Instrumented BasicBlocks with 6 predecessor(s): 0
#23 22.86   Non-Instrumented BasicBlocks with 7 predecessor(s): 0
#23 22.86   Non-Instrumented BasicBlocks with 8 predecessor(s): 0
#23 22.86   Non-Instrumented BasicBlocks with 9 predecessor(s): 0
#23 22.86   Non-Instrumented BasicBlocks with >=10 predecessors: 0
#23 22.86 =======================================
#23 22.86 
#23 22.86 
#23 22.86 === AFL++ LLVM_MODE Instrumentation Statistics ===
#23 22.86 Total Basic Blocks: 4
#23 22.86 Instrumented Times: 0
#23 22.86 Instrumented Basic Blocks: 0
#23 22.86 Instrumentation Ratio: 0.00%
#23 22.86 Total Predecessors: 0
#23 22.86 Predecessor Count Distribution for Instrumented Basic Blocks:
#23 22.86   Instrumented BasicBlocks with 1 predecessor(s): 0
#23 22.86   Instrumented BasicBlocks with 2 predecessor(s): 0
#23 22.86   Instrumented BasicBlocks with 3 predecessor(s): 0
#23 22.86   Instrumented BasicBlocks with 4 predecessor(s): 0
#23 22.86   Instrumented BasicBlocks with 5 predecessor(s): 0
#23 22.86   Instrumented BasicBlocks with 6 predecessor(s): 0
#23 22.86   Instrumented BasicBlocks with 7 predecessor(s): 0
#23 22.86   Instrumented BasicBlocks with 8 predecessor(s): 0
#23 22.86   Instrumented BasicBlocks with 9 predecessor(s): 0
#23 22.86   Instrumented BasicBlocks with >=10 predecessors: 0
#23 22.86 Predecessor Count Distribution for Non-Instrumented Basic Blocks:
#23 22.86   Non-Instrumented BasicBlocks with 1 predecessor(s): 1
#23 22.86   Non-Instrumented BasicBlocks with 2 predecessor(s): 1
#23 22.86   Non-Instrumented BasicBlocks with 3 predecessor(s): 0
#23 22.86   Non-Instrumented BasicBlocks with 4 predecessor(s): 0
#23 22.86   Non-Instrumented BasicBlocks with 5 predecessor(s): 0
#23 22.86   Non-Instrumented BasicBlocks with 6 predecessor(s): 0
#23 22.86   Non-Instrumented BasicBlocks with 7 predecessor(s): 0
#23 22.86   Non-Instrumented BasicBlocks with 8 predecessor(s): 0
#23 22.86   Non-Instrumented BasicBlocks with 9 predecessor(s): 0
#23 22.86   Non-Instrumented BasicBlocks with >=10 predecessors: 0
#23 22.86 =======================================
#23 22.86 
#23 22.86 
#23 22.86 === AFL++ LLVM_MODE Instrumentation Statistics ===
#23 22.86 Total Basic Blocks: 8
#23 22.86 Instrumented Times: 0
#23 22.86 Instrumented Basic Blocks: 0
#23 22.86 Instrumentation Ratio: 0.00%
#23 22.86 Total Predecessors: 0
#23 22.86 Predecessor Count Distribution for Instrumented Basic Blocks:
#23 22.86   Instrumented BasicBlocks with 1 predecessor(s): 0
#23 22.86   Instrumented BasicBlocks with 2 predecessor(s): 0
#23 22.86   Instrumented BasicBlocks with 3 predecessor(s): 0
#23 22.86   Instrumented BasicBlocks with 4 predecessor(s): 0
#23 22.86   Instrumented BasicBlocks with 5 predecessor(s): 0
#23 22.86   Instrumented BasicBlocks with 6 predecessor(s): 0
#23 22.86   Instrumented BasicBlocks with 7 predecessor(s): 0
#23 22.86   Instrumented BasicBlocks with 8 predecessor(s): 0
#23 22.86   Instrumented BasicBlocks with 9 predecessor(s): 0
#23 22.86   Instrumented BasicBlocks with >=10 predecessors: 0
#23 22.86 Predecessor Count Distribution for Non-Instrumented Basic Blocks:
#23 22.86   Non-Instrumented BasicBlocks with 1 predecessor(s): 4
#23 22.86   Non-Instrumented BasicBlocks with 2 predecessor(s): 2
#23 22.86   Non-Instrumented BasicBlocks with 3 predecessor(s): 0
#23 22.86   Non-Instrumented BasicBlocks with 4 predecessor(s): 0
#23 22.86   Non-Instrumented BasicBlocks with 5 predecessor(s): 0
#23 22.86   Non-Instrumented BasicBlocks with 6 predecessor(s): 0
#23 22.86   Non-Instrumented BasicBlocks with 7 predecessor(s): 0
#23 22.86   Non-Instrumented BasicBlocks with 8 predecessor(s): 0
#23 22.86   Non-Instrumented BasicBlocks with 9 predecessor(s): 0
#23 22.86   Non-Instrumented BasicBlocks with >=10 predecessors: 0
#23 22.86 =======================================
#23 22.86 
#23 22.89 
#23 22.89 === AFL++ LLVM_MODE Instrumentation Statistics ===
#23 22.89 Total Basic Blocks: 15
#23 22.89 Instrumented Times: 0
#23 22.89 Instrumented Basic Blocks: 2
#23 22.89 Instrumentation Ratio: 13.33%
#23 22.89 Total Predecessors: 5
#23 22.89 Predecessor Count Distribution for Instrumented Basic Blocks:
#23 22.89   Instrumented BasicBlocks with 1 predecessor(s): 0
#23 22.89   Instrumented BasicBlocks with 2 predecessor(s): 1
#23 22.89   Instrumented BasicBlocks with 3 predecessor(s): 1
#23 22.89   Instrumented BasicBlocks with 4 predecessor(s): 0
#23 22.89   Instrumented BasicBlocks with 5 predecessor(s): 0
#23 22.89   Instrumented BasicBlocks with 6 predecessor(s): 0
#23 22.89   Instrumented BasicBlocks with 7 predecessor(s): 0
#23 22.89   Instrumented BasicBlocks with 8 predecessor(s): 0
#23 22.89   Instrumented BasicBlocks with 9 predecessor(s): 0
#23 22.89   Instrumented BasicBlocks with >=10 predecessors: 0
#23 22.89 Predecessor Count Distribution for Non-Instrumented Basic Blocks:
#23 22.89   Non-Instrumented BasicBlocks with 1 predecessor(s): 10
#23 22.89   Non-Instrumented BasicBlocks with 2 predecessor(s): 1
#23 22.89   Non-Instrumented BasicBlocks with 3 predecessor(s): 0
#23 22.89   Non-Instrumented BasicBlocks with 4 predecessor(s): 0
#23 22.89   Non-Instrumented BasicBlocks with 5 predecessor(s): 0
#23 22.89   Non-Instrumented BasicBlocks with 6 predecessor(s): 0
#23 22.89   Non-Instrumented BasicBlocks with 7 predecessor(s): 0
#23 22.89   Non-Instrumented BasicBlocks with 8 predecessor(s): 0
#23 22.89   Non-Instrumented BasicBlocks with 9 predecessor(s): 0
#23 22.89   Non-Instrumented BasicBlocks with >=10 predecessors: 0
#23 22.89 =======================================
#23 22.89 
#23 22.89 
#23 22.89 === AFL++ LLVM_MODE Instrumentation Statistics ===
#23 22.89 Total Basic Blocks: 69
#23 22.89 Instrumented Times: 0
#23 22.89 Instrumented Basic Blocks: 12
#23 22.89 Instrumentation Ratio: 17.39%
#23 22.89 Total Predecessors: 25
#23 22.89 Predecessor Count Distribution for Instrumented Basic Blocks:
#23 22.89   Instrumented BasicBlocks with 1 predecessor(s): 0
#23 22.89   Instrumented BasicBlocks with 2 predecessor(s): 11
#23 22.89   Instrumented BasicBlocks with 3 predecessor(s): 1
#23 22.89   Instrumented BasicBlocks with 4 predecessor(s): 0
#23 22.89   Instrumented BasicBlocks with 5 predecessor(s): 0
#23 22.89   Instrumented BasicBlocks with 6 predecessor(s): 0
#23 22.89   Instrumented BasicBlocks with 7 predecessor(s): 0
#23 22.89   Instrumented BasicBlocks with 8 predecessor(s): 0
#23 22.89   Instrumented BasicBlocks with 9 predecessor(s): 0
#23 22.89   Instrumented BasicBlocks with >=10 predecessors: 0
#23 22.89 Predecessor Count Distribution for Non-Instrumented Basic Blocks:
#23 22.89   Non-Instrumented BasicBlocks with 1 predecessor(s): 31
#23 22.89   Non-Instrumented BasicBlocks with 2 predecessor(s): 8
#23 22.89   Non-Instrumented BasicBlocks with 3 predecessor(s): 0
#23 22.89   Non-Instrumented BasicBlocks with 4 predecessor(s): 0
#23 22.89   Non-Instrumented BasicBlocks with 5 predecessor(s): 0
#23 22.89   Non-Instrumented BasicBlocks with 6 predecessor(s): 0
#23 22.89   Non-Instrumented BasicBlocks with 7 predecessor(s): 0
#23 22.89   Non-Instrumented BasicBlocks with 8 predecessor(s): 0
#23 22.89   Non-Instrumented BasicBlocks with 9 predecessor(s): 0
#23 22.89   Non-Instrumented BasicBlocks with >=10 predecessors: 0
#23 22.89 =======================================
#23 22.89 
#23 22.90 
#23 22.90 === AFL++ LLVM_MODE Instrumentation Statistics ===
#23 22.90 Total Basic Blocks: 46
#23 22.90 Instrumented Times: 0
#23 22.90 Instrumented Basic Blocks: 4
#23 22.90 Instrumentation Ratio: 8.70%
#23 22.90 Total Predecessors: 9
#23 22.90 Predecessor Count Distribution for Instrumented Basic Blocks:
#23 22.90   Instrumented BasicBlocks with 1 predecessor(s): 0
#23 22.90   Instrumented BasicBlocks with 2 predecessor(s): 3
#23 22.90   Instrumented BasicBlocks with 3 predecessor(s): 1
#23 22.90   Instrumented BasicBlocks with 4 predecessor(s): 0
#23 22.90   Instrumented BasicBlocks with 5 predecessor(s): 0
#23 22.90   Instrumented BasicBlocks with 6 predecessor(s): 0
#23 22.90   Instrumented BasicBlocks with 7 predecessor(s): 0
#23 22.90   Instrumented BasicBlocks with 8 predecessor(s): 0
#23 22.90   Instrumented BasicBlocks with 9 predecessor(s): 0
#23 22.90   Instrumented BasicBlocks with >=10 predecessors: 0
#23 22.90 Predecessor Count Distribution for Non-Instrumented Basic Blocks:
#23 22.90   Non-Instrumented BasicBlocks with 1 predecessor(s): 27
#23 22.90   Non-Instrumented BasicBlocks with 2 predecessor(s): 4
#23 22.90   Non-Instrumented BasicBlocks with 3 predecessor(s): 1
#23 22.90   Non-Instrumented BasicBlocks with 4 predecessor(s): 0
#23 22.90   Non-Instrumented BasicBlocks with 5 predecessor(s): 0
#23 22.90   Non-Instrumented BasicBlocks with 6 predecessor(s): 0
#23 22.90   Non-Instrumented BasicBlocks with 7 predecessor(s): 0
#23 22.90   Non-Instrumented BasicBlocks with 8 predecessor(s): 0
#23 22.90   Non-Instrumented BasicBlocks with 9 predecessor(s): 0
#23 22.90   Non-Instrumented BasicBlocks with >=10 predecessors: 0
#23 22.90 =======================================
#23 22.90 
#23 22.91   CXXLD    ossfuzz/libstandaloneengine.la
#23 22.96 
#23 22.96 === AFL++ LLVM_MODE Instrumentation Statistics ===
#23 22.96 Total Basic Blocks: 240
#23 22.96 Instrumented Times: 0
#23 22.96 Instrumented Basic Blocks: 42
#23 22.96 Instrumentation Ratio: 17.50%
#23 22.96 Total Predecessors: 91
#23 22.96 Predecessor Count Distribution for Instrumented Basic Blocks:
#23 22.96   Instrumented BasicBlocks with 1 predecessor(s): 0
#23 22.96   Instrumented BasicBlocks with 2 predecessor(s): 37
#23 22.96   Instrumented BasicBlocks with 3 predecessor(s): 4
#23 22.96   Instrumented BasicBlocks with 4 predecessor(s): 0
#23 22.96   Instrumented BasicBlocks with 5 predecessor(s): 1
#23 22.96   Instrumented BasicBlocks with 6 predecessor(s): 0
#23 22.96   Instrumented BasicBlocks with 7 predecessor(s): 0
#23 22.96   Instrumented BasicBlocks with 8 predecessor(s): 0
#23 22.96   Instrumented BasicBlocks with 9 predecessor(s): 0
#23 22.96   Instrumented BasicBlocks with >=10 predecessors: 0
#23 22.96 Predecessor Count Distribution for Non-Instrumented Basic Blocks:
#23 22.96   Non-Instrumented BasicBlocks with 1 predecessor(s): 143
#23 22.96   Non-Instrumented BasicBlocks with 2 predecessor(s): 13
#23 22.96   Non-Instrumented BasicBlocks with 3 predecessor(s): 0
#23 22.96   Non-Instrumented BasicBlocks with 4 predecessor(s): 0
#23 22.96   Non-Instrumented BasicBlocks with 5 predecessor(s): 0
#23 22.96   Non-Instrumented BasicBlocks with 6 predecessor(s): 0
#23 22.96   Non-Instrumented BasicBlocks with 7 predecessor(s): 0
#23 22.96   Non-Instrumented BasicBlocks with 8 predecessor(s): 0
#23 22.96   Non-Instrumented BasicBlocks with 9 predecessor(s): 0
#23 22.96   Non-Instrumented BasicBlocks with >=10 predecessors: 0
#23 22.96 =======================================
#23 22.96 
#23 22.97 
#23 22.97 === AFL++ LLVM_MODE Instrumentation Statistics ===
#23 22.97 Total Basic Blocks: 221
#23 22.97 Instrumented Times: 0
#23 22.97 Instrumented Basic Blocks: 42
#23 22.97 Instrumentation Ratio: 19.00%
#23 22.97 Total Predecessors: 115
#23 22.97 Predecessor Count Distribution for Instrumented Basic Blocks:
#23 22.97   Instrumented BasicBlocks with 1 predecessor(s): 0
#23 22.97   Instrumented BasicBlocks with 2 predecessor(s): 32
#23 22.97   Instrumented BasicBlocks with 3 predecessor(s): 2
#23 22.97   Instrumented BasicBlocks with 4 predecessor(s): 1
#23 22.97   Instrumented BasicBlocks with 5 predecessor(s): 5
#23 22.97   Instrumented BasicBlocks with 6 predecessor(s): 1
#23 22.97   Instrumented BasicBlocks with 7 predecessor(s): 0
#23 22.97   Instrumented BasicBlocks with 8 predecessor(s): 0
#23 22.97   Instrumented BasicBlocks with 9 predecessor(s): 0
#23 22.97   Instrumented BasicBlocks with >=10 predecessors: 1
#23 22.97 Predecessor Count Distribution for Non-Instrumented Basic Blocks:
#23 22.97   Non-Instrumented BasicBlocks with 1 predecessor(s): 130
#23 22.97   Non-Instrumented BasicBlocks with 2 predecessor(s): 9
#23 22.97   Non-Instrumented BasicBlocks with 3 predecessor(s): 0
#23 22.97   Non-Instrumented BasicBlocks with 4 predecessor(s): 0
#23 22.97   Non-Instrumented BasicBlocks with 5 predecessor(s): 0
#23 22.97   Non-Instrumented BasicBlocks with 6 predecessor(s): 0
#23 22.97   Non-Instrumented BasicBlocks with 7 predecessor(s): 0
#23 22.97   Non-Instrumented BasicBlocks with 8 predecessor(s): 0
#23 22.97   Non-Instrumented BasicBlocks with 9 predecessor(s): 0
#23 22.97   Non-Instrumented BasicBlocks with >=10 predecessors: 0
#23 22.97 =======================================
#23 22.97 
#23 23.01 
#23 23.01 === AFL++ LLVM_MODE Instrumentation Statistics ===
#23 23.01 Total Basic Blocks: 61
#23 23.01 Instrumented Times: 0
#23 23.01 Instrumented Basic Blocks: 10
#23 23.01 Instrumentation Ratio: 16.39%
#23 23.01 Total Predecessors: 25
#23 23.01 Predecessor Count Distribution for Instrumented Basic Blocks:
#23 23.01   Instrumented BasicBlocks with 1 predecessor(s): 0
#23 23.01   Instrumented BasicBlocks with 2 predecessor(s): 7
#23 23.01   Instrumented BasicBlocks with 3 predecessor(s): 2
#23 23.01   Instrumented BasicBlocks with 4 predecessor(s): 0
#23 23.01   Instrumented BasicBlocks with 5 predecessor(s): 1
#23 23.01   Instrumented BasicBlocks with 6 predecessor(s): 0
#23 23.01   Instrumented BasicBlocks with 7 predecessor(s): 0
#23 23.01   Instrumented BasicBlocks with 8 predecessor(s): 0
#23 23.01   Instrumented BasicBlocks with 9 predecessor(s): 0
#23 23.01   Instrumented BasicBlocks with >=10 predecessors: 0
#23 23.01 Predecessor Count Distribution for Non-Instrumented Basic Blocks:
#23 23.01   Non-Instrumented BasicBlocks with 1 predecessor(s): 28
#23 23.01   Non-Instrumented BasicBlocks with 2 predecessor(s): 4
#23 23.01   Non-Instrumented BasicBlocks with 3 predecessor(s): 1
#23 23.01   Non-Instrumented BasicBlocks with 4 predecessor(s): 0
#23 23.01   Non-Instrumented BasicBlocks with 5 predecessor(s): 0
#23 23.01   Non-Instrumented BasicBlocks with 6 predecessor(s): 0
#23 23.01   Non-Instrumented BasicBlocks with 7 predecessor(s): 0
#23 23.01   Non-Instrumented BasicBlocks with 8 predecessor(s): 0
#23 23.01   Non-Instrumented BasicBlocks with 9 predecessor(s): 0
#23 23.01   Non-Instrumented BasicBlocks with >=10 predecessors: 0
#23 23.01 =======================================
#23 23.01 
#23 23.01 
#23 23.01 === AFL++ LLVM_MODE Instrumentation Statistics ===
#23 23.01 Total Basic Blocks: 160
#23 23.01 Instrumented Times: 0
#23 23.01 Instrumented Basic Blocks: 23
#23 23.01 Instrumentation Ratio: 14.38%
#23 23.01 Total Predecessors: 46
#23 23.01 Predecessor Count Distribution for Instrumented Basic Blocks:
#23 23.01   Instrumented BasicBlocks with 1 predecessor(s): 0
#23 23.01   Instrumented BasicBlocks with 2 predecessor(s): 23
#23 23.01   Instrumented BasicBlocks with 3 predecessor(s): 0
#23 23.01   Instrumented BasicBlocks with 4 predecessor(s): 0
#23 23.01   Instrumented BasicBlocks with 5 predecessor(s): 0
#23 23.01   Instrumented BasicBlocks with 6 predecessor(s): 0
#23 23.01   Instrumented BasicBlocks with 7 predecessor(s): 0
#23 23.01   Instrumented BasicBlocks with 8 predecessor(s): 0
#23 23.01   Instrumented BasicBlocks with 9 predecessor(s): 0
#23 23.01   Instrumented BasicBlocks with >=10 predecessors: 0
#23 23.01 Predecessor Count Distribution for Non-Instrumented Basic Blocks:
#23 23.01   Non-Instrumented BasicBlocks with 1 predecessor(s): 76
#23 23.01   Non-Instrumented BasicBlocks with 2 predecessor(s): 20
#23 23.01   Non-Instrumented BasicBlocks with 3 predecessor(s): 0
#23 23.01   Non-Instrumented BasicBlocks with 4 predecessor(s): 0
#23 23.01   Non-Instrumented BasicBlocks with 5 predecessor(s): 0
#23 23.01   Non-Instrumented BasicBlocks with 6 predecessor(s): 0
#23 23.01   Non-Instrumented BasicBlocks with 7 predecessor(s): 0
#23 23.01   Non-Instrumented BasicBlocks with 8 predecessor(s): 0
#23 23.01   Non-Instrumented BasicBlocks with 9 predecessor(s): 0
#23 23.01   Non-Instrumented BasicBlocks with >=10 predecessors: 0
#23 23.01 =======================================
#23 23.01 
#23 23.03 
#23 23.03 === AFL++ LLVM_MODE Instrumentation Statistics ===
#23 23.03 Total Basic Blocks: 208
#23 23.03 Instrumented Times: 0
#23 23.03 Instrumented Basic Blocks: 37
#23 23.03 Instrumentation Ratio: 17.79%
#23 23.03 Total Predecessors: 94
#23 23.03 Predecessor Count Distribution for Instrumented Basic Blocks:
#23 23.03   Instrumented BasicBlocks with 1 predecessor(s): 0
#23 23.03   Instrumented BasicBlocks with 2 predecessor(s): 28
#23 23.03   Instrumented BasicBlocks with 3 predecessor(s): 3
#23 23.03   Instrumented BasicBlocks with 4 predecessor(s): 3
#23 23.03   Instrumented BasicBlocks with 5 predecessor(s): 2
#23 23.03   Instrumented BasicBlocks with 6 predecessor(s): 0
#23 23.03   Instrumented BasicBlocks with 7 predecessor(s): 1
#23 23.03   Instrumented BasicBlocks with 8 predecessor(s): 0
#23 23.03   Instrumented BasicBlocks with 9 predecessor(s): 0
#23 23.03   Instrumented BasicBlocks with >=10 predecessors: 0
#23 23.03 Predecessor Count Distribution for Non-Instrumented Basic Blocks:
#23 23.03   Non-Instrumented BasicBlocks with 1 predecessor(s): 85
#23 23.03   Non-Instrumented BasicBlocks with 2 predecessor(s): 12
#23 23.03   Non-Instrumented BasicBlocks with 3 predecessor(s): 6
#23 23.03   Non-Instrumented BasicBlocks with 4 predecessor(s): 0
#23 23.03   Non-Instrumented BasicBlocks with 5 predecessor(s): 0
#23 23.03   Non-Instrumented BasicBlocks with 6 predecessor(s): 0
#23 23.03   Non-Instrumented BasicBlocks with 7 predecessor(s): 0
#23 23.03   Non-Instrumented BasicBlocks with 8 predecessor(s): 0
#23 23.03   Non-Instrumented BasicBlocks with 9 predecessor(s): 0
#23 23.03   Non-Instrumented BasicBlocks with >=10 predecessors: 0
#23 23.03 =======================================
#23 23.03 
#23 23.04 
#23 23.04 === AFL++ LLVM_MODE Instrumentation Statistics ===
#23 23.04 Total Basic Blocks: 94
#23 23.04 Instrumented Times: 0
#23 23.04 Instrumented Basic Blocks: 11
#23 23.04 Instrumentation Ratio: 11.70%
#23 23.04 Total Predecessors: 22
#23 23.04 Predecessor Count Distribution for Instrumented Basic Blocks:
#23 23.04   Instrumented BasicBlocks with 1 predecessor(s): 0
#23 23.04   Instrumented BasicBlocks with 2 predecessor(s): 11
#23 23.04   Instrumented BasicBlocks with 3 predecessor(s): 0
#23 23.04   Instrumented BasicBlocks with 4 predecessor(s): 0
#23 23.04   Instrumented BasicBlocks with 5 predecessor(s): 0
#23 23.04   Instrumented BasicBlocks with 6 predecessor(s): 0
#23 23.04   Instrumented BasicBlocks with 7 predecessor(s): 0
#23 23.04   Instrumented BasicBlocks with 8 predecessor(s): 0
#23 23.04   Instrumented BasicBlocks with 9 predecessor(s): 0
#23 23.04   Instrumented BasicBlocks with >=10 predecessors: 0
#23 23.04 Predecessor Count Distribution for Non-Instrumented Basic Blocks:
#23 23.04   Non-Instrumented BasicBlocks with 1 predecessor(s): 62
#23 23.04   Non-Instrumented BasicBlocks with 2 predecessor(s): 12
#23 23.04   Non-Instrumented BasicBlocks with 3 predecessor(s): 0
#23 23.04   Non-Instrumented BasicBlocks with 4 predecessor(s): 0
#23 23.04   Non-Instrumented BasicBlocks with 5 predecessor(s): 0
#23 23.04   Non-Instrumented BasicBlocks with 6 predecessor(s): 0
#23 23.04   Non-Instrumented BasicBlocks with 7 predecessor(s): 0
#23 23.04   Non-Instrumented BasicBlocks with 8 predecessor(s): 0
#23 23.04   Non-Instrumented BasicBlocks with 9 predecessor(s): 0
#23 23.04   Non-Instrumented BasicBlocks with >=10 predecessors: 0
#23 23.04 =======================================
#23 23.04 
#23 23.06 
#23 23.06 === AFL++ LLVM_MODE Instrumentation Statistics ===
#23 23.06 Total Basic Blocks: 210
#23 23.06 Instrumented Times: 0
#23 23.06 Instrumented Basic Blocks: 39
#23 23.06 Instrumentation Ratio: 18.57%
#23 23.06 Total Predecessors: 124
#23 23.06 Predecessor Count Distribution for Instrumented Basic Blocks:
#23 23.06   Instrumented BasicBlocks with 1 predecessor(s): 0
#23 23.06   Instrumented BasicBlocks with 2 predecessor(s): 28
#23 23.06   Instrumented BasicBlocks with 3 predecessor(s): 4
#23 23.06   Instrumented BasicBlocks with 4 predecessor(s): 1
#23 23.06   Instrumented BasicBlocks with 5 predecessor(s): 1
#23 23.06   Instrumented BasicBlocks with 6 predecessor(s): 0
#23 23.06   Instrumented BasicBlocks with 7 predecessor(s): 2
#23 23.06   Instrumented BasicBlocks with 8 predecessor(s): 0
#23 23.06   Instrumented BasicBlocks with 9 predecessor(s): 1
#23 23.06   Instrumented BasicBlocks with >=10 predecessors: 2
#23 23.06 Predecessor Count Distribution for Non-Instrumented Basic Blocks:
#23 23.06   Non-Instrumented BasicBlocks with 1 predecessor(s): 117
#23 23.06   Non-Instrumented BasicBlocks with 2 predecessor(s): 7
#23 23.06   Non-Instrumented BasicBlocks with 3 predecessor(s): 0
#23 23.06   Non-Instrumented BasicBlocks with 4 predecessor(s): 0
#23 23.06   Non-Instrumented BasicBlocks with 5 predecessor(s): 0
#23 23.06   Non-Instrumented BasicBlocks with 6 predecessor(s): 0
#23 23.06   Non-Instrumented BasicBlocks with 7 predecessor(s): 1
#23 23.06   Non-Instrumented BasicBlocks with 8 predecessor(s): 0
#23 23.06   Non-Instrumented BasicBlocks with 9 predecessor(s): 0
#23 23.06   Non-Instrumented BasicBlocks with >=10 predecessors: 0
#23 23.06 =======================================
#23 23.06 
#23 23.06 
#23 23.06 === AFL++ LLVM_MODE Instrumentation Statistics ===
#23 23.06 Total Basic Blocks: 136
#23 23.06 Instrumented Times: 0
#23 23.06 Instrumented Basic Blocks: 15
#23 23.06 Instrumentation Ratio: 11.03%
#23 23.06 Total Predecessors: 31
#23 23.06 Predecessor Count Distribution for Instrumented Basic Blocks:
#23 23.06   Instrumented BasicBlocks with 1 predecessor(s): 0
#23 23.06   Instrumented BasicBlocks with 2 predecessor(s): 14
#23 23.06   Instrumented BasicBlocks with 3 predecessor(s): 1
#23 23.06   Instrumented BasicBlocks with 4 predecessor(s): 0
#23 23.06   Instrumented BasicBlocks with 5 predecessor(s): 0
#23 23.06   Instrumented BasicBlocks with 6 predecessor(s): 0
#23 23.06   Instrumented BasicBlocks with 7 predecessor(s): 0
#23 23.06   Instrumented BasicBlocks with 8 predecessor(s): 0
#23 23.06   Instrumented BasicBlocks with 9 predecessor(s): 0
#23 23.06   Instrumented BasicBlocks with >=10 predecessors: 0
#23 23.06 Predecessor Count Distribution for Non-Instrumented Basic Blocks:
#23 23.06   Non-Instrumented BasicBlocks with 1 predecessor(s): 78
#23 23.06   Non-Instrumented BasicBlocks with 2 predecessor(s): 20
#23 23.06   Non-Instrumented BasicBlocks with 3 predecessor(s): 0
#23 23.06   Non-Instrumented BasicBlocks with 4 predecessor(s): 0
#23 23.06   Non-Instrumented BasicBlocks with 5 predecessor(s): 0
#23 23.06   Non-Instrumented BasicBlocks with 6 predecessor(s): 0
#23 23.06   Non-Instrumented BasicBlocks with 7 predecessor(s): 0
#23 23.06   Non-Instrumented BasicBlocks with 8 predecessor(s): 0
#23 23.06   Non-Instrumented BasicBlocks with 9 predecessor(s): 0
#23 23.06   Non-Instrumented BasicBlocks with >=10 predecessors: 0
#23 23.06 =======================================
#23 23.06 
#23 23.07 
#23 23.07 === AFL++ LLVM_MODE Instrumentation Statistics ===
#23 23.07 Total Basic Blocks: 373
#23 23.07 Instrumented Times: 0
#23 23.07 Instrumented Basic Blocks: 66
#23 23.07 Instrumentation Ratio: 17.69%
#23 23.07 Total Predecessors: 207
#23 23.07 Predecessor Count Distribution for Instrumented Basic Blocks:
#23 23.07   Instrumented BasicBlocks with 1 predecessor(s): 0
#23 23.07   Instrumented BasicBlocks with 2 predecessor(s): 47
#23 23.07   Instrumented BasicBlocks with 3 predecessor(s): 4
#23 23.07   Instrumented BasicBlocks with 4 predecessor(s): 6
#23 23.07   Instrumented BasicBlocks with 5 predecessor(s): 1
#23 23.07   Instrumented BasicBlocks with 6 predecessor(s): 1
#23 23.07   Instrumented BasicBlocks with 7 predecessor(s): 3
#23 23.07   Instrumented BasicBlocks with 8 predecessor(s): 1
#23 23.07   Instrumented BasicBlocks with 9 predecessor(s): 1
#23 23.07   Instrumented BasicBlocks with >=10 predecessors: 2
#23 23.07 Predecessor Count Distribution for Non-Instrumented Basic Blocks:
#23 23.07   Non-Instrumented BasicBlocks with 1 predecessor(s): 186
#23 23.07   Non-Instrumented BasicBlocks with 2 predecessor(s): 16
#23 23.07   Non-Instrumented BasicBlocks with 3 predecessor(s): 1
#23 23.07   Non-Instrumented BasicBlocks with 4 predecessor(s): 1
#23 23.07   Non-Instrumented BasicBlocks with 5 predecessor(s): 0
#23 23.07   Non-Instrumented BasicBlocks with 6 predecessor(s): 0
#23 23.07   Non-Instrumented BasicBlocks with 7 predecessor(s): 0
#23 23.07   Non-Instrumented BasicBlocks with 8 predecessor(s): 0
#23 23.07   Non-Instrumented BasicBlocks with 9 predecessor(s): 0
#23 23.07   Non-Instrumented BasicBlocks with >=10 predecessors: 0
#23 23.07 =======================================
#23 23.07 
#23 23.08 
#23 23.08 === AFL++ LLVM_MODE Instrumentation Statistics ===
#23 23.08 Total Basic Blocks: 1
#23 23.08 Instrumented Times: 0
#23 23.08 Instrumented Basic Blocks: 0
#23 23.08 Instrumentation Ratio: 0.00%
#23 23.08 Total Predecessors: 0
#23 23.08 Predecessor Count Distribution for Instrumented Basic Blocks:
#23 23.08   Instrumented BasicBlocks with 1 predecessor(s): 0
#23 23.08   Instrumented BasicBlocks with 2 predecessor(s): 0
#23 23.08   Instrumented BasicBlocks with 3 predecessor(s): 0
#23 23.08   Instrumented BasicBlocks with 4 predecessor(s): 0
#23 23.08   Instrumented BasicBlocks with 5 predecessor(s): 0
#23 23.08   Instrumented BasicBlocks with 6 predecessor(s): 0
#23 23.08   Instrumented BasicBlocks with 7 predecessor(s): 0
#23 23.08   Instrumented BasicBlocks with 8 predecessor(s): 0
#23 23.08   Instrumented BasicBlocks with 9 predecessor(s): 0
#23 23.08   Instrumented BasicBlocks with >=10 predecessors: 0
#23 23.08 Predecessor Count Distribution for Non-Instrumented Basic Blocks:
#23 23.08   Non-Instrumented BasicBlocks with 1 predecessor(s): 0
#23 23.08   Non-Instrumented BasicBlocks with 2 predecessor(s): 0
#23 23.08   Non-Instrumented BasicBlocks with 3 predecessor(s): 0
#23 23.08   Non-Instrumented BasicBlocks with 4 predecessor(s): 0
#23 23.08   Non-Instrumented BasicBlocks with 5 predecessor(s): 0
#23 23.08   Non-Instrumented BasicBlocks with 6 predecessor(s): 0
#23 23.08   Non-Instrumented BasicBlocks with 7 predecessor(s): 0
#23 23.08   Non-Instrumented BasicBlocks with 8 predecessor(s): 0
#23 23.08   Non-Instrumented BasicBlocks with 9 predecessor(s): 0
#23 23.08   Non-Instrumented BasicBlocks with >=10 predecessors: 0
#23 23.08 =======================================
#23 23.08 
#23 23.08 
#23 23.08 === AFL++ LLVM_MODE Instrumentation Statistics ===
#23 23.08 Total Basic Blocks: 207
#23 23.08 Instrumented Times: 0
#23 23.08 Instrumented Basic Blocks: 29
#23 23.08 Instrumentation Ratio: 14.01%
#23 23.08 Total Predecessors: 85
#23 23.08 Predecessor Count Distribution for Instrumented Basic Blocks:
#23 23.08   Instrumented BasicBlocks with 1 predecessor(s): 0
#23 23.08   Instrumented BasicBlocks with 2 predecessor(s): 17
#23 23.08   Instrumented BasicBlocks with 3 predecessor(s): 6
#23 23.08   Instrumented BasicBlocks with 4 predecessor(s): 4
#23 23.08   Instrumented BasicBlocks with 5 predecessor(s): 1
#23 23.08   Instrumented BasicBlocks with 6 predecessor(s): 0
#23 23.08   Instrumented BasicBlocks with 7 predecessor(s): 0
#23 23.08   Instrumented BasicBlocks with 8 predecessor(s): 0
#23 23.08   Instrumented BasicBlocks with 9 predecessor(s): 0
#23 23.08   Instrumented BasicBlocks with >=10 predecessors: 1
#23 23.08 Predecessor Count Distribution for Non-Instrumented Basic Blocks:
#23 23.08   Non-Instrumented BasicBlocks with 1 predecessor(s): 104
#23 23.08   Non-Instrumented BasicBlocks with 2 predecessor(s): 18
#23 23.08   Non-Instrumented BasicBlocks with 3 predecessor(s): 0
#23 23.08   Non-Instrumented BasicBlocks with 4 predecessor(s): 0
#23 23.08   Non-Instrumented BasicBlocks with 5 predecessor(s): 0
#23 23.08   Non-Instrumented BasicBlocks with 6 predecessor(s): 0
#23 23.08   Non-Instrumented BasicBlocks with 7 predecessor(s): 0
#23 23.08   Non-Instrumented BasicBlocks with 8 predecessor(s): 0
#23 23.08   Non-Instrumented BasicBlocks with 9 predecessor(s): 0
#23 23.08   Non-Instrumented BasicBlocks with >=10 predecessors: 0
#23 23.08 =======================================
#23 23.08 
#23 23.10 
#23 23.10 === AFL++ LLVM_MODE Instrumentation Statistics ===
#23 23.10 Total Basic Blocks: 24
#23 23.10 Instrumented Times: 0
#23 23.10 Instrumented Basic Blocks: 5
#23 23.10 Instrumentation Ratio: 20.83%
#23 23.10 Total Predecessors: 10
#23 23.10 Predecessor Count Distribution for Instrumented Basic Blocks:
#23 23.10   Instrumented BasicBlocks with 1 predecessor(s): 0
#23 23.10   Instrumented BasicBlocks with 2 predecessor(s): 5
#23 23.10   Instrumented BasicBlocks with 3 predecessor(s): 0
#23 23.10   Instrumented BasicBlocks with 4 predecessor(s): 0
#23 23.10   Instrumented BasicBlocks with 5 predecessor(s): 0
#23 23.10   Instrumented BasicBlocks with 6 predecessor(s): 0
#23 23.10   Instrumented BasicBlocks with 7 predecessor(s): 0
#23 23.10   Instrumented BasicBlocks with 8 predecessor(s): 0
#23 23.10   Instrumented BasicBlocks with 9 predecessor(s): 0
#23 23.10   Instrumented BasicBlocks with >=10 predecessors: 0
#23 23.10 Predecessor Count Distribution for Non-Instrumented Basic Blocks:
#23 23.10   Non-Instrumented BasicBlocks with 1 predecessor(s): 12
#23 23.10   Non-Instrumented BasicBlocks with 2 predecessor(s): 0
#23 23.10   Non-Instrumented BasicBlocks with 3 predecessor(s): 0
#23 23.10   Non-Instrumented BasicBlocks with 4 predecessor(s): 0
#23 23.10   Non-Instrumented BasicBlocks with 5 predecessor(s): 0
#23 23.10   Non-Instrumented BasicBlocks with 6 predecessor(s): 0
#23 23.10   Non-Instrumented BasicBlocks with 7 predecessor(s): 1
#23 23.10   Non-Instrumented BasicBlocks with 8 predecessor(s): 0
#23 23.10   Non-Instrumented BasicBlocks with 9 predecessor(s): 0
#23 23.10   Non-Instrumented BasicBlocks with >=10 predecessors: 0
#23 23.10 =======================================
#23 23.10 
#23 23.11 
#23 23.11 === AFL++ LLVM_MODE Instrumentation Statistics ===
#23 23.11 Total Basic Blocks: 242
#23 23.11 Instrumented Times: 0
#23 23.11 Instrumented Basic Blocks: 32
#23 23.11 Instrumentation Ratio: 13.22%
#23 23.11 Total Predecessors: 77
#23 23.11 Predecessor Count Distribution for Instrumented Basic Blocks:
#23 23.11   Instrumented BasicBlocks with 1 predecessor(s): 0
#23 23.11   Instrumented BasicBlocks with 2 predecessor(s): 26
#23 23.11   Instrumented BasicBlocks with 3 predecessor(s): 3
#23 23.11   Instrumented BasicBlocks with 4 predecessor(s): 1
#23 23.11   Instrumented BasicBlocks with 5 predecessor(s): 0
#23 23.11   Instrumented BasicBlocks with 6 predecessor(s): 2
#23 23.11   Instrumented BasicBlocks with 7 predecessor(s): 0
#23 23.11   Instrumented BasicBlocks with 8 predecessor(s): 0
#23 23.11   Instrumented BasicBlocks with 9 predecessor(s): 0
#23 23.11   Instrumented BasicBlocks with >=10 predecessors: 0
#23 23.11 Predecessor Count Distribution for Non-Instrumented Basic Blocks:
#23 23.11   Non-Instrumented BasicBlocks with 1 predecessor(s): 127
#23 23.11   Non-Instrumented BasicBlocks with 2 predecessor(s): 33
#23 23.11   Non-Instrumented BasicBlocks with 3 predecessor(s): 0
#23 23.11   Non-Instrumented BasicBlocks with 4 predecessor(s): 0
#23 23.11   Non-Instrumented BasicBlocks with 5 predecessor(s): 0
#23 23.11   Non-Instrumented BasicBlocks with 6 predecessor(s): 0
#23 23.11   Non-Instrumented BasicBlocks with 7 predecessor(s): 0
#23 23.11   Non-Instrumented BasicBlocks with 8 predecessor(s): 0
#23 23.11   Non-Instrumented BasicBlocks with 9 predecessor(s): 0
#23 23.11   Non-Instrumented BasicBlocks with >=10 predecessors: 0
#23 23.11 =======================================
#23 23.11 
#23 23.13 
#23 23.13 === AFL++ LLVM_MODE Instrumentation Statistics ===
#23 23.13 Total Basic Blocks: 4
#23 23.13 Instrumented Times: 0
#23 23.13 Instrumented Basic Blocks: 0
#23 23.13 Instrumentation Ratio: 0.00%
#23 23.13 Total Predecessors: 0
#23 23.13 Predecessor Count Distribution for Instrumented Basic Blocks:
#23 23.13   Instrumented BasicBlocks with 1 predecessor(s): 0
#23 23.13   Instrumented BasicBlocks with 2 predecessor(s): 0
#23 23.13   Instrumented BasicBlocks with 3 predecessor(s): 0
#23 23.13   Instrumented BasicBlocks with 4 predecessor(s): 0
#23 23.13   Instrumented BasicBlocks with 5 predecessor(s): 0
#23 23.13   Instrumented BasicBlocks with 6 predecessor(s): 0
#23 23.13   Instrumented BasicBlocks with 7 predecessor(s): 0
#23 23.13   Instrumented BasicBlocks with 8 predecessor(s): 0
#23 23.13   Instrumented BasicBlocks with 9 predecessor(s): 0
#23 23.13   Instrumented BasicBlocks with >=10 predecessors: 0
#23 23.13 Predecessor Count Distribution for Non-Instrumented Basic Blocks:
#23 23.13   Non-Instrumented BasicBlocks with 1 predecessor(s): 2
#23 23.13   Non-Instrumented BasicBlocks with 2 predecessor(s): 1
#23 23.13   Non-Instrumented BasicBlocks with 3 predecessor(s): 0
#23 23.13   Non-Instrumented BasicBlocks with 4 predecessor(s): 0
#23 23.13   Non-Instrumented BasicBlocks with 5 predecessor(s): 0
#23 23.13   Non-Instrumented BasicBlocks with 6 predecessor(s): 0
#23 23.13   Non-Instrumented BasicBlocks with 7 predecessor(s): 0
#23 23.13   Non-Instrumented BasicBlocks with 8 predecessor(s): 0
#23 23.13   Non-Instrumented BasicBlocks with 9 predecessor(s): 0
#23 23.13   Non-Instrumented BasicBlocks with >=10 predecessors: 0
#23 23.13 =======================================
#23 23.13 
#23 23.14 
#23 23.14 === AFL++ LLVM_MODE Instrumentation Statistics ===
#23 23.14 Total Basic Blocks: 694
#23 23.14 Instrumented Times: 0
#23 23.14 Instrumented Basic Blocks: 115
#23 23.14 Instrumentation Ratio: 16.57%
#23 23.14 Total Predecessors: 363
#23 23.14 Predecessor Count Distribution for Instrumented Basic Blocks:
#23 23.14   Instrumented BasicBlocks with 1 predecessor(s): 0
#23 23.14   Instrumented BasicBlocks with 2 predecessor(s): 86
#23 23.14   Instrumented BasicBlocks with 3 predecessor(s): 16
#23 23.14   Instrumented BasicBlocks with 4 predecessor(s): 3
#23 23.14   Instrumented BasicBlocks with 5 predecessor(s): 2
#23 23.14   Instrumented BasicBlocks with 6 predecessor(s): 2
#23 23.14   Instrumented BasicBlocks with 7 predecessor(s): 0
#23 23.14   Instrumented BasicBlocks with 8 predecessor(s): 1
#23 23.14   Instrumented BasicBlocks with 9 predecessor(s): 0
#23 23.14   Instrumented BasicBlocks with >=10 predecessors: 5
#23 23.14 Predecessor Count Distribution for Non-Instrumented Basic Blocks:
#23 23.14   Non-Instrumented BasicBlocks with 1 predecessor(s): 386
#23 23.14   Non-Instrumented BasicBlocks with 2 predecessor(s): 28
#23 23.14   Non-Instrumented BasicBlocks with 3 predecessor(s): 4
#23 23.14   Non-Instrumented BasicBlocks with 4 predecessor(s): 2
#23 23.14   Non-Instrumented BasicBlocks with 5 predecessor(s): 1
#23 23.14   Non-Instrumented BasicBlocks with 6 predecessor(s): 0
#23 23.14   Non-Instrumented BasicBlocks with 7 predecessor(s): 0
#23 23.14   Non-Instrumented BasicBlocks with 8 predecessor(s): 0
#23 23.14   Non-Instrumented BasicBlocks with 9 predecessor(s): 0
#23 23.14   Non-Instrumented BasicBlocks with >=10 predecessors: 0
#23 23.14 =======================================
#23 23.14 
#23 23.14 
#23 23.14 === AFL++ LLVM_MODE Instrumentation Statistics ===
#23 23.14 Total Basic Blocks: 103
#23 23.14 Instrumented Times: 0
#23 23.14 Instrumented Basic Blocks: 14
#23 23.14 Instrumentation Ratio: 13.59%
#23 23.14 Total Predecessors: 33
#23 23.14 Predecessor Count Distribution for Instrumented Basic Blocks:
#23 23.14   Instrumented BasicBlocks with 1 predecessor(s): 0
#23 23.14   Instrumented BasicBlocks with 2 predecessor(s): 10
#23 23.14   Instrumented BasicBlocks with 3 predecessor(s): 3
#23 23.14   Instrumented BasicBlocks with 4 predecessor(s): 1
#23 23.14   Instrumented BasicBlocks with 5 predecessor(s): 0
#23 23.14   Instrumented BasicBlocks with 6 predecessor(s): 0
#23 23.14   Instrumented BasicBlocks with 7 predecessor(s): 0
#23 23.14   Instrumented BasicBlocks with 8 predecessor(s): 0
#23 23.14   Instrumented BasicBlocks with 9 predecessor(s): 0
#23 23.14   Instrumented BasicBlocks with >=10 predecessors: 0
#23 23.14 Predecessor Count Distribution for Non-Instrumented Basic Blocks:
#23 23.14   Non-Instrumented BasicBlocks with 1 predecessor(s): 62
#23 23.14   Non-Instrumented BasicBlocks with 2 predecessor(s): 12
#23 23.14   Non-Instrumented BasicBlocks with 3 predecessor(s): 0
#23 23.14   Non-Instrumented BasicBlocks with 4 predecessor(s): 0
#23 23.14   Non-Instrumented BasicBlocks with 5 predecessor(s): 0
#23 23.14   Non-Instrumented BasicBlocks with 6 predecessor(s): 0
#23 23.14   Non-Instrumented BasicBlocks with 7 predecessor(s): 0
#23 23.14   Non-Instrumented BasicBlocks with 8 predecessor(s): 0
#23 23.14   Non-Instrumented BasicBlocks with 9 predecessor(s): 0
#23 23.14   Non-Instrumented BasicBlocks with >=10 predecessors: 0
#23 23.14 =======================================
#23 23.14 
#23 23.15 
#23 23.15 === AFL++ LLVM_MODE Instrumentation Statistics ===
#23 23.15 Total Basic Blocks: 97
#23 23.15 Instrumented Times: 0
#23 23.15 Instrumented Basic Blocks: 17
#23 23.15 Instrumentation Ratio: 17.53%
#23 23.15 Total Predecessors: 44
#23 23.15 Predecessor Count Distribution for Instrumented Basic Blocks:
#23 23.15   Instrumented BasicBlocks with 1 predecessor(s): 0
#23 23.15   Instrumented BasicBlocks with 2 predecessor(s): 12
#23 23.15   Instrumented BasicBlocks with 3 predecessor(s): 0
#23 23.15   Instrumented BasicBlocks with 4 predecessor(s): 5
#23 23.15   Instrumented BasicBlocks with 5 predecessor(s): 0
#23 23.15   Instrumented BasicBlocks with 6 predecessor(s): 0
#23 23.15   Instrumented BasicBlocks with 7 predecessor(s): 0
#23 23.15   Instrumented BasicBlocks with 8 predecessor(s): 0
#23 23.15   Instrumented BasicBlocks with 9 predecessor(s): 0
#23 23.15   Instrumented BasicBlocks with >=10 predecessors: 0
#23 23.15 Predecessor Count Distribution for Non-Instrumented Basic Blocks:
#23 23.15   Non-Instrumented BasicBlocks with 1 predecessor(s): 70
#23 23.15   Non-Instrumented BasicBlocks with 2 predecessor(s): 4
#23 23.15   Non-Instrumented BasicBlocks with 3 predecessor(s): 0
#23 23.15   Non-Instrumented BasicBlocks with 4 predecessor(s): 0
#23 23.15   Non-Instrumented BasicBlocks with 5 predecessor(s): 0
#23 23.15   Non-Instrumented BasicBlocks with 6 predecessor(s): 0
#23 23.15   Non-Instrumented BasicBlocks with 7 predecessor(s): 0
#23 23.15   Non-Instrumented BasicBlocks with 8 predecessor(s): 0
#23 23.15   Non-Instrumented BasicBlocks with 9 predecessor(s): 0
#23 23.15   Non-Instrumented BasicBlocks with >=10 predecessors: 0
#23 23.15 =======================================
#23 23.15 
#23 23.17 
#23 23.17 === AFL++ LLVM_MODE Instrumentation Statistics ===
#23 23.17 Total Basic Blocks: 6
#23 23.17 Instrumented Times: 0
#23 23.17 Instrumented Basic Blocks: 1
#23 23.17 Instrumentation Ratio: 16.67%
#23 23.17 Total Predecessors: 3
#23 23.17 Predecessor Count Distribution for Instrumented Basic Blocks:
#23 23.17   Instrumented BasicBlocks with 1 predecessor(s): 0
#23 23.17   Instrumented BasicBlocks with 2 predecessor(s): 0
#23 23.17   Instrumented BasicBlocks with 3 predecessor(s): 1
#23 23.17   Instrumented BasicBlocks with 4 predecessor(s): 0
#23 23.17   Instrumented BasicBlocks with 5 predecessor(s): 0
#23 23.17   Instrumented BasicBlocks with 6 predecessor(s): 0
#23 23.17   Instrumented BasicBlocks with 7 predecessor(s): 0
#23 23.17   Instrumented BasicBlocks with 8 predecessor(s): 0
#23 23.17   Instrumented BasicBlocks with 9 predecessor(s): 0
#23 23.17   Instrumented BasicBlocks with >=10 predecessors: 0
#23 23.17 Predecessor Count Distribution for Non-Instrumented Basic Blocks:
#23 23.17   Non-Instrumented BasicBlocks with 1 predecessor(s): 4
#23 23.17   Non-Instrumented BasicBlocks with 2 predecessor(s): 0
#23 23.17   Non-Instrumented BasicBlocks with 3 predecessor(s): 0
#23 23.17   Non-Instrumented BasicBlocks with 4 predecessor(s): 0
#23 23.17   Non-Instrumented BasicBlocks with 5 predecessor(s): 0
#23 23.17   Non-Instrumented BasicBlocks with 6 predecessor(s): 0
#23 23.17   Non-Instrumented BasicBlocks with 7 predecessor(s): 0
#23 23.17   Non-Instrumented BasicBlocks with 8 predecessor(s): 0
#23 23.17   Non-Instrumented BasicBlocks with 9 predecessor(s): 0
#23 23.17   Non-Instrumented BasicBlocks with >=10 predecessors: 0
#23 23.17 =======================================
#23 23.17 
#23 23.19 ossfuzz/sndfile_fuzzer.cc:40:5: warning: variable 'new_offset' is used uninitialized whenever switch default is taken [-Wsometimes-uninitialized]
#23 23.19    40 |     default:
#23 23.19       |     ^~~~~~~
#23 23.19 ossfuzz/sndfile_fuzzer.cc:45:7: note: uninitialized use occurs here
#23 23.19    45 |   if (new_offset > vf->length)
#23 23.19       |       ^~~~~~~~~~
#23 23.19 ossfuzz/sndfile_fuzzer.cc:24:24: note: initialize the variable 'new_offset' to silence this warning
#23 23.19    24 |   sf_count_t new_offset;
#23 23.19       |                        ^
#23 23.19       |                         = 0
#23 23.20 
#23 23.20 === AFL++ LLVM_MODE Instrumentation Statistics ===
#23 23.20 Total Basic Blocks: 29
#23 23.20 Instrumented Times: 0
#23 23.20 Instrumented Basic Blocks: 4
#23 23.20 Instrumentation Ratio: 13.79%
#23 23.20 Total Predecessors: 10
#23 23.20 Predecessor Count Distribution for Instrumented Basic Blocks:
#23 23.20   Instrumented BasicBlocks with 1 predecessor(s): 0
#23 23.20   Instrumented BasicBlocks with 2 predecessor(s): 2
#23 23.20   Instrumented BasicBlocks with 3 predecessor(s): 2
#23 23.20   Instrumented BasicBlocks with 4 predecessor(s): 0
#23 23.20   Instrumented BasicBlocks with 5 predecessor(s): 0
#23 23.20   Instrumented BasicBlocks with 6 predecessor(s): 0
#23 23.20   Instrumented BasicBlocks with 7 predecessor(s): 0
#23 23.20   Instrumented BasicBlocks with 8 predecessor(s): 0
#23 23.20   Instrumented BasicBlocks with 9 predecessor(s): 0
#23 23.20   Instrumented BasicBlocks with >=10 predecessors: 0
#23 23.20 Predecessor Count Distribution for Non-Instrumented Basic Blocks:
#23 23.20   Non-Instrumented BasicBlocks with 1 predecessor(s): 15
#23 23.20   Non-Instrumented BasicBlocks with 2 predecessor(s): 3
#23 23.20   Non-Instrumented BasicBlocks with 3 predecessor(s): 0
#23 23.20   Non-Instrumented BasicBlocks with 4 predecessor(s): 0
#23 23.20   Non-Instrumented BasicBlocks with 5 predecessor(s): 0
#23 23.20   Non-Instrumented BasicBlocks with 6 predecessor(s): 0
#23 23.20   Non-Instrumented BasicBlocks with 7 predecessor(s): 0
#23 23.20   Non-Instrumented BasicBlocks with 8 predecessor(s): 0
#23 23.20   Non-Instrumented BasicBlocks with 9 predecessor(s): 0
#23 23.20   Non-Instrumented BasicBlocks with >=10 predecessors: 0
#23 23.20 =======================================
#23 23.20 
#23 23.21 
#23 23.21 === AFL++ LLVM_MODE Instrumentation Statistics ===
#23 23.21 Total Basic Blocks: 160
#23 23.21 Instrumented Times: 0
#23 23.21 Instrumented Basic Blocks: 23
#23 23.21 Instrumentation Ratio: 14.38%
#23 23.21 Total Predecessors: 46
#23 23.21 Predecessor Count Distribution for Instrumented Basic Blocks:
#23 23.21   Instrumented BasicBlocks with 1 predecessor(s): 0
#23 23.21   Instrumented BasicBlocks with 2 predecessor(s): 23
#23 23.21   Instrumented BasicBlocks with 3 predecessor(s): 0
#23 23.21   Instrumented BasicBlocks with 4 predecessor(s): 0
#23 23.21   Instrumented BasicBlocks with 5 predecessor(s): 0
#23 23.21   Instrumented BasicBlocks with 6 predecessor(s): 0
#23 23.21   Instrumented BasicBlocks with 7 predecessor(s): 0
#23 23.21   Instrumented BasicBlocks with 8 predecessor(s): 0
#23 23.21   Instrumented BasicBlocks with 9 predecessor(s): 0
#23 23.21   Instrumented BasicBlocks with >=10 predecessors: 0
#23 23.21 Predecessor Count Distribution for Non-Instrumented Basic Blocks:
#23 23.21   Non-Instrumented BasicBlocks with 1 predecessor(s): 76
#23 23.21   Non-Instrumented BasicBlocks with 2 predecessor(s): 20
#23 23.21   Non-Instrumented BasicBlocks with 3 predecessor(s): 0
#23 23.21   Non-Instrumented BasicBlocks with 4 predecessor(s): 0
#23 23.21   Non-Instrumented BasicBlocks with 5 predecessor(s): 0
#23 23.21   Non-Instrumented BasicBlocks with 6 predecessor(s): 0
#23 23.21   Non-Instrumented BasicBlocks with 7 predecessor(s): 0
#23 23.21   Non-Instrumented BasicBlocks with 8 predecessor(s): 0
#23 23.21   Non-Instrumented BasicBlocks with 9 predecessor(s): 0
#23 23.21   Non-Instrumented BasicBlocks with >=10 predecessors: 0
#23 23.21 =======================================
#23 23.21 
#23 23.22 
#23 23.22 === AFL++ LLVM_MODE Instrumentation Statistics ===
#23 23.22 Total Basic Blocks: 161
#23 23.22 Instrumented Times: 0
#23 23.22 Instrumented Basic Blocks: 28
#23 23.22 Instrumentation Ratio: 17.39%
#23 23.22 Total Predecessors: 78
#23 23.22 Predecessor Count Distribution for Instrumented Basic Blocks:
#23 23.22   Instrumented BasicBlocks with 1 predecessor(s): 0
#23 23.22   Instrumented BasicBlocks with 2 predecessor(s): 17
#23 23.22   Instrumented BasicBlocks with 3 predecessor(s): 6
#23 23.22   Instrumented BasicBlocks with 4 predecessor(s): 1
#23 23.22   Instrumented BasicBlocks with 5 predecessor(s): 3
#23 23.22   Instrumented BasicBlocks with 6 predecessor(s): 0
#23 23.22   Instrumented BasicBlocks with 7 predecessor(s): 1
#23 23.22   Instrumented BasicBlocks with 8 predecessor(s): 0
#23 23.22   Instrumented BasicBlocks with 9 predecessor(s): 0
#23 23.22   Instrumented BasicBlocks with >=10 predecessors: 0
#23 23.22 Predecessor Count Distribution for Non-Instrumented Basic Blocks:
#23 23.22   Non-Instrumented BasicBlocks with 1 predecessor(s): 76
#23 23.22   Non-Instrumented BasicBlocks with 2 predecessor(s): 14
#23 23.22   Non-Instrumented BasicBlocks with 3 predecessor(s): 0
#23 23.22   Non-Instrumented BasicBlocks with 4 predecessor(s): 0
#23 23.22   Non-Instrumented BasicBlocks with 5 predecessor(s): 0
#23 23.22   Non-Instrumented BasicBlocks with 6 predecessor(s): 0
#23 23.22   Non-Instrumented BasicBlocks with 7 predecessor(s): 0
#23 23.22   Non-Instrumented BasicBlocks with 8 predecessor(s): 0
#23 23.22   Non-Instrumented BasicBlocks with 9 predecessor(s): 0
#23 23.22   Non-Instrumented BasicBlocks with >=10 predecessors: 0
#23 23.22 =======================================
#23 23.22 
#23 23.23 
#23 23.23 === AFL++ LLVM_MODE Instrumentation Statistics ===
#23 23.23 Total Basic Blocks: 337
#23 23.23 Instrumented Times: 0
#23 23.23 Instrumented Basic Blocks: 52
#23 23.23 Instrumentation Ratio: 15.43%
#23 23.23 Total Predecessors: 129
#23 23.23 Predecessor Count Distribution for Instrumented Basic Blocks:
#23 23.23   Instrumented BasicBlocks with 1 predecessor(s): 0
#23 23.23   Instrumented BasicBlocks with 2 predecessor(s): 42
#23 23.23   Instrumented BasicBlocks with 3 predecessor(s): 3
#23 23.23   Instrumented BasicBlocks with 4 predecessor(s): 4
#23 23.23   Instrumented BasicBlocks with 5 predecessor(s): 1
#23 23.23   Instrumented BasicBlocks with 6 predecessor(s): 0
#23 23.23   Instrumented BasicBlocks with 7 predecessor(s): 1
#23 23.23   Instrumented BasicBlocks with 8 predecessor(s): 1
#23 23.23   Instrumented BasicBlocks with 9 predecessor(s): 0
#23 23.23   Instrumented BasicBlocks with >=10 predecessors: 0
#23 23.23 Predecessor Count Distribution for Non-Instrumented Basic Blocks:
#23 23.23   Non-Instrumented BasicBlocks with 1 predecessor(s): 183
#23 23.23   Non-Instrumented BasicBlocks with 2 predecessor(s): 38
#23 23.23   Non-Instrumented BasicBlocks with 3 predecessor(s): 1
#23 23.23   Non-Instrumented BasicBlocks with 4 predecessor(s): 1
#23 23.23   Non-Instrumented BasicBlocks with 5 predecessor(s): 0
#23 23.23   Non-Instrumented BasicBlocks with 6 predecessor(s): 0
#23 23.23   Non-Instrumented BasicBlocks with 7 predecessor(s): 0
#23 23.23   Non-Instrumented BasicBlocks with 8 predecessor(s): 0
#23 23.23   Non-Instrumented BasicBlocks with 9 predecessor(s): 0
#23 23.23   Non-Instrumented BasicBlocks with >=10 predecessors: 0
#23 23.23 =======================================
#23 23.23 
#23 23.24 
#23 23.24 === AFL++ LLVM_MODE Instrumentation Statistics ===
#23 23.24 Total Basic Blocks: 57
#23 23.24 Instrumented Times: 0
#23 23.24 Instrumented Basic Blocks: 10
#23 23.24 Instrumentation Ratio: 17.54%
#23 23.24 Total Predecessors: 28
#23 23.24 Predecessor Count Distribution for Instrumented Basic Blocks:
#23 23.24   Instrumented BasicBlocks with 1 predecessor(s): 0
#23 23.24   Instrumented BasicBlocks with 2 predecessor(s): 4
#23 23.24   Instrumented BasicBlocks with 3 predecessor(s): 4
#23 23.24   Instrumented BasicBlocks with 4 predecessor(s): 2
#23 23.24   Instrumented BasicBlocks with 5 predecessor(s): 0
#23 23.24   Instrumented BasicBlocks with 6 predecessor(s): 0
#23 23.24   Instrumented BasicBlocks with 7 predecessor(s): 0
#23 23.24   Instrumented BasicBlocks with 8 predecessor(s): 0
#23 23.24   Instrumented BasicBlocks with 9 predecessor(s): 0
#23 23.24   Instrumented BasicBlocks with >=10 predecessors: 0
#23 23.24 Predecessor Count Distribution for Non-Instrumented Basic Blocks:
#23 23.24   Non-Instrumented BasicBlocks with 1 predecessor(s): 26
#23 23.24   Non-Instrumented BasicBlocks with 2 predecessor(s): 2
#23 23.24   Non-Instrumented BasicBlocks with 3 predecessor(s): 1
#23 23.24   Non-Instrumented BasicBlocks with 4 predecessor(s): 0
#23 23.24   Non-Instrumented BasicBlocks with 5 predecessor(s): 0
#23 23.24   Non-Instrumented BasicBlocks with 6 predecessor(s): 0
#23 23.24   Non-Instrumented BasicBlocks with 7 predecessor(s): 0
#23 23.24   Non-Instrumented BasicBlocks with 8 predecessor(s): 0
#23 23.24   Non-Instrumented BasicBlocks with 9 predecessor(s): 0
#23 23.24   Non-Instrumented BasicBlocks with >=10 predecessors: 0
#23 23.24 =======================================
#23 23.24 
#23 23.25 
#23 23.25 === AFL++ LLVM_MODE Instrumentation Statistics ===
#23 23.25 Total Basic Blocks: 462
#23 23.25 Instrumented Times: 0
#23 23.25 Instrumented Basic Blocks: 66
#23 23.25 Instrumentation Ratio: 14.29%
#23 23.25 Total Predecessors: 150
#23 23.25 Predecessor Count Distribution for Instrumented Basic Blocks:
#23 23.25   Instrumented BasicBlocks with 1 predecessor(s): 0
#23 23.25   Instrumented BasicBlocks with 2 predecessor(s): 60
#23 23.25   Instrumented BasicBlocks with 3 predecessor(s): 2
#23 23.25   Instrumented BasicBlocks with 4 predecessor(s): 1
#23 23.25   Instrumented BasicBlocks with 5 predecessor(s): 0
#23 23.25   Instrumented BasicBlocks with 6 predecessor(s): 2
#23 23.25   Instrumented BasicBlocks with 7 predecessor(s): 0
#23 23.25   Instrumented BasicBlocks with 8 predecessor(s): 1
#23 23.25   Instrumented BasicBlocks with 9 predecessor(s): 0
#23 23.25   Instrumented BasicBlocks with >=10 predecessors: 0
#23 23.25 Predecessor Count Distribution for Non-Instrumented Basic Blocks:
#23 23.25   Non-Instrumented BasicBlocks with 1 predecessor(s): 234
#23 23.25   Non-Instrumented BasicBlocks with 2 predecessor(s): 56
#23 23.25   Non-Instrumented BasicBlocks with 3 predecessor(s): 1
#23 23.25   Non-Instrumented BasicBlocks with 4 predecessor(s): 0
#23 23.25   Non-Instrumented BasicBlocks with 5 predecessor(s): 0
#23 23.25   Non-Instrumented BasicBlocks with 6 predecessor(s): 0
#23 23.25   Non-Instrumented BasicBlocks with 7 predecessor(s): 0
#23 23.25   Non-Instrumented BasicBlocks with 8 predecessor(s): 0
#23 23.25   Non-Instrumented BasicBlocks with 9 predecessor(s): 0
#23 23.25   Non-Instrumented BasicBlocks with >=10 predecessors: 0
#23 23.25 =======================================
#23 23.25 
#23 23.25 
#23 23.25 === AFL++ LLVM_MODE Instrumentation Statistics ===
#23 23.25 Total Basic Blocks: 34
#23 23.25 Instrumented Times: 0
#23 23.25 Instrumented Basic Blocks: 4
#23 23.25 Instrumentation Ratio: 11.76%
#23 23.25 Total Predecessors: 9
#23 23.25 Predecessor Count Distribution for Instrumented Basic Blocks:
#23 23.25   Instrumented BasicBlocks with 1 predecessor(s): 0
#23 23.25   Instrumented BasicBlocks with 2 predecessor(s): 3
#23 23.25   Instrumented BasicBlocks with 3 predecessor(s): 1
#23 23.25   Instrumented BasicBlocks with 4 predecessor(s): 0
#23 23.25   Instrumented BasicBlocks with 5 predecessor(s): 0
#23 23.25   Instrumented BasicBlocks with 6 predecessor(s): 0
#23 23.25   Instrumented BasicBlocks with 7 predecessor(s): 0
#23 23.25   Instrumented BasicBlocks with 8 predecessor(s): 0
#23 23.25   Instrumented BasicBlocks with 9 predecessor(s): 0
#23 23.25   Instrumented BasicBlocks with >=10 predecessors: 0
#23 23.25 Predecessor Count Distribution for Non-Instrumented Basic Blocks:
#23 23.25   Non-Instrumented BasicBlocks with 1 predecessor(s): 18
#23 23.25   Non-Instrumented BasicBlocks with 2 predecessor(s): 2
#23 23.25   Non-Instrumented BasicBlocks with 3 predecessor(s): 0
#23 23.25   Non-Instrumented BasicBlocks with 4 predecessor(s): 1
#23 23.25   Non-Instrumented BasicBlocks with 5 predecessor(s): 0
#23 23.25   Non-Instrumented BasicBlocks with 6 predecessor(s): 0
#23 23.25   Non-Instrumented BasicBlocks with 7 predecessor(s): 0
#23 23.25   Non-Instrumented BasicBlocks with 8 predecessor(s): 0
#23 23.25   Non-Instrumented BasicBlocks with 9 predecessor(s): 0
#23 23.25   Non-Instrumented BasicBlocks with >=10 predecessors: 0
#23 23.25 =======================================
#23 23.25 
#23 23.26 1 warning generated.
#23 23.28 
#23 23.28 === AFL++ LLVM_MODE Instrumentation Statistics ===
#23 23.28 Total Basic Blocks: 30
#23 23.28 Instrumented Times: 0
#23 23.28 Instrumented Basic Blocks: 4
#23 23.28 Instrumentation Ratio: 13.33%
#23 23.28 Total Predecessors: 12
#23 23.28 Predecessor Count Distribution for Instrumented Basic Blocks:
#23 23.28   Instrumented BasicBlocks with 1 predecessor(s): 0
#23 23.28   Instrumented BasicBlocks with 2 predecessor(s): 2
#23 23.28   Instrumented BasicBlocks with 3 predecessor(s): 1
#23 23.28   Instrumented BasicBlocks with 4 predecessor(s): 0
#23 23.28   Instrumented BasicBlocks with 5 predecessor(s): 1
#23 23.28   Instrumented BasicBlocks with 6 predecessor(s): 0
#23 23.28   Instrumented BasicBlocks with 7 predecessor(s): 0
#23 23.28   Instrumented BasicBlocks with 8 predecessor(s): 0
#23 23.28   Instrumented BasicBlocks with 9 predecessor(s): 0
#23 23.28   Instrumented BasicBlocks with >=10 predecessors: 0
#23 23.28 Predecessor Count Distribution for Non-Instrumented Basic Blocks:
#23 23.28   Non-Instrumented BasicBlocks with 1 predecessor(s): 17
#23 23.28   Non-Instrumented BasicBlocks with 2 predecessor(s): 2
#23 23.28   Non-Instrumented BasicBlocks with 3 predecessor(s): 0
#23 23.28   Non-Instrumented BasicBlocks with 4 predecessor(s): 0
#23 23.28   Non-Instrumented BasicBlocks with 5 predecessor(s): 0
#23 23.28   Non-Instrumented BasicBlocks with 6 predecessor(s): 0
#23 23.28   Non-Instrumented BasicBlocks with 7 predecessor(s): 0
#23 23.28   Non-Instrumented BasicBlocks with 8 predecessor(s): 0
#23 23.28   Non-Instrumented BasicBlocks with 9 predecessor(s): 0
#23 23.28   Non-Instrumented BasicBlocks with >=10 predecessors: 0
#23 23.28 =======================================
#23 23.28 
#23 23.28 
#23 23.28 === AFL++ LLVM_MODE Instrumentation Statistics ===
#23 23.28 Total Basic Blocks: 53
#23 23.28 Instrumented Times: 0
#23 23.28 Instrumented Basic Blocks: 7
#23 23.28 Instrumentation Ratio: 13.21%
#23 23.28 Total Predecessors: 25
#23 23.28 Predecessor Count Distribution for Instrumented Basic Blocks:
#23 23.28   Instrumented BasicBlocks with 1 predecessor(s): 0
#23 23.28   Instrumented BasicBlocks with 2 predecessor(s): 5
#23 23.28   Instrumented BasicBlocks with 3 predecessor(s): 0
#23 23.28   Instrumented BasicBlocks with 4 predecessor(s): 0
#23 23.28   Instrumented BasicBlocks with 5 predecessor(s): 0
#23 23.28   Instrumented BasicBlocks with 6 predecessor(s): 1
#23 23.28   Instrumented BasicBlocks with 7 predecessor(s): 0
#23 23.28   Instrumented BasicBlocks with 8 predecessor(s): 0
#23 23.28   Instrumented BasicBlocks with 9 predecessor(s): 1
#23 23.28   Instrumented BasicBlocks with >=10 predecessors: 0
#23 23.28 Predecessor Count Distribution for Non-Instrumented Basic Blocks:
#23 23.28   Non-Instrumented BasicBlocks with 1 predecessor(s): 30
#23 23.28   Non-Instrumented BasicBlocks with 2 predecessor(s): 3
#23 23.28   Non-Instrumented BasicBlocks with 3 predecessor(s): 0
#23 23.28   Non-Instrumented BasicBlocks with 4 predecessor(s): 0
#23 23.28   Non-Instrumented BasicBlocks with 5 predecessor(s): 0
#23 23.28   Non-Instrumented BasicBlocks with 6 predecessor(s): 0
#23 23.28   Non-Instrumented BasicBlocks with 7 predecessor(s): 0
#23 23.28   Non-Instrumented BasicBlocks with 8 predecessor(s): 0
#23 23.28   Non-Instrumented BasicBlocks with 9 predecessor(s): 0
#23 23.28   Non-Instrumented BasicBlocks with >=10 predecessors: 0
#23 23.28 =======================================
#23 23.28 
#23 23.30 
#23 23.30 === AFL++ LLVM_MODE Instrumentation Statistics ===
#23 23.30 Total Basic Blocks: 131
#23 23.30 Instrumented Times: 0
#23 23.30 Instrumented Basic Blocks: 18
#23 23.30 Instrumentation Ratio: 13.74%
#23 23.30 Total Predecessors: 50
#23 23.30 Predecessor Count Distribution for Instrumented Basic Blocks:
#23 23.30   Instrumented BasicBlocks with 1 predecessor(s): 0
#23 23.30   Instrumented BasicBlocks with 2 predecessor(s): 13
#23 23.30   Instrumented BasicBlocks with 3 predecessor(s): 1
#23 23.30   Instrumented BasicBlocks with 4 predecessor(s): 2
#23 23.30   Instrumented BasicBlocks with 5 predecessor(s): 1
#23 23.30   Instrumented BasicBlocks with 6 predecessor(s): 0
#23 23.30   Instrumented BasicBlocks with 7 predecessor(s): 0
#23 23.30   Instrumented BasicBlocks with 8 predecessor(s): 1
#23 23.30   Instrumented BasicBlocks with 9 predecessor(s): 0
#23 23.30   Instrumented BasicBlocks with >=10 predecessors: 0
#23 23.30 Predecessor Count Distribution for Non-Instrumented Basic Blocks:
#23 23.30   Non-Instrumented BasicBlocks with 1 predecessor(s): 68
#23 23.30   Non-Instrumented BasicBlocks with 2 predecessor(s): 7
#23 23.30   Non-Instrumented BasicBlocks with 3 predecessor(s): 0
#23 23.30   Non-Instrumented BasicBlocks with 4 predecessor(s): 1
#23 23.30   Non-Instrumented BasicBlocks with 5 predecessor(s): 0
#23 23.30   Non-Instrumented BasicBlocks with 6 predecessor(s): 0
#23 23.30   Non-Instrumented BasicBlocks with 7 predecessor(s): 0
#23 23.30   Non-Instrumented BasicBlocks with 8 predecessor(s): 0
#23 23.30   Non-Instrumented BasicBlocks with 9 predecessor(s): 2
#23 23.30   Non-Instrumented BasicBlocks with >=10 predecessors: 0
#23 23.30 =======================================
#23 23.30 
#23 23.30 src/wavlike.c:834:11: warning: variable 'bytes' set but not used [-Wunused-but-set-variable]
#23 23.30   834 |         uint32_t bytes = 0 ;
#23 23.30       |                  ^
#23 23.30 
#23 23.30 === AFL++ LLVM_MODE Instrumentation Statistics ===
#23 23.30 Total Basic Blocks: 218
#23 23.30 Instrumented Times: 0
#23 23.30 Instrumented Basic Blocks: 32
#23 23.30 Instrumentation Ratio: 14.68%
#23 23.30 Total Predecessors: 71
#23 23.30 Predecessor Count Distribution for Instrumented Basic Blocks:
#23 23.30   Instrumented BasicBlocks with 1 predecessor(s): 0
#23 23.30   Instrumented BasicBlocks with 2 predecessor(s): 29
#23 23.30   Instrumented BasicBlocks with 3 predecessor(s): 2
#23 23.30   Instrumented BasicBlocks with 4 predecessor(s): 0
#23 23.30   Instrumented BasicBlocks with 5 predecessor(s): 0
#23 23.30   Instrumented BasicBlocks with 6 predecessor(s): 0
#23 23.30   Instrumented BasicBlocks with 7 predecessor(s): 1
#23 23.30   Instrumented BasicBlocks with 8 predecessor(s): 0
#23 23.30   Instrumented BasicBlocks with 9 predecessor(s): 0
#23 23.30   Instrumented BasicBlocks with >=10 predecessors: 0
#23 23.30 Predecessor Count Distribution for Non-Instrumented Basic Blocks:
#23 23.30   Non-Instrumented BasicBlocks with 1 predecessor(s): 118
#23 23.30   Non-Instrumented BasicBlocks with 2 predecessor(s): 29
#23 23.30   Non-Instrumented BasicBlocks with 3 predecessor(s): 0
#23 23.30   Non-Instrumented BasicBlocks with 4 predecessor(s): 0
#23 23.30   Non-Instrumented BasicBlocks with 5 predecessor(s): 0
#23 23.30   Non-Instrumented BasicBlocks with 6 predecessor(s): 0
#23 23.30   Non-Instrumented BasicBlocks with 7 predecessor(s): 0
#23 23.30   Non-Instrumented BasicBlocks with 8 predecessor(s): 0
#23 23.30   Non-Instrumented BasicBlocks with 9 predecessor(s): 0
#23 23.30   Non-Instrumented BasicBlocks with >=10 predecessors: 0
#23 23.30 =======================================
#23 23.30 
#23 23.30 
#23 23.30 === AFL++ LLVM_MODE Instrumentation Statistics ===
#23 23.30 Total Basic Blocks: 625
#23 23.30 Instrumented Times: 0
#23 23.30 Instrumented Basic Blocks: 79
#23 23.30 Instrumentation Ratio: 12.64%
#23 23.30 Total Predecessors: 210
#23 23.30 Predecessor Count Distribution for Instrumented Basic Blocks:
#23 23.30   Instrumented BasicBlocks with 1 predecessor(s): 0
#23 23.30   Instrumented BasicBlocks with 2 predecessor(s): 51
#23 23.30   Instrumented BasicBlocks with 3 predecessor(s): 19
#23 23.30   Instrumented BasicBlocks with 4 predecessor(s): 3
#23 23.30   Instrumented BasicBlocks with 5 predecessor(s): 2
#23 23.30   Instrumented BasicBlocks with 6 predecessor(s): 2
#23 23.30   Instrumented BasicBlocks with 7 predecessor(s): 1
#23 23.30   Instrumented BasicBlocks with 8 predecessor(s): 0
#23 23.30   Instrumented BasicBlocks with 9 predecessor(s): 0
#23 23.30   Instrumented BasicBlocks with >=10 predecessors: 1
#23 23.30 Predecessor Count Distribution for Non-Instrumented Basic Blocks:
#23 23.30   Non-Instrumented BasicBlocks with 1 predecessor(s): 375
#23 23.30   Non-Instrumented BasicBlocks with 2 predecessor(s): 60
#23 23.30   Non-Instrumented BasicBlocks with 3 predecessor(s): 5
#23 23.30   Non-Instrumented BasicBlocks with 4 predecessor(s): 1
#23 23.30   Non-Instrumented BasicBlocks with 5 predecessor(s): 0
#23 23.30   Non-Instrumented BasicBlocks with 6 predecessor(s): 0
#23 23.30   Non-Instrumented BasicBlocks with 7 predecessor(s): 0
#23 23.30   Non-Instrumented BasicBlocks with 8 predecessor(s): 0
#23 23.30   Non-Instrumented BasicBlocks with 9 predecessor(s): 1
#23 23.30   Non-Instrumented BasicBlocks with >=10 predecessors: 0
#23 23.30 =======================================
#23 23.30 
#23 23.31 
#23 23.31 === AFL++ LLVM_MODE Instrumentation Statistics ===
#23 23.31 Total Basic Blocks: 49
#23 23.31 Instrumented Times: 0
#23 23.31 Instrumented Basic Blocks: 5
#23 23.31 Instrumentation Ratio: 10.20%
#23 23.31 Total Predecessors: 10
#23 23.31 Predecessor Count Distribution for Instrumented Basic Blocks:
#23 23.31   Instrumented BasicBlocks with 1 predecessor(s): 0
#23 23.31   Instrumented BasicBlocks with 2 predecessor(s): 5
#23 23.31   Instrumented BasicBlocks with 3 predecessor(s): 0
#23 23.31   Instrumented BasicBlocks with 4 predecessor(s): 0
#23 23.31   Instrumented BasicBlocks with 5 predecessor(s): 0
#23 23.31   Instrumented BasicBlocks with 6 predecessor(s): 0
#23 23.31   Instrumented BasicBlocks with 7 predecessor(s): 0
#23 23.31   Instrumented BasicBlocks with 8 predecessor(s): 0
#23 23.31   Instrumented BasicBlocks with 9 predecessor(s): 0
#23 23.31   Instrumented BasicBlocks with >=10 predecessors: 0
#23 23.31 Predecessor Count Distribution for Non-Instrumented Basic Blocks:
#23 23.31   Non-Instrumented BasicBlocks with 1 predecessor(s): 21
#23 23.31   Non-Instrumented BasicBlocks with 2 predecessor(s): 9
#23 23.31   Non-Instrumented BasicBlocks with 3 predecessor(s): 0
#23 23.31   Non-Instrumented BasicBlocks with 4 predecessor(s): 0
#23 23.31   Non-Instrumented BasicBlocks with 5 predecessor(s): 0
#23 23.31   Non-Instrumented BasicBlocks with 6 predecessor(s): 0
#23 23.31   Non-Instrumented BasicBlocks with 7 predecessor(s): 0
#23 23.31   Non-Instrumented BasicBlocks with 8 predecessor(s): 0
#23 23.31   Non-Instrumented BasicBlocks with 9 predecessor(s): 0
#23 23.31   Non-Instrumented BasicBlocks with >=10 predecessors: 0
#23 23.31 =======================================
#23 23.31 
#23 23.32 
#23 23.32 === AFL++ LLVM_MODE Instrumentation Statistics ===
#23 23.32 Total Basic Blocks: 503
#23 23.32 Instrumented Times: 0
#23 23.32 Instrumented Basic Blocks: 77
#23 23.32 Instrumentation Ratio: 15.31%
#23 23.32 Total Predecessors: 229
#23 23.32 Predecessor Count Distribution for Instrumented Basic Blocks:
#23 23.32   Instrumented BasicBlocks with 1 predecessor(s): 0
#23 23.32   Instrumented BasicBlocks with 2 predecessor(s): 54
#23 23.32   Instrumented BasicBlocks with 3 predecessor(s): 12
#23 23.32   Instrumented BasicBlocks with 4 predecessor(s): 2
#23 23.32   Instrumented BasicBlocks with 5 predecessor(s): 3
#23 23.32   Instrumented BasicBlocks with 6 predecessor(s): 2
#23 23.32   Instrumented BasicBlocks with 7 predecessor(s): 0
#23 23.32   Instrumented BasicBlocks with 8 predecessor(s): 0
#23 23.32   Instrumented BasicBlocks with 9 predecessor(s): 0
#23 23.32   Instrumented BasicBlocks with >=10 predecessors: 4
#23 23.32 Predecessor Count Distribution for Non-Instrumented Basic Blocks:
#23 23.32   Non-Instrumented BasicBlocks with 1 predecessor(s): 274
#23 23.32   Non-Instrumented BasicBlocks with 2 predecessor(s): 34
#23 23.32   Non-Instrumented BasicBlocks with 3 predecessor(s): 1
#23 23.32   Non-Instrumented BasicBlocks with 4 predecessor(s): 0
#23 23.32   Non-Instrumented BasicBlocks with 5 predecessor(s): 2
#23 23.32   Non-Instrumented BasicBlocks with 6 predecessor(s): 0
#23 23.32   Non-Instrumented BasicBlocks with 7 predecessor(s): 0
#23 23.32   Non-Instrumented BasicBlocks with 8 predecessor(s): 1
#23 23.32   Non-Instrumented BasicBlocks with 9 predecessor(s): 0
#23 23.32   Non-Instrumented BasicBlocks with >=10 predecessors: 0
#23 23.32 =======================================
#23 23.32 
#23 23.32 
#23 23.32 === AFL++ LLVM_MODE Instrumentation Statistics ===
#23 23.32 Total Basic Blocks: 156
#23 23.32 Instrumented Times: 0
#23 23.32 Instrumented Basic Blocks: 24
#23 23.32 Instrumentation Ratio: 15.38%
#23 23.32 Total Predecessors: 79
#23 23.32 Predecessor Count Distribution for Instrumented Basic Blocks:
#23 23.32   Instrumented BasicBlocks with 1 predecessor(s): 0
#23 23.32   Instrumented BasicBlocks with 2 predecessor(s): 17
#23 23.32   Instrumented BasicBlocks with 3 predecessor(s): 2
#23 23.32   Instrumented BasicBlocks with 4 predecessor(s): 2
#23 23.32   Instrumented BasicBlocks with 5 predecessor(s): 0
#23 23.32   Instrumented BasicBlocks with 6 predecessor(s): 0
#23 23.32   Instrumented BasicBlocks with 7 predecessor(s): 1
#23 23.32   Instrumented BasicBlocks with 8 predecessor(s): 0
#23 23.32   Instrumented BasicBlocks with 9 predecessor(s): 0
#23 23.32   Instrumented BasicBlocks with >=10 predecessors: 2
#23 23.32 Predecessor Count Distribution for Non-Instrumented Basic Blocks:
#23 23.32   Non-Instrumented BasicBlocks with 1 predecessor(s): 88
#23 23.32   Non-Instrumented BasicBlocks with 2 predecessor(s): 9
#23 23.32   Non-Instrumented BasicBlocks with 3 predecessor(s): 0
#23 23.32   Non-Instrumented BasicBlocks with 4 predecessor(s): 0
#23 23.32   Non-Instrumented BasicBlocks with 5 predecessor(s): 0
#23 23.32   Non-Instrumented BasicBlocks with 6 predecessor(s): 0
#23 23.32   Non-Instrumented BasicBlocks with 7 predecessor(s): 0
#23 23.32   Non-Instrumented BasicBlocks with 8 predecessor(s): 0
#23 23.32   Non-Instrumented BasicBlocks with 9 predecessor(s): 0
#23 23.32   Non-Instrumented BasicBlocks with >=10 predecessors: 0
#23 23.32 =======================================
#23 23.32 
#23 23.33 
#23 23.33 === AFL++ LLVM_MODE Instrumentation Statistics ===
#23 23.33 Total Basic Blocks: 110
#23 23.33 Instrumented Times: 0
#23 23.33 Instrumented Basic Blocks: 18
#23 23.33 Instrumentation Ratio: 16.36%
#23 23.33 Total Predecessors: 53
#23 23.33 Predecessor Count Distribution for Instrumented Basic Blocks:
#23 23.33   Instrumented BasicBlocks with 1 predecessor(s): 0
#23 23.33   Instrumented BasicBlocks with 2 predecessor(s): 15
#23 23.33   Instrumented BasicBlocks with 3 predecessor(s): 1
#23 23.33   Instrumented BasicBlocks with 4 predecessor(s): 0
#23 23.33   Instrumented BasicBlocks with 5 predecessor(s): 0
#23 23.33   Instrumented BasicBlocks with 6 predecessor(s): 0
#23 23.33   Instrumented BasicBlocks with 7 predecessor(s): 0
#23 23.33   Instrumented BasicBlocks with 8 predecessor(s): 0
#23 23.33   Instrumented BasicBlocks with 9 predecessor(s): 1
#23 23.33   Instrumented BasicBlocks with >=10 predecessors: 1
#23 23.33 Predecessor Count Distribution for Non-Instrumented Basic Blocks:
#23 23.33   Non-Instrumented BasicBlocks with 1 predecessor(s): 48
#23 23.33   Non-Instrumented BasicBlocks with 2 predecessor(s): 8
#23 23.33   Non-Instrumented BasicBlocks with 3 predecessor(s): 0
#23 23.33   Non-Instrumented BasicBlocks with 4 predecessor(s): 0
#23 23.33   Non-Instrumented BasicBlocks with 5 predecessor(s): 0
#23 23.33   Non-Instrumented BasicBlocks with 6 predecessor(s): 0
#23 23.33   Non-Instrumented BasicBlocks with 7 predecessor(s): 0
#23 23.33   Non-Instrumented BasicBlocks with 8 predecessor(s): 0
#23 23.33   Non-Instrumented BasicBlocks with 9 predecessor(s): 0
#23 23.33   Non-Instrumented BasicBlocks with >=10 predecessors: 0
#23 23.33 =======================================
#23 23.33 
#23 23.33 
#23 23.33 === AFL++ LLVM_MODE Instrumentation Statistics ===
#23 23.33 Total Basic Blocks: 52
#23 23.33 Instrumented Times: 0
#23 23.33 Instrumented Basic Blocks: 7
#23 23.33 Instrumentation Ratio: 13.46%
#23 23.33 Total Predecessors: 17
#23 23.33 Predecessor Count Distribution for Instrumented Basic Blocks:
#23 23.33   Instrumented BasicBlocks with 1 predecessor(s): 0
#23 23.33   Instrumented BasicBlocks with 2 predecessor(s): 5
#23 23.33   Instrumented BasicBlocks with 3 predecessor(s): 1
#23 23.33   Instrumented BasicBlocks with 4 predecessor(s): 1
#23 23.33   Instrumented BasicBlocks with 5 predecessor(s): 0
#23 23.33   Instrumented BasicBlocks with 6 predecessor(s): 0
#23 23.33   Instrumented BasicBlocks with 7 predecessor(s): 0
#23 23.33   Instrumented BasicBlocks with 8 predecessor(s): 0
#23 23.33   Instrumented BasicBlocks with 9 predecessor(s): 0
#23 23.33   Instrumented BasicBlocks with >=10 predecessors: 0
#23 23.33 Predecessor Count Distribution for Non-Instrumented Basic Blocks:
#23 23.33   Non-Instrumented BasicBlocks with 1 predecessor(s): 19
#23 23.33   Non-Instrumented BasicBlocks with 2 predecessor(s): 5
#23 23.33   Non-Instrumented BasicBlocks with 3 predecessor(s): 1
#23 23.33   Non-Instrumented BasicBlocks with 4 predecessor(s): 0
#23 23.33   Non-Instrumented BasicBlocks with 5 predecessor(s): 0
#23 23.33   Non-Instrumented BasicBlocks with 6 predecessor(s): 0
#23 23.33   Non-Instrumented BasicBlocks with 7 predecessor(s): 0
#23 23.33   Non-Instrumented BasicBlocks with 8 predecessor(s): 0
#23 23.33   Non-Instrumented BasicBlocks with 9 predecessor(s): 0
#23 23.33   Non-Instrumented BasicBlocks with >=10 predecessors: 0
#23 23.33 =======================================
#23 23.33 
#23 23.34 
#23 23.34 === AFL++ LLVM_MODE Instrumentation Statistics ===
#23 23.34 Total Basic Blocks: 10
#23 23.34 Instrumented Times: 0
#23 23.34 Instrumented Basic Blocks: 1
#23 23.34 Instrumentation Ratio: 10.00%
#23 23.34 Total Predecessors: 2
#23 23.34 Predecessor Count Distribution for Instrumented Basic Blocks:
#23 23.34   Instrumented BasicBlocks with 1 predecessor(s): 0
#23 23.34   Instrumented BasicBlocks with 2 predecessor(s): 1
#23 23.34   Instrumented BasicBlocks with 3 predecessor(s): 0
#23 23.34   Instrumented BasicBlocks with 4 predecessor(s): 0
#23 23.34   Instrumented BasicBlocks with 5 predecessor(s): 0
#23 23.34   Instrumented BasicBlocks with 6 predecessor(s): 0
#23 23.34   Instrumented BasicBlocks with 7 predecessor(s): 0
#23 23.34   Instrumented BasicBlocks with 8 predecessor(s): 0
#23 23.34   Instrumented BasicBlocks with 9 predecessor(s): 0
#23 23.34   Instrumented BasicBlocks with >=10 predecessors: 0
#23 23.34 Predecessor Count Distribution for Non-Instrumented Basic Blocks:
#23 23.34   Non-Instrumented BasicBlocks with 1 predecessor(s): 6
#23 23.34   Non-Instrumented BasicBlocks with 2 predecessor(s): 2
#23 23.34   Non-Instrumented BasicBlocks with 3 predecessor(s): 0
#23 23.34   Non-Instrumented BasicBlocks with 4 predecessor(s): 0
#23 23.34   Non-Instrumented BasicBlocks with 5 predecessor(s): 0
#23 23.34   Non-Instrumented BasicBlocks with 6 predecessor(s): 0
#23 23.34   Non-Instrumented BasicBlocks with 7 predecessor(s): 0
#23 23.34   Non-Instrumented BasicBlocks with 8 predecessor(s): 0
#23 23.34   Non-Instrumented BasicBlocks with 9 predecessor(s): 0
#23 23.34   Non-Instrumented BasicBlocks with >=10 predecessors: 0
#23 23.34 =======================================
#23 23.34 
#23 23.35 
#23 23.35 === AFL++ LLVM_MODE Instrumentation Statistics ===
#23 23.35 Total Basic Blocks: 2383
#23 23.35 Instrumented Times: 0
#23 23.35 Instrumented Basic Blocks: 382
#23 23.35 Instrumentation Ratio: 16.03%
#23 23.35 Total Predecessors: 1373
#23 23.35 Predecessor Count Distribution for Instrumented Basic Blocks:
#23 23.35   Instrumented BasicBlocks with 1 predecessor(s): 0
#23 23.35   Instrumented BasicBlocks with 2 predecessor(s): 284
#23 23.35   Instrumented BasicBlocks with 3 predecessor(s): 47
#23 23.35   Instrumented BasicBlocks with 4 predecessor(s): 10
#23 23.35   Instrumented BasicBlocks with 5 predecessor(s): 6
#23 23.35   Instrumented BasicBlocks with 6 predecessor(s): 7
#23 23.35   Instrumented BasicBlocks with 7 predecessor(s): 1
#23 23.35   Instrumented BasicBlocks with 8 predecessor(s): 0
#23 23.35   Instrumented BasicBlocks with 9 predecessor(s): 1
#23 23.35   Instrumented BasicBlocks with >=10 predecessors: 26
#23 23.35 Predecessor Count Distribution for Non-Instrumented Basic Blocks:
#23 23.35   Non-Instrumented BasicBlocks with 1 predecessor(s): 1295
#23 23.35   Non-Instrumented BasicBlocks with 2 predecessor(s): 30
#23 23.35   Non-Instrumented BasicBlocks with 3 predecessor(s): 4
#23 23.35   Non-Instrumented BasicBlocks with 4 predecessor(s): 0
#23 23.35   Non-Instrumented BasicBlocks with 5 predecessor(s): 0
#23 23.35   Non-Instrumented BasicBlocks with 6 predecessor(s): 0
#23 23.35   Non-Instrumented BasicBlocks with 7 predecessor(s): 0
#23 23.35   Non-Instrumented BasicBlocks with 8 predecessor(s): 0
#23 23.35   Non-Instrumented BasicBlocks with 9 predecessor(s): 0
#23 23.35   Non-Instrumented BasicBlocks with >=10 predecessors: 0
#23 23.35 =======================================
#23 23.35 
#23 23.35 
#23 23.35 === AFL++ LLVM_MODE Instrumentation Statistics ===
#23 23.35 Total Basic Blocks: 292
#23 23.35 Instrumented Times: 0
#23 23.35 Instrumented Basic Blocks: 46
#23 23.35 Instrumentation Ratio: 15.75%
#23 23.35 Total Predecessors: 100
#23 23.35 Predecessor Count Distribution for Instrumented Basic Blocks:
#23 23.35   Instrumented BasicBlocks with 1 predecessor(s): 0
#23 23.35   Instrumented BasicBlocks with 2 predecessor(s): 40
#23 23.35   Instrumented BasicBlocks with 3 predecessor(s): 5
#23 23.35   Instrumented BasicBlocks with 4 predecessor(s): 0
#23 23.35   Instrumented BasicBlocks with 5 predecessor(s): 1
#23 23.35   Instrumented BasicBlocks with 6 predecessor(s): 0
#23 23.35   Instrumented BasicBlocks with 7 predecessor(s): 0
#23 23.35   Instrumented BasicBlocks with 8 predecessor(s): 0
#23 23.35   Instrumented BasicBlocks with 9 predecessor(s): 0
#23 23.35   Instrumented BasicBlocks with >=10 predecessors: 0
#23 23.35 Predecessor Count Distribution for Non-Instrumented Basic Blocks:
#23 23.35   Non-Instrumented BasicBlocks with 1 predecessor(s): 147
#23 23.35   Non-Instrumented BasicBlocks with 2 predecessor(s): 37
#23 23.35   Non-Instrumented BasicBlocks with 3 predecessor(s): 0
#23 23.35   Non-Instrumented BasicBlocks with 4 predecessor(s): 0
#23 23.35   Non-Instrumented BasicBlocks with 5 predecessor(s): 0
#23 23.35   Non-Instrumented BasicBlocks with 6 predecessor(s): 0
#23 23.35   Non-Instrumented BasicBlocks with 7 predecessor(s): 0
#23 23.35   Non-Instrumented BasicBlocks with 8 predecessor(s): 0
#23 23.35   Non-Instrumented BasicBlocks with 9 predecessor(s): 0
#23 23.35   Non-Instrumented BasicBlocks with >=10 predecessors: 0
#23 23.35 =======================================
#23 23.35 
#23 23.36 1 warning generated.
#23 23.38 
#23 23.38 === AFL++ LLVM_MODE Instrumentation Statistics ===
#23 23.38 Total Basic Blocks: 377
#23 23.38 Instrumented Times: 0
#23 23.38 Instrumented Basic Blocks: 52
#23 23.38 Instrumentation Ratio: 13.79%
#23 23.38 Total Predecessors: 135
#23 23.38 Predecessor Count Distribution for Instrumented Basic Blocks:
#23 23.38   Instrumented BasicBlocks with 1 predecessor(s): 0
#23 23.38   Instrumented BasicBlocks with 2 predecessor(s): 39
#23 23.38   Instrumented BasicBlocks with 3 predecessor(s): 3
#23 23.38   Instrumented BasicBlocks with 4 predecessor(s): 6
#23 23.38   Instrumented BasicBlocks with 5 predecessor(s): 1
#23 23.38   Instrumented BasicBlocks with 6 predecessor(s): 2
#23 23.38   Instrumented BasicBlocks with 7 predecessor(s): 1
#23 23.38   Instrumented BasicBlocks with 8 predecessor(s): 0
#23 23.38   Instrumented BasicBlocks with 9 predecessor(s): 0
#23 23.38   Instrumented BasicBlocks with >=10 predecessors: 0
#23 23.38 Predecessor Count Distribution for Non-Instrumented Basic Blocks:
#23 23.38   Non-Instrumented BasicBlocks with 1 predecessor(s): 211
#23 23.38   Non-Instrumented BasicBlocks with 2 predecessor(s): 36
#23 23.38   Non-Instrumented BasicBlocks with 3 predecessor(s): 0
#23 23.38   Non-Instrumented BasicBlocks with 4 predecessor(s): 0
#23 23.38   Non-Instrumented BasicBlocks with 5 predecessor(s): 1
#23 23.38   Non-Instrumented BasicBlocks with 6 predecessor(s): 0
#23 23.38   Non-Instrumented BasicBlocks with 7 predecessor(s): 0
#23 23.38   Non-Instrumented BasicBlocks with 8 predecessor(s): 0
#23 23.38   Non-Instrumented BasicBlocks with 9 predecessor(s): 0
#23 23.38   Non-Instrumented BasicBlocks with >=10 predecessors: 1
#23 23.38 =======================================
#23 23.38 
#23 23.38 
#23 23.38 === AFL++ LLVM_MODE Instrumentation Statistics ===
#23 23.38 Total Basic Blocks: 71
#23 23.38 Instrumented Times: 0
#23 23.38 Instrumented Basic Blocks: 13
#23 23.38 Instrumentation Ratio: 18.31%
#23 23.38 Total Predecessors: 29
#23 23.38 Predecessor Count Distribution for Instrumented Basic Blocks:
#23 23.38   Instrumented BasicBlocks with 1 predecessor(s): 0
#23 23.38   Instrumented BasicBlocks with 2 predecessor(s): 10
#23 23.38   Instrumented BasicBlocks with 3 predecessor(s): 3
#23 23.38   Instrumented BasicBlocks with 4 predecessor(s): 0
#23 23.38   Instrumented BasicBlocks with 5 predecessor(s): 0
#23 23.38   Instrumented BasicBlocks with 6 predecessor(s): 0
#23 23.38   Instrumented BasicBlocks with 7 predecessor(s): 0
#23 23.38   Instrumented BasicBlocks with 8 predecessor(s): 0
#23 23.38   Instrumented BasicBlocks with 9 predecessor(s): 0
#23 23.38   Instrumented BasicBlocks with >=10 predecessors: 0
#23 23.38 Predecessor Count Distribution for Non-Instrumented Basic Blocks:
#23 23.38   Non-Instrumented BasicBlocks with 1 predecessor(s): 33
#23 23.38   Non-Instrumented BasicBlocks with 2 predecessor(s): 6
#23 23.38   Non-Instrumented BasicBlocks with 3 predecessor(s): 0
#23 23.38   Non-Instrumented BasicBlocks with 4 predecessor(s): 0
#23 23.38   Non-Instrumented BasicBlocks with 5 predecessor(s): 0
#23 23.38   Non-Instrumented BasicBlocks with 6 predecessor(s): 0
#23 23.38   Non-Instrumented BasicBlocks with 7 predecessor(s): 0
#23 23.38   Non-Instrumented BasicBlocks with 8 predecessor(s): 0
#23 23.38   Non-Instrumented BasicBlocks with 9 predecessor(s): 0
#23 23.38   Non-Instrumented BasicBlocks with >=10 predecessors: 0
#23 23.38 =======================================
#23 23.38 
#23 23.40 
#23 23.40 *** Warning: Linking the shared library ossfuzz/libstandaloneengine.la against the
#23 23.40 *** static library /magma/fuzzers/aflplusplus_entropy/repo/utils/aflpp_driver/libAFLDriver.a is not portable!
#23 23.40 
#23 23.40 === AFL++ LLVM_MODE Instrumentation Statistics ===
#23 23.40 Total Basic Blocks: 476
#23 23.40 Instrumented Times: 0
#23 23.40 Instrumented Basic Blocks: 82
#23 23.40 Instrumentation Ratio: 17.23%
#23 23.40 Total Predecessors: 183
#23 23.40 Predecessor Count Distribution for Instrumented Basic Blocks:
#23 23.40   Instrumented BasicBlocks with 1 predecessor(s): 0
#23 23.40   Instrumented BasicBlocks with 2 predecessor(s): 77
#23 23.40   Instrumented BasicBlocks with 3 predecessor(s): 1
#23 23.40   Instrumented BasicBlocks with 4 predecessor(s): 2
#23 23.40   Instrumented BasicBlocks with 5 predecessor(s): 0
#23 23.40   Instrumented BasicBlocks with 6 predecessor(s): 0
#23 23.40   Instrumented BasicBlocks with 7 predecessor(s): 0
#23 23.40   Instrumented BasicBlocks with 8 predecessor(s): 0
#23 23.40   Instrumented BasicBlocks with 9 predecessor(s): 2
#23 23.40   Instrumented BasicBlocks with >=10 predecessors: 0
#23 23.40 Predecessor Count Distribution for Non-Instrumented Basic Blocks:
#23 23.40   Non-Instrumented BasicBlocks with 1 predecessor(s): 221
#23 23.40   Non-Instrumented BasicBlocks with 2 predecessor(s): 52
#23 23.40   Non-Instrumented BasicBlocks with 3 predecessor(s): 0
#23 23.40   Non-Instrumented BasicBlocks with 4 predecessor(s): 0
#23 23.40   Non-Instrumented BasicBlocks with 5 predecessor(s): 0
#23 23.40   Non-Instrumented BasicBlocks with 6 predecessor(s): 0
#23 23.40   Non-Instrumented BasicBlocks with 7 predecessor(s): 0
#23 23.40   Non-Instrumented BasicBlocks with 8 predecessor(s): 0
#23 23.40   Non-Instrumented BasicBlocks with 9 predecessor(s): 0
#23 23.40   Non-Instrumented BasicBlocks with >=10 predecessors: 0
#23 23.40 =======================================
#23 23.40 
#23 23.40 
#23 23.40 === AFL++ LLVM_MODE Instrumentation Statistics ===
#23 23.40 Total Basic Blocks: 69
#23 23.40 Instrumented Times: 0
#23 23.40 Instrumented Basic Blocks: 11
#23 23.40 Instrumentation Ratio: 15.94%
#23 23.40 Total Predecessors: 22
#23 23.40 Predecessor Count Distribution for Instrumented Basic Blocks:
#23 23.40   Instrumented BasicBlocks with 1 predecessor(s): 0
#23 23.40   Instrumented BasicBlocks with 2 predecessor(s): 11
#23 23.40   Instrumented BasicBlocks with 3 predecessor(s): 0
#23 23.40   Instrumented BasicBlocks with 4 predecessor(s): 0
#23 23.40   Instrumented BasicBlocks with 5 predecessor(s): 0
#23 23.40   Instrumented BasicBlocks with 6 predecessor(s): 0
#23 23.40   Instrumented BasicBlocks with 7 predecessor(s): 0
#23 23.40   Instrumented BasicBlocks with 8 predecessor(s): 0
#23 23.40   Instrumented BasicBlocks with 9 predecessor(s): 0
#23 23.40   Instrumented BasicBlocks with >=10 predecessors: 0
#23 23.40 Predecessor Count Distribution for Non-Instrumented Basic Blocks:
#23 23.40   Non-Instrumented BasicBlocks with 1 predecessor(s): 47
#23 23.40   Non-Instrumented BasicBlocks with 2 predecessor(s): 7
#23 23.40   Non-Instrumented BasicBlocks with 3 predecessor(s): 0
#23 23.40   Non-Instrumented BasicBlocks with 4 predecessor(s): 0
#23 23.40   Non-Instrumented BasicBlocks with 5 predecessor(s): 0
#23 23.40   Non-Instrumented BasicBlocks with 6 predecessor(s): 0
#23 23.40   Non-Instrumented BasicBlocks with 7 predecessor(s): 0
#23 23.40   Non-Instrumented BasicBlocks with 8 predecessor(s): 0
#23 23.40   Non-Instrumented BasicBlocks with 9 predecessor(s): 0
#23 23.40   Non-Instrumented BasicBlocks with >=10 predecessors: 0
#23 23.40 =======================================
#23 23.40 
#23 23.41 
#23 23.41 === AFL++ LLVM_MODE Instrumentation Statistics ===
#23 23.41 Total Basic Blocks: 29
#23 23.41 Instrumented Times: 0
#23 23.41 Instrumented Basic Blocks: 3
#23 23.41 Instrumentation Ratio: 10.34%
#23 23.41 Total Predecessors: 19
#23 23.41 Predecessor Count Distribution for Instrumented Basic Blocks:
#23 23.41   Instrumented BasicBlocks with 1 predecessor(s): 0
#23 23.41   Instrumented BasicBlocks with 2 predecessor(s): 0
#23 23.41   Instrumented BasicBlocks with 3 predecessor(s): 2
#23 23.41   Instrumented BasicBlocks with 4 predecessor(s): 0
#23 23.41   Instrumented BasicBlocks with 5 predecessor(s): 0
#23 23.41   Instrumented BasicBlocks with 6 predecessor(s): 0
#23 23.41   Instrumented BasicBlocks with 7 predecessor(s): 0
#23 23.41   Instrumented BasicBlocks with 8 predecessor(s): 0
#23 23.41   Instrumented BasicBlocks with 9 predecessor(s): 0
#23 23.41   Instrumented BasicBlocks with >=10 predecessors: 1
#23 23.41 Predecessor Count Distribution for Non-Instrumented Basic Blocks:
#23 23.41   Non-Instrumented BasicBlocks with 1 predecessor(s): 13
#23 23.41   Non-Instrumented BasicBlocks with 2 predecessor(s): 3
#23 23.41   Non-Instrumented BasicBlocks with 3 predecessor(s): 0
#23 23.41   Non-Instrumented BasicBlocks with 4 predecessor(s): 0
#23 23.41   Non-Instrumented BasicBlocks with 5 predecessor(s): 0
#23 23.41   Non-Instrumented BasicBlocks with 6 predecessor(s): 0
#23 23.41   Non-Instrumented BasicBlocks with 7 predecessor(s): 0
#23 23.41   Non-Instrumented BasicBlocks with 8 predecessor(s): 0
#23 23.41   Non-Instrumented BasicBlocks with 9 predecessor(s): 0
#23 23.41   Non-Instrumented BasicBlocks with >=10 predecessors: 0
#23 23.41 =======================================
#23 23.41 
#23 23.43 
#23 23.43 === AFL++ LLVM_MODE Instrumentation Statistics ===
#23 23.43 Total Basic Blocks: 397
#23 23.43 Instrumented Times: 0
#23 23.43 Instrumented Basic Blocks: 61
#23 23.43 Instrumentation Ratio: 15.37%
#23 23.43 Total Predecessors: 143
#23 23.43 Predecessor Count Distribution for Instrumented Basic Blocks:
#23 23.43   Instrumented BasicBlocks with 1 predecessor(s): 0
#23 23.43   Instrumented BasicBlocks with 2 predecessor(s): 53
#23 23.43   Instrumented BasicBlocks with 3 predecessor(s): 3
#23 23.43   Instrumented BasicBlocks with 4 predecessor(s): 2
#23 23.43   Instrumented BasicBlocks with 5 predecessor(s): 1
#23 23.43   Instrumented BasicBlocks with 6 predecessor(s): 1
#23 23.43   Instrumented BasicBlocks with 7 predecessor(s): 0
#23 23.43   Instrumented BasicBlocks with 8 predecessor(s): 0
#23 23.43   Instrumented BasicBlocks with 9 predecessor(s): 1
#23 23.43   Instrumented BasicBlocks with >=10 predecessors: 0
#23 23.43 Predecessor Count Distribution for Non-Instrumented Basic Blocks:
#23 23.43   Non-Instrumented BasicBlocks with 1 predecessor(s): 214
#23 23.43   Non-Instrumented BasicBlocks with 2 predecessor(s): 45
#23 23.43   Non-Instrumented BasicBlocks with 3 predecessor(s): 0
#23 23.43   Non-Instrumented BasicBlocks with 4 predecessor(s): 0
#23 23.43   Non-Instrumented BasicBlocks with 5 predecessor(s): 0
#23 23.43   Non-Instrumented BasicBlocks with 6 predecessor(s): 0
#23 23.43   Non-Instrumented BasicBlocks with 7 predecessor(s): 0
#23 23.43   Non-Instrumented BasicBlocks with 8 predecessor(s): 0
#23 23.43   Non-Instrumented BasicBlocks with 9 predecessor(s): 0
#23 23.43   Non-Instrumented BasicBlocks with >=10 predecessors: 0
#23 23.43 =======================================
#23 23.43 
#23 23.43 
#23 23.43 === AFL++ LLVM_MODE Instrumentation Statistics ===
#23 23.43 Total Basic Blocks: 912
#23 23.43 Instrumented Times: 0
#23 23.43 Instrumented Basic Blocks: 148
#23 23.43 Instrumentation Ratio: 16.23%
#23 23.43 Total Predecessors: 376
#23 23.43 Predecessor Count Distribution for Instrumented Basic Blocks:
#23 23.43   Instrumented BasicBlocks with 1 predecessor(s): 0
#23 23.43   Instrumented BasicBlocks with 2 predecessor(s): 125
#23 23.43   Instrumented BasicBlocks with 3 predecessor(s): 16
#23 23.43   Instrumented BasicBlocks with 4 predecessor(s): 2
#23 23.43   Instrumented BasicBlocks with 5 predecessor(s): 1
#23 23.43   Instrumented BasicBlocks with 6 predecessor(s): 1
#23 23.43   Instrumented BasicBlocks with 7 predecessor(s): 0
#23 23.43   Instrumented BasicBlocks with 8 predecessor(s): 0
#23 23.43   Instrumented BasicBlocks with 9 predecessor(s): 0
#23 23.43   Instrumented BasicBlocks with >=10 predecessors: 3
#23 23.43 Predecessor Count Distribution for Non-Instrumented Basic Blocks:
#23 23.43   Non-Instrumented BasicBlocks with 1 predecessor(s): 529
#23 23.43   Non-Instrumented BasicBlocks with 2 predecessor(s): 65
#23 23.43   Non-Instrumented BasicBlocks with 3 predecessor(s): 1
#23 23.43   Non-Instrumented BasicBlocks with 4 predecessor(s): 2
#23 23.43   Non-Instrumented BasicBlocks with 5 predecessor(s): 0
#23 23.43   Non-Instrumented BasicBlocks with 6 predecessor(s): 1
#23 23.43   Non-Instrumented BasicBlocks with 7 predecessor(s): 0
#23 23.43   Non-Instrumented BasicBlocks with 8 predecessor(s): 0
#23 23.43   Non-Instrumented BasicBlocks with 9 predecessor(s): 0
#23 23.43   Non-Instrumented BasicBlocks with >=10 predecessors: 2
#23 23.43 =======================================
#23 23.43 
#23 23.43 
#23 23.43 === AFL++ LLVM_MODE Instrumentation Statistics ===
#23 23.43 Total Basic Blocks: 8
#23 23.43 Instrumented Times: 0
#23 23.43 Instrumented Basic Blocks: 0
#23 23.43 Instrumentation Ratio: 0.00%
#23 23.43 Total Predecessors: 0
#23 23.43 Predecessor Count Distribution for Instrumented Basic Blocks:
#23 23.43   Instrumented BasicBlocks with 1 predecessor(s): 0
#23 23.43   Instrumented BasicBlocks with 2 predecessor(s): 0
#23 23.43   Instrumented BasicBlocks with 3 predecessor(s): 0
#23 23.43   Instrumented BasicBlocks with 4 predecessor(s): 0
#23 23.43   Instrumented BasicBlocks with 5 predecessor(s): 0
#23 23.43   Instrumented BasicBlocks with 6 predecessor(s): 0
#23 23.43   Instrumented BasicBlocks with 7 predecessor(s): 0
#23 23.43   Instrumented BasicBlocks with 8 predecessor(s): 0
#23 23.43   Instrumented BasicBlocks with 9 predecessor(s): 0
#23 23.43   Instrumented BasicBlocks with >=10 predecessors: 0
#23 23.43 Predecessor Count Distribution for Non-Instrumented Basic Blocks:
#23 23.43   Non-Instrumented BasicBlocks with 1 predecessor(s): 4
#23 23.43   Non-Instrumented BasicBlocks with 2 predecessor(s): 2
#23 23.43   Non-Instrumented BasicBlocks with 3 predecessor(s): 0
#23 23.43   Non-Instrumented BasicBlocks with 4 predecessor(s): 0
#23 23.43   Non-Instrumented BasicBlocks with 5 predecessor(s): 0
#23 23.43   Non-Instrumented BasicBlocks with 6 predecessor(s): 0
#23 23.43   Non-Instrumented BasicBlocks with 7 predecessor(s): 0
#23 23.43   Non-Instrumented BasicBlocks with 8 predecessor(s): 0
#23 23.43   Non-Instrumented BasicBlocks with 9 predecessor(s): 0
#23 23.43   Non-Instrumented BasicBlocks with >=10 predecessors: 0
#23 23.43 =======================================
#23 23.43 
#23 23.43 
#23 23.43 === AFL++ LLVM_MODE Instrumentation Statistics ===
#23 23.43 Total Basic Blocks: 51
#23 23.43 Instrumented Times: 0
#23 23.43 Instrumented Basic Blocks: 8
#23 23.43 Instrumentation Ratio: 15.69%
#23 23.43 Total Predecessors: 25
#23 23.43 Predecessor Count Distribution for Instrumented Basic Blocks:
#23 23.43   Instrumented BasicBlocks with 1 predecessor(s): 0
#23 23.43   Instrumented BasicBlocks with 2 predecessor(s): 3
#23 23.43   Instrumented BasicBlocks with 3 predecessor(s): 2
#23 23.43   Instrumented BasicBlocks with 4 predecessor(s): 2
#23 23.43   Instrumented BasicBlocks with 5 predecessor(s): 1
#23 23.43   Instrumented BasicBlocks with 6 predecessor(s): 0
#23 23.43   Instrumented BasicBlocks with 7 predecessor(s): 0
#23 23.43   Instrumented BasicBlocks with 8 predecessor(s): 0
#23 23.43   Instrumented BasicBlocks with 9 predecessor(s): 0
#23 23.43   Instrumented BasicBlocks with >=10 predecessors: 0
#23 23.43 Predecessor Count Distribution for Non-Instrumented Basic Blocks:
#23 23.43   Non-Instrumented BasicBlocks with 1 predecessor(s): 22
#23 23.43   Non-Instrumented BasicBlocks with 2 predecessor(s): 2
#23 23.43   Non-Instrumented BasicBlocks with 3 predecessor(s): 0
#23 23.43   Non-Instrumented BasicBlocks with 4 predecessor(s): 0
#23 23.43   Non-Instrumented BasicBlocks with 5 predecessor(s): 0
#23 23.43   Non-Instrumented BasicBlocks with 6 predecessor(s): 0
#23 23.43   Non-Instrumented BasicBlocks with 7 predecessor(s): 0
#23 23.43   Non-Instrumented BasicBlocks with 8 predecessor(s): 0
#23 23.43   Non-Instrumented BasicBlocks with 9 predecessor(s): 0
#23 23.43   Non-Instrumented BasicBlocks with >=10 predecessors: 0
#23 23.43 =======================================
#23 23.43 
#23 23.47 
#23 23.47 === AFL++ LLVM_MODE Instrumentation Statistics ===
#23 23.47 Total Basic Blocks: 44
#23 23.47 Instrumented Times: 0
#23 23.47 Instrumented Basic Blocks: 6
#23 23.47 Instrumentation Ratio: 13.64%
#23 23.47 Total Predecessors: 19
#23 23.47 Predecessor Count Distribution for Instrumented Basic Blocks:
#23 23.47   Instrumented BasicBlocks with 1 predecessor(s): 0
#23 23.47   Instrumented BasicBlocks with 2 predecessor(s): 2
#23 23.47   Instrumented BasicBlocks with 3 predecessor(s): 1
#23 23.47   Instrumented BasicBlocks with 4 predecessor(s): 3
#23 23.47   Instrumented BasicBlocks with 5 predecessor(s): 0
#23 23.47   Instrumented BasicBlocks with 6 predecessor(s): 0
#23 23.47   Instrumented BasicBlocks with 7 predecessor(s): 0
#23 23.47   Instrumented BasicBlocks with 8 predecessor(s): 0
#23 23.47   Instrumented BasicBlocks with 9 predecessor(s): 0
#23 23.47   Instrumented BasicBlocks with >=10 predecessors: 0
#23 23.47 Predecessor Count Distribution for Non-Instrumented Basic Blocks:
#23 23.47   Non-Instrumented BasicBlocks with 1 predecessor(s): 21
#23 23.47   Non-Instrumented BasicBlocks with 2 predecessor(s): 1
#23 23.47   Non-Instrumented BasicBlocks with 3 predecessor(s): 1
#23 23.47   Non-Instrumented BasicBlocks with 4 predecessor(s): 0
#23 23.47   Non-Instrumented BasicBlocks with 5 predecessor(s): 0
#23 23.47   Non-Instrumented BasicBlocks with 6 predecessor(s): 0
#23 23.47   Non-Instrumented BasicBlocks with 7 predecessor(s): 0
#23 23.47   Non-Instrumented BasicBlocks with 8 predecessor(s): 0
#23 23.47   Non-Instrumented BasicBlocks with 9 predecessor(s): 0
#23 23.47   Non-Instrumented BasicBlocks with >=10 predecessors: 0
#23 23.47 =======================================
#23 23.47 
#23 23.47 
#23 23.47 === AFL++ LLVM_MODE Instrumentation Statistics ===
#23 23.47 Total Basic Blocks: 67
#23 23.47 Instrumented Times: 0
#23 23.47 Instrumented Basic Blocks: 11
#23 23.47 Instrumentation Ratio: 16.42%
#23 23.47 Total Predecessors: 27
#23 23.47 Predecessor Count Distribution for Instrumented Basic Blocks:
#23 23.47   Instrumented BasicBlocks with 1 predecessor(s): 0
#23 23.47   Instrumented BasicBlocks with 2 predecessor(s): 7
#23 23.47   Instrumented BasicBlocks with 3 predecessor(s): 3
#23 23.47   Instrumented BasicBlocks with 4 predecessor(s): 1
#23 23.47   Instrumented BasicBlocks with 5 predecessor(s): 0
#23 23.47   Instrumented BasicBlocks with 6 predecessor(s): 0
#23 23.47   Instrumented BasicBlocks with 7 predecessor(s): 0
#23 23.47   Instrumented BasicBlocks with 8 predecessor(s): 0
#23 23.47   Instrumented BasicBlocks with 9 predecessor(s): 0
#23 23.47   Instrumented BasicBlocks with >=10 predecessors: 0
#23 23.47 Predecessor Count Distribution for Non-Instrumented Basic Blocks:
#23 23.47   Non-Instrumented BasicBlocks with 1 predecessor(s): 28
#23 23.47   Non-Instrumented BasicBlocks with 2 predecessor(s): 4
#23 23.47   Non-Instrumented BasicBlocks with 3 predecessor(s): 2
#23 23.47   Non-Instrumented BasicBlocks with 4 predecessor(s): 0
#23 23.47   Non-Instrumented BasicBlocks with 5 predecessor(s): 0
#23 23.47   Non-Instrumented BasicBlocks with 6 predecessor(s): 0
#23 23.47   Non-Instrumented BasicBlocks with 7 predecessor(s): 0
#23 23.47   Non-Instrumented BasicBlocks with 8 predecessor(s): 0
#23 23.47   Non-Instrumented BasicBlocks with 9 predecessor(s): 0
#23 23.47   Non-Instrumented BasicBlocks with >=10 predecessors: 0
#23 23.47 =======================================
#23 23.47 
#23 23.49 
#23 23.49 === AFL++ LLVM_MODE Instrumentation Statistics ===
#23 23.49 Total Basic Blocks: 179
#23 23.49 Instrumented Times: 0
#23 23.49 Instrumented Basic Blocks: 26
#23 23.49 Instrumentation Ratio: 14.53%
#23 23.49 Total Predecessors: 55
#23 23.49 Predecessor Count Distribution for Instrumented Basic Blocks:
#23 23.49   Instrumented BasicBlocks with 1 predecessor(s): 0
#23 23.49   Instrumented BasicBlocks with 2 predecessor(s): 25
#23 23.49   Instrumented BasicBlocks with 3 predecessor(s): 0
#23 23.49   Instrumented BasicBlocks with 4 predecessor(s): 0
#23 23.49   Instrumented BasicBlocks with 5 predecessor(s): 1
#23 23.49   Instrumented BasicBlocks with 6 predecessor(s): 0
#23 23.49   Instrumented BasicBlocks with 7 predecessor(s): 0
#23 23.49   Instrumented BasicBlocks with 8 predecessor(s): 0
#23 23.49   Instrumented BasicBlocks with 9 predecessor(s): 0
#23 23.49   Instrumented BasicBlocks with >=10 predecessors: 0
#23 23.49 Predecessor Count Distribution for Non-Instrumented Basic Blocks:
#23 23.49   Non-Instrumented BasicBlocks with 1 predecessor(s): 98
#23 23.49   Non-Instrumented BasicBlocks with 2 predecessor(s): 25
#23 23.49   Non-Instrumented BasicBlocks with 3 predecessor(s): 0
#23 23.49   Non-Instrumented BasicBlocks with 4 predecessor(s): 0
#23 23.49   Non-Instrumented BasicBlocks with 5 predecessor(s): 0
#23 23.49   Non-Instrumented BasicBlocks with 6 predecessor(s): 0
#23 23.49   Non-Instrumented BasicBlocks with 7 predecessor(s): 0
#23 23.49   Non-Instrumented BasicBlocks with 8 predecessor(s): 0
#23 23.49   Non-Instrumented BasicBlocks with 9 predecessor(s): 0
#23 23.49   Non-Instrumented BasicBlocks with >=10 predecessors: 0
#23 23.49 =======================================
#23 23.49 
#23 23.50 
#23 23.50 === AFL++ LLVM_MODE Instrumentation Statistics ===
#23 23.50 Total Basic Blocks: 55
#23 23.50 Instrumented Times: 0
#23 23.50 Instrumented Basic Blocks: 9
#23 23.50 Instrumentation Ratio: 16.36%
#23 23.50 Total Predecessors: 29
#23 23.50 Predecessor Count Distribution for Instrumented Basic Blocks:
#23 23.50   Instrumented BasicBlocks with 1 predecessor(s): 0
#23 23.50   Instrumented BasicBlocks with 2 predecessor(s): 5
#23 23.50   Instrumented BasicBlocks with 3 predecessor(s): 2
#23 23.50   Instrumented BasicBlocks with 4 predecessor(s): 0
#23 23.50   Instrumented BasicBlocks with 5 predecessor(s): 1
#23 23.50   Instrumented BasicBlocks with 6 predecessor(s): 0
#23 23.50   Instrumented BasicBlocks with 7 predecessor(s): 0
#23 23.50   Instrumented BasicBlocks with 8 predecessor(s): 1
#23 23.50   Instrumented BasicBlocks with 9 predecessor(s): 0
#23 23.50   Instrumented BasicBlocks with >=10 predecessors: 0
#23 23.50 Predecessor Count Distribution for Non-Instrumented Basic Blocks:
#23 23.50   Non-Instrumented BasicBlocks with 1 predecessor(s): 30
#23 23.50   Non-Instrumented BasicBlocks with 2 predecessor(s): 2
#23 23.50   Non-Instrumented BasicBlocks with 3 predecessor(s): 1
#23 23.50   Non-Instrumented BasicBlocks with 4 predecessor(s): 0
#23 23.50   Non-Instrumented BasicBlocks with 5 predecessor(s): 0
#23 23.50   Non-Instrumented BasicBlocks with 6 predecessor(s): 0
#23 23.50   Non-Instrumented BasicBlocks with 7 predecessor(s): 0
#23 23.50   Non-Instrumented BasicBlocks with 8 predecessor(s): 0
#23 23.50   Non-Instrumented BasicBlocks with 9 predecessor(s): 0
#23 23.50   Non-Instrumented BasicBlocks with >=10 predecessors: 0
#23 23.50 =======================================
#23 23.50 
#23 23.50 
#23 23.50 === AFL++ LLVM_MODE Instrumentation Statistics ===
#23 23.50 Total Basic Blocks: 240
#23 23.50 Instrumented Times: 0
#23 23.50 Instrumented Basic Blocks: 36
#23 23.50 Instrumentation Ratio: 15.00%
#23 23.50 Total Predecessors: 79
#23 23.50 Predecessor Count Distribution for Instrumented Basic Blocks:
#23 23.50   Instrumented BasicBlocks with 1 predecessor(s): 0
#23 23.50   Instrumented BasicBlocks with 2 predecessor(s): 32
#23 23.50   Instrumented BasicBlocks with 3 predecessor(s): 2
#23 23.50   Instrumented BasicBlocks with 4 predecessor(s): 1
#23 23.50   Instrumented BasicBlocks with 5 predecessor(s): 1
#23 23.50   Instrumented BasicBlocks with 6 predecessor(s): 0
#23 23.50   Instrumented BasicBlocks with 7 predecessor(s): 0
#23 23.50   Instrumented BasicBlocks with 8 predecessor(s): 0
#23 23.50   Instrumented BasicBlocks with 9 predecessor(s): 0
#23 23.50   Instrumented BasicBlocks with >=10 predecessors: 0
#23 23.50 Predecessor Count Distribution for Non-Instrumented Basic Blocks:
#23 23.50   Non-Instrumented BasicBlocks with 1 predecessor(s): 164
#23 23.50   Non-Instrumented BasicBlocks with 2 predecessor(s): 19
#23 23.50   Non-Instrumented BasicBlocks with 3 predecessor(s): 0
#23 23.50   Non-Instrumented BasicBlocks with 4 predecessor(s): 0
#23 23.50   Non-Instrumented BasicBlocks with 5 predecessor(s): 0
#23 23.50   Non-Instrumented BasicBlocks with 6 predecessor(s): 0
#23 23.50   Non-Instrumented BasicBlocks with 7 predecessor(s): 0
#23 23.50   Non-Instrumented BasicBlocks with 8 predecessor(s): 0
#23 23.50   Non-Instrumented BasicBlocks with 9 predecessor(s): 0
#23 23.50   Non-Instrumented BasicBlocks with >=10 predecessors: 0
#23 23.50 =======================================
#23 23.50 
#23 23.51 
#23 23.51 === AFL++ LLVM_MODE Instrumentation Statistics ===
#23 23.51 Total Basic Blocks: 14
#23 23.51 Instrumented Times: 0
#23 23.51 Instrumented Basic Blocks: 2
#23 23.51 Instrumentation Ratio: 14.29%
#23 23.51 Total Predecessors: 4
#23 23.51 Predecessor Count Distribution for Instrumented Basic Blocks:
#23 23.51   Instrumented BasicBlocks with 1 predecessor(s): 0
#23 23.51   Instrumented BasicBlocks with 2 predecessor(s): 2
#23 23.51   Instrumented BasicBlocks with 3 predecessor(s): 0
#23 23.51   Instrumented BasicBlocks with 4 predecessor(s): 0
#23 23.51   Instrumented BasicBlocks with 5 predecessor(s): 0
#23 23.51   Instrumented BasicBlocks with 6 predecessor(s): 0
#23 23.51   Instrumented BasicBlocks with 7 predecessor(s): 0
#23 23.51   Instrumented BasicBlocks with 8 predecessor(s): 0
#23 23.51   Instrumented BasicBlocks with 9 predecessor(s): 0
#23 23.51   Instrumented BasicBlocks with >=10 predecessors: 0
#23 23.51 Predecessor Count Distribution for Non-Instrumented Basic Blocks:
#23 23.51   Non-Instrumented BasicBlocks with 1 predecessor(s): 6
#23 23.51   Non-Instrumented BasicBlocks with 2 predecessor(s): 2
#23 23.51   Non-Instrumented BasicBlocks with 3 predecessor(s): 0
#23 23.51   Non-Instrumented BasicBlocks with 4 predecessor(s): 0
#23 23.51   Non-Instrumented BasicBlocks with 5 predecessor(s): 0
#23 23.51   Non-Instrumented BasicBlocks with 6 predecessor(s): 0
#23 23.51   Non-Instrumented BasicBlocks with 7 predecessor(s): 0
#23 23.51   Non-Instrumented BasicBlocks with 8 predecessor(s): 0
#23 23.51   Non-Instrumented BasicBlocks with 9 predecessor(s): 0
#23 23.51   Non-Instrumented BasicBlocks with >=10 predecessors: 0
#23 23.51 =======================================
#23 23.51 
#23 23.52 
#23 23.52 === AFL++ LLVM_MODE Instrumentation Statistics ===
#23 23.52 Total Basic Blocks: 21
#23 23.52 Instrumented Times: 0
#23 23.52 Instrumented Basic Blocks: 2
#23 23.52 Instrumentation Ratio: 9.52%
#23 23.52 Total Predecessors: 5
#23 23.52 Predecessor Count Distribution for Instrumented Basic Blocks:
#23 23.52   Instrumented BasicBlocks with 1 predecessor(s): 0
#23 23.52   Instrumented BasicBlocks with 2 predecessor(s): 1
#23 23.52   Instrumented BasicBlocks with 3 predecessor(s): 1
#23 23.52   Instrumented BasicBlocks with 4 predecessor(s): 0
#23 23.52   Instrumented BasicBlocks with 5 predecessor(s): 0
#23 23.52   Instrumented BasicBlocks with 6 predecessor(s): 0
#23 23.52   Instrumented BasicBlocks with 7 predecessor(s): 0
#23 23.52   Instrumented BasicBlocks with 8 predecessor(s): 0
#23 23.52   Instrumented BasicBlocks with 9 predecessor(s): 0
#23 23.52   Instrumented BasicBlocks with >=10 predecessors: 0
#23 23.52 Predecessor Count Distribution for Non-Instrumented Basic Blocks:
#23 23.52   Non-Instrumented BasicBlocks with 1 predecessor(s): 13
#23 23.52   Non-Instrumented BasicBlocks with 2 predecessor(s): 2
#23 23.52   Non-Instrumented BasicBlocks with 3 predecessor(s): 0
#23 23.52   Non-Instrumented BasicBlocks with 4 predecessor(s): 0
#23 23.52   Non-Instrumented BasicBlocks with 5 predecessor(s): 0
#23 23.52   Non-Instrumented BasicBlocks with 6 predecessor(s): 0
#23 23.52   Non-Instrumented BasicBlocks with 7 predecessor(s): 0
#23 23.52   Non-Instrumented BasicBlocks with 8 predecessor(s): 0
#23 23.52   Non-Instrumented BasicBlocks with 9 predecessor(s): 0
#23 23.52   Non-Instrumented BasicBlocks with >=10 predecessors: 0
#23 23.52 =======================================
#23 23.52 
#23 23.53 
#23 23.53 === AFL++ LLVM_MODE Instrumentation Statistics ===
#23 23.53 Total Basic Blocks: 168
#23 23.53 Instrumented Times: 0
#23 23.53 Instrumented Basic Blocks: 22
#23 23.53 Instrumentation Ratio: 13.10%
#23 23.53 Total Predecessors: 46
#23 23.53 Predecessor Count Distribution for Instrumented Basic Blocks:
#23 23.53   Instrumented BasicBlocks with 1 predecessor(s): 0
#23 23.53   Instrumented BasicBlocks with 2 predecessor(s): 20
#23 23.53   Instrumented BasicBlocks with 3 predecessor(s): 2
#23 23.53   Instrumented BasicBlocks with 4 predecessor(s): 0
#23 23.53   Instrumented BasicBlocks with 5 predecessor(s): 0
#23 23.53   Instrumented BasicBlocks with 6 predecessor(s): 0
#23 23.53   Instrumented BasicBlocks with 7 predecessor(s): 0
#23 23.53   Instrumented BasicBlocks with 8 predecessor(s): 0
#23 23.53   Instrumented BasicBlocks with 9 predecessor(s): 0
#23 23.53   Instrumented BasicBlocks with >=10 predecessors: 0
#23 23.53 Predecessor Count Distribution for Non-Instrumented Basic Blocks:
#23 23.53   Non-Instrumented BasicBlocks with 1 predecessor(s): 84
#23 23.53   Non-Instrumented BasicBlocks with 2 predecessor(s): 15
#23 23.53   Non-Instrumented BasicBlocks with 3 predecessor(s): 0
#23 23.53   Non-Instrumented BasicBlocks with 4 predecessor(s): 0
#23 23.53   Non-Instrumented BasicBlocks with 5 predecessor(s): 0
#23 23.53   Non-Instrumented BasicBlocks with 6 predecessor(s): 0
#23 23.53   Non-Instrumented BasicBlocks with 7 predecessor(s): 0
#23 23.53   Non-Instrumented BasicBlocks with 8 predecessor(s): 0
#23 23.53   Non-Instrumented BasicBlocks with 9 predecessor(s): 0
#23 23.53   Non-Instrumented BasicBlocks with >=10 predecessors: 0
#23 23.53 =======================================
#23 23.53 
#23 23.56 
#23 23.56 === AFL++ LLVM_MODE Instrumentation Statistics ===
#23 23.56 Total Basic Blocks: 101
#23 23.56 Instrumented Times: 0
#23 23.56 Instrumented Basic Blocks: 16
#23 23.56 Instrumentation Ratio: 15.84%
#23 23.56 Total Predecessors: 48
#23 23.56 Predecessor Count Distribution for Instrumented Basic Blocks:
#23 23.56   Instrumented BasicBlocks with 1 predecessor(s): 0
#23 23.56   Instrumented BasicBlocks with 2 predecessor(s): 9
#23 23.56   Instrumented BasicBlocks with 3 predecessor(s): 2
#23 23.56   Instrumented BasicBlocks with 4 predecessor(s): 2
#23 23.56   Instrumented BasicBlocks with 5 predecessor(s): 2
#23 23.56   Instrumented BasicBlocks with 6 predecessor(s): 1
#23 23.56   Instrumented BasicBlocks with 7 predecessor(s): 0
#23 23.56   Instrumented BasicBlocks with 8 predecessor(s): 0
#23 23.56   Instrumented BasicBlocks with 9 predecessor(s): 0
#23 23.56   Instrumented BasicBlocks with >=10 predecessors: 0
#23 23.56 Predecessor Count Distribution for Non-Instrumented Basic Blocks:
#23 23.56   Non-Instrumented BasicBlocks with 1 predecessor(s): 55
#23 23.56   Non-Instrumented BasicBlocks with 2 predecessor(s): 3
#23 23.56   Non-Instrumented BasicBlocks with 3 predecessor(s): 0
#23 23.56   Non-Instrumented BasicBlocks with 4 predecessor(s): 0
#23 23.56   Non-Instrumented BasicBlocks with 5 predecessor(s): 0
#23 23.56   Non-Instrumented BasicBlocks with 6 predecessor(s): 2
#23 23.56   Non-Instrumented BasicBlocks with 7 predecessor(s): 0
#23 23.56   Non-Instrumented BasicBlocks with 8 predecessor(s): 0
#23 23.56   Non-Instrumented BasicBlocks with 9 predecessor(s): 0
#23 23.56   Non-Instrumented BasicBlocks with >=10 predecessors: 0
#23 23.56 =======================================
#23 23.56 
#23 23.56 
#23 23.56 === AFL++ LLVM_MODE Instrumentation Statistics ===
#23 23.56 Total Basic Blocks: 145
#23 23.56 Instrumented Times: 0
#23 23.56 Instrumented Basic Blocks: 18
#23 23.56 Instrumentation Ratio: 12.41%
#23 23.56 Total Predecessors: 48
#23 23.56 Predecessor Count Distribution for Instrumented Basic Blocks:
#23 23.56   Instrumented BasicBlocks with 1 predecessor(s): 0
#23 23.56   Instrumented BasicBlocks with 2 predecessor(s): 12
#23 23.56   Instrumented BasicBlocks with 3 predecessor(s): 0
#23 23.56   Instrumented BasicBlocks with 4 predecessor(s): 6
#23 23.56   Instrumented BasicBlocks with 5 predecessor(s): 0
#23 23.56   Instrumented BasicBlocks with 6 predecessor(s): 0
#23 23.56   Instrumented BasicBlocks with 7 predecessor(s): 0
#23 23.56   Instrumented BasicBlocks with 8 predecessor(s): 0
#23 23.56   Instrumented BasicBlocks with 9 predecessor(s): 0
#23 23.56   Instrumented BasicBlocks with >=10 predecessors: 0
#23 23.56 Predecessor Count Distribution for Non-Instrumented Basic Blocks:
#23 23.56   Non-Instrumented BasicBlocks with 1 predecessor(s): 87
#23 23.56   Non-Instrumented BasicBlocks with 2 predecessor(s): 14
#23 23.56   Non-Instrumented BasicBlocks with 3 predecessor(s): 0
#23 23.56   Non-Instrumented BasicBlocks with 4 predecessor(s): 0
#23 23.56   Non-Instrumented BasicBlocks with 5 predecessor(s): 0
#23 23.56   Non-Instrumented BasicBlocks with 6 predecessor(s): 0
#23 23.56   Non-Instrumented BasicBlocks with 7 predecessor(s): 0
#23 23.56   Non-Instrumented BasicBlocks with 8 predecessor(s): 0
#23 23.56   Non-Instrumented BasicBlocks with 9 predecessor(s): 0
#23 23.56   Non-Instrumented BasicBlocks with >=10 predecessors: 0
#23 23.56 =======================================
#23 23.56 
#23 23.56 
#23 23.56 === AFL++ LLVM_MODE Instrumentation Statistics ===
#23 23.56 Total Basic Blocks: 1126
#23 23.56 Instrumented Times: 0
#23 23.56 Instrumented Basic Blocks: 154
#23 23.56 Instrumentation Ratio: 13.68%
#23 23.56 Total Predecessors: 338
#23 23.56 Predecessor Count Distribution for Instrumented Basic Blocks:
#23 23.56   Instrumented BasicBlocks with 1 predecessor(s): 0
#23 23.56   Instrumented BasicBlocks with 2 predecessor(s): 135
#23 23.56   Instrumented BasicBlocks with 3 predecessor(s): 16
#23 23.56   Instrumented BasicBlocks with 4 predecessor(s): 1
#23 23.56   Instrumented BasicBlocks with 5 predecessor(s): 0
#23 23.56   Instrumented BasicBlocks with 6 predecessor(s): 0
#23 23.56   Instrumented BasicBlocks with 7 predecessor(s): 0
#23 23.56   Instrumented BasicBlocks with 8 predecessor(s): 2
#23 23.56   Instrumented BasicBlocks with 9 predecessor(s): 0
#23 23.56   Instrumented BasicBlocks with >=10 predecessors: 0
#23 23.56 Predecessor Count Distribution for Non-Instrumented Basic Blocks:
#23 23.56   Non-Instrumented BasicBlocks with 1 predecessor(s): 555
#23 23.56   Non-Instrumented BasicBlocks with 2 predecessor(s): 139
#23 23.56   Non-Instrumented BasicBlocks with 3 predecessor(s): 0
#23 23.56   Non-Instrumented BasicBlocks with 4 predecessor(s): 0
#23 23.56   Non-Instrumented BasicBlocks with 5 predecessor(s): 0
#23 23.56   Non-Instrumented BasicBlocks with 6 predecessor(s): 0
#23 23.56   Non-Instrumented BasicBlocks with 7 predecessor(s): 0
#23 23.56   Non-Instrumented BasicBlocks with 8 predecessor(s): 0
#23 23.56   Non-Instrumented BasicBlocks with 9 predecessor(s): 0
#23 23.56   Non-Instrumented BasicBlocks with >=10 predecessors: 0
#23 23.56 =======================================
#23 23.56 
#23 23.56 
#23 23.56 === AFL++ LLVM_MODE Instrumentation Statistics ===
#23 23.56 Total Basic Blocks: 7
#23 23.56 Instrumented Times: 0
#23 23.56 Instrumented Basic Blocks: 1
#23 23.56 Instrumentation Ratio: 14.29%
#23 23.56 Total Predecessors: 2
#23 23.56 Predecessor Count Distribution for Instrumented Basic Blocks:
#23 23.56   Instrumented BasicBlocks with 1 predecessor(s): 0
#23 23.56   Instrumented BasicBlocks with 2 predecessor(s): 1
#23 23.56   Instrumented BasicBlocks with 3 predecessor(s): 0
#23 23.56   Instrumented BasicBlocks with 4 predecessor(s): 0
#23 23.56   Instrumented BasicBlocks with 5 predecessor(s): 0
#23 23.56   Instrumented BasicBlocks with 6 predecessor(s): 0
#23 23.56   Instrumented BasicBlocks with 7 predecessor(s): 0
#23 23.56   Instrumented BasicBlocks with 8 predecessor(s): 0
#23 23.56   Instrumented BasicBlocks with 9 predecessor(s): 0
#23 23.56   Instrumented BasicBlocks with >=10 predecessors: 0
#23 23.56 Predecessor Count Distribution for Non-Instrumented Basic Blocks:
#23 23.56   Non-Instrumented BasicBlocks with 1 predecessor(s): 4
#23 23.56   Non-Instrumented BasicBlocks with 2 predecessor(s): 1
#23 23.56   Non-Instrumented BasicBlocks with 3 predecessor(s): 0
#23 23.56   Non-Instrumented BasicBlocks with 4 predecessor(s): 0
#23 23.56   Non-Instrumented BasicBlocks with 5 predecessor(s): 0
#23 23.56   Non-Instrumented BasicBlocks with 6 predecessor(s): 0
#23 23.56   Non-Instrumented BasicBlocks with 7 predecessor(s): 0
#23 23.56   Non-Instrumented BasicBlocks with 8 predecessor(s): 0
#23 23.56   Non-Instrumented BasicBlocks with 9 predecessor(s): 0
#23 23.56   Non-Instrumented BasicBlocks with >=10 predecessors: 0
#23 23.56 =======================================
#23 23.56 
#23 23.57 /usr/bin/ar: `u' modifier ignored since `D' is the default (see `U')
#23 23.58 
#23 23.58 === AFL++ LLVM_MODE Instrumentation Statistics ===
#23 23.58 Total Basic Blocks: 5
#23 23.58 Instrumented Times: 0
#23 23.58 Instrumented Basic Blocks: 0
#23 23.58 Instrumentation Ratio: 0.00%
#23 23.58 Total Predecessors: 0
#23 23.58 Predecessor Count Distribution for Instrumented Basic Blocks:
#23 23.58   Instrumented BasicBlocks with 1 predecessor(s): 0
#23 23.58   Instrumented BasicBlocks with 2 predecessor(s): 0
#23 23.58   Instrumented BasicBlocks with 3 predecessor(s): 0
#23 23.58   Instrumented BasicBlocks with 4 predecessor(s): 0
#23 23.58   Instrumented BasicBlocks with 5 predecessor(s): 0
#23 23.58   Instrumented BasicBlocks with 6 predecessor(s): 0
#23 23.58   Instrumented BasicBlocks with 7 predecessor(s): 0
#23 23.58   Instrumented BasicBlocks with 8 predecessor(s): 0
#23 23.58   Instrumented BasicBlocks with 9 predecessor(s): 0
#23 23.58   Instrumented BasicBlocks with >=10 predecessors: 0
#23 23.58 Predecessor Count Distribution for Non-Instrumented Basic Blocks:
#23 23.58   Non-Instrumented BasicBlocks with 1 predecessor(s): 2
#23 23.58   Non-Instrumented BasicBlocks with 2 predecessor(s): 1
#23 23.58   Non-Instrumented BasicBlocks with 3 predecessor(s): 0
#23 23.58   Non-Instrumented BasicBlocks with 4 predecessor(s): 0
#23 23.58   Non-Instrumented BasicBlocks with 5 predecessor(s): 0
#23 23.58   Non-Instrumented BasicBlocks with 6 predecessor(s): 0
#23 23.58   Non-Instrumented BasicBlocks with 7 predecessor(s): 0
#23 23.58   Non-Instrumented BasicBlocks with 8 predecessor(s): 0
#23 23.58   Non-Instrumented BasicBlocks with 9 predecessor(s): 0
#23 23.58   Non-Instrumented BasicBlocks with >=10 predecessors: 0
#23 23.58 =======================================
#23 23.58 
#23 23.59   CCLD     src/GSM610/libgsm.la
#23 23.59 
#23 23.59 === AFL++ LLVM_MODE Instrumentation Statistics ===
#23 23.59 Total Basic Blocks: 395
#23 23.59 Instrumented Times: 0
#23 23.59 Instrumented Basic Blocks: 72
#23 23.59 Instrumentation Ratio: 18.23%
#23 23.59 Total Predecessors: 182
#23 23.59 Predecessor Count Distribution for Instrumented Basic Blocks:
#23 23.59   Instrumented BasicBlocks with 1 predecessor(s): 0
#23 23.59   Instrumented BasicBlocks with 2 predecessor(s): 56
#23 23.59   Instrumented BasicBlocks with 3 predecessor(s): 3
#23 23.59   Instrumented BasicBlocks with 4 predecessor(s): 4
#23 23.59   Instrumented BasicBlocks with 5 predecessor(s): 9
#23 23.59   Instrumented BasicBlocks with 6 predecessor(s): 0
#23 23.59   Instrumented BasicBlocks with 7 predecessor(s): 0
#23 23.59   Instrumented BasicBlocks with 8 predecessor(s): 0
#23 23.59   Instrumented BasicBlocks with 9 predecessor(s): 0
#23 23.59   Instrumented BasicBlocks with >=10 predecessors: 0
#23 23.59 Predecessor Count Distribution for Non-Instrumented Basic Blocks:
#23 23.59   Non-Instrumented BasicBlocks with 1 predecessor(s): 230
#23 23.59   Non-Instrumented BasicBlocks with 2 predecessor(s): 29
#23 23.59   Non-Instrumented BasicBlocks with 3 predecessor(s): 0
#23 23.59   Non-Instrumented BasicBlocks with 4 predecessor(s): 0
#23 23.59   Non-Instrumented BasicBlocks with 5 predecessor(s): 0
#23 23.59   Non-Instrumented BasicBlocks with 6 predecessor(s): 0
#23 23.59   Non-Instrumented BasicBlocks with 7 predecessor(s): 0
#23 23.59   Non-Instrumented BasicBlocks with 8 predecessor(s): 0
#23 23.59   Non-Instrumented BasicBlocks with 9 predecessor(s): 0
#23 23.59   Non-Instrumented BasicBlocks with >=10 predecessors: 0
#23 23.59 =======================================
#23 23.59 
#23 23.60 
#23 23.60 === AFL++ LLVM_MODE Instrumentation Statistics ===
#23 23.60 Total Basic Blocks: 318
#23 23.60 Instrumented Times: 0
#23 23.60 Instrumented Basic Blocks: 53
#23 23.60 Instrumentation Ratio: 16.67%
#23 23.60 Total Predecessors: 139
#23 23.60 Predecessor Count Distribution for Instrumented Basic Blocks:
#23 23.60   Instrumented BasicBlocks with 1 predecessor(s): 0
#23 23.60   Instrumented BasicBlocks with 2 predecessor(s): 41
#23 23.60   Instrumented BasicBlocks with 3 predecessor(s): 3
#23 23.60   Instrumented BasicBlocks with 4 predecessor(s): 4
#23 23.60   Instrumented BasicBlocks with 5 predecessor(s): 1
#23 23.60   Instrumented BasicBlocks with 6 predecessor(s): 1
#23 23.60   Instrumented BasicBlocks with 7 predecessor(s): 3
#23 23.60   Instrumented BasicBlocks with 8 predecessor(s): 0
#23 23.60   Instrumented BasicBlocks with 9 predecessor(s): 0
#23 23.60   Instrumented BasicBlocks with >=10 predecessors: 0
#23 23.60 Predecessor Count Distribution for Non-Instrumented Basic Blocks:
#23 23.60   Non-Instrumented BasicBlocks with 1 predecessor(s): 191
#23 23.60   Non-Instrumented BasicBlocks with 2 predecessor(s): 23
#23 23.60   Non-Instrumented BasicBlocks with 3 predecessor(s): 1
#23 23.60   Non-Instrumented BasicBlocks with 4 predecessor(s): 0
#23 23.60   Non-Instrumented BasicBlocks with 5 predecessor(s): 0
#23 23.60   Non-Instrumented BasicBlocks with 6 predecessor(s): 0
#23 23.60   Non-Instrumented BasicBlocks with 7 predecessor(s): 0
#23 23.60   Non-Instrumented BasicBlocks with 8 predecessor(s): 0
#23 23.60   Non-Instrumented BasicBlocks with 9 predecessor(s): 0
#23 23.60   Non-Instrumented BasicBlocks with >=10 predecessors: 0
#23 23.60 =======================================
#23 23.60 
#23 23.60 
#23 23.60 === AFL++ LLVM_MODE Instrumentation Statistics ===
#23 23.60 Total Basic Blocks: 8
#23 23.60 Instrumented Times: 0
#23 23.60 Instrumented Basic Blocks: 0
#23 23.60 Instrumentation Ratio: 0.00%
#23 23.60 Total Predecessors: 0
#23 23.60 Predecessor Count Distribution for Instrumented Basic Blocks:
#23 23.60   Instrumented BasicBlocks with 1 predecessor(s): 0
#23 23.60   Instrumented BasicBlocks with 2 predecessor(s): 0
#23 23.60   Instrumented BasicBlocks with 3 predecessor(s): 0
#23 23.60   Instrumented BasicBlocks with 4 predecessor(s): 0
#23 23.60   Instrumented BasicBlocks with 5 predecessor(s): 0
#23 23.60   Instrumented BasicBlocks with 6 predecessor(s): 0
#23 23.60   Instrumented BasicBlocks with 7 predecessor(s): 0
#23 23.60   Instrumented BasicBlocks with 8 predecessor(s): 0
#23 23.60   Instrumented BasicBlocks with 9 predecessor(s): 0
#23 23.60   Instrumented BasicBlocks with >=10 predecessors: 0
#23 23.60 Predecessor Count Distribution for Non-Instrumented Basic Blocks:
#23 23.60   Non-Instrumented BasicBlocks with 1 predecessor(s): 4
#23 23.60   Non-Instrumented BasicBlocks with 2 predecessor(s): 2
#23 23.60   Non-Instrumented BasicBlocks with 3 predecessor(s): 0
#23 23.60   Non-Instrumented BasicBlocks with 4 predecessor(s): 0
#23 23.60   Non-Instrumented BasicBlocks with 5 predecessor(s): 0
#23 23.60   Non-Instrumented BasicBlocks with 6 predecessor(s): 0
#23 23.60   Non-Instrumented BasicBlocks with 7 predecessor(s): 0
#23 23.60   Non-Instrumented BasicBlocks with 8 predecessor(s): 0
#23 23.60   Non-Instrumented BasicBlocks with 9 predecessor(s): 0
#23 23.60   Non-Instrumented BasicBlocks with >=10 predecessors: 0
#23 23.60 =======================================
#23 23.60 
#23 23.60 
#23 23.60 === AFL++ LLVM_MODE Instrumentation Statistics ===
#23 23.60 Total Basic Blocks: 4
#23 23.60 Instrumented Times: 0
#23 23.60 Instrumented Basic Blocks: 0
#23 23.60 Instrumentation Ratio: 0.00%
#23 23.60 Total Predecessors: 0
#23 23.60 Predecessor Count Distribution for Instrumented Basic Blocks:
#23 23.60   Instrumented BasicBlocks with 1 predecessor(s): 0
#23 23.60   Instrumented BasicBlocks with 2 predecessor(s): 0
#23 23.60   Instrumented BasicBlocks with 3 predecessor(s): 0
#23 23.60   Instrumented BasicBlocks with 4 predecessor(s): 0
#23 23.60   Instrumented BasicBlocks with 5 predecessor(s): 0
#23 23.60   Instrumented BasicBlocks with 6 predecessor(s): 0
#23 23.60   Instrumented BasicBlocks with 7 predecessor(s): 0
#23 23.60   Instrumented BasicBlocks with 8 predecessor(s): 0
#23 23.60   Instrumented BasicBlocks with 9 predecessor(s): 0
#23 23.60   Instrumented BasicBlocks with >=10 predecessors: 0
#23 23.60 Predecessor Count Distribution for Non-Instrumented Basic Blocks:
#23 23.60   Non-Instrumented BasicBlocks with 1 predecessor(s): 2
#23 23.60   Non-Instrumented BasicBlocks with 2 predecessor(s): 1
#23 23.60   Non-Instrumented BasicBlocks with 3 predecessor(s): 0
#23 23.60   Non-Instrumented BasicBlocks with 4 predecessor(s): 0
#23 23.60   Non-Instrumented BasicBlocks with 5 predecessor(s): 0
#23 23.60   Non-Instrumented BasicBlocks with 6 predecessor(s): 0
#23 23.60   Non-Instrumented BasicBlocks with 7 predecessor(s): 0
#23 23.60   Non-Instrumented BasicBlocks with 8 predecessor(s): 0
#23 23.60   Non-Instrumented BasicBlocks with 9 predecessor(s): 0
#23 23.60   Non-Instrumented BasicBlocks with >=10 predecessors: 0
#23 23.60 =======================================
#23 23.60 
#23 23.62   CCLD     src/G72x/libg72x.la
#23 23.64 
#23 23.64 === AFL++ LLVM_MODE Instrumentation Statistics ===
#23 23.64 Total Basic Blocks: 97
#23 23.64 Instrumented Times: 0
#23 23.64 Instrumented Basic Blocks: 14
#23 23.64 Instrumentation Ratio: 14.43%
#23 23.64 Total Predecessors: 35
#23 23.64 Predecessor Count Distribution for Instrumented Basic Blocks:
#23 23.64   Instrumented BasicBlocks with 1 predecessor(s): 0
#23 23.64   Instrumented BasicBlocks with 2 predecessor(s): 11
#23 23.64   Instrumented BasicBlocks with 3 predecessor(s): 1
#23 23.64   Instrumented BasicBlocks with 4 predecessor(s): 1
#23 23.64   Instrumented BasicBlocks with 5 predecessor(s): 0
#23 23.64   Instrumented BasicBlocks with 6 predecessor(s): 1
#23 23.64   Instrumented BasicBlocks with 7 predecessor(s): 0
#23 23.64   Instrumented BasicBlocks with 8 predecessor(s): 0
#23 23.64   Instrumented BasicBlocks with 9 predecessor(s): 0
#23 23.64   Instrumented BasicBlocks with >=10 predecessors: 0
#23 23.64 Predecessor Count Distribution for Non-Instrumented Basic Blocks:
#23 23.64   Non-Instrumented BasicBlocks with 1 predecessor(s): 56
#23 23.64   Non-Instrumented BasicBlocks with 2 predecessor(s): 11
#23 23.64   Non-Instrumented BasicBlocks with 3 predecessor(s): 0
#23 23.64   Non-Instrumented BasicBlocks with 4 predecessor(s): 0
#23 23.64   Non-Instrumented BasicBlocks with 5 predecessor(s): 0
#23 23.64   Non-Instrumented BasicBlocks with 6 predecessor(s): 0
#23 23.64   Non-Instrumented BasicBlocks with 7 predecessor(s): 0
#23 23.64   Non-Instrumented BasicBlocks with 8 predecessor(s): 0
#23 23.64   Non-Instrumented BasicBlocks with 9 predecessor(s): 0
#23 23.64   Non-Instrumented BasicBlocks with >=10 predecessors: 0
#23 23.64 =======================================
#23 23.64 
#23 23.65   CCLD     src/ALAC/libalac.la
#23 23.72 
#23 23.72 === AFL++ LLVM_MODE Instrumentation Statistics ===
#23 23.72 Total Basic Blocks: 1
#23 23.72 Instrumented Times: 0
#23 23.72 Instrumented Basic Blocks: 0
#23 23.72 Instrumentation Ratio: 0.00%
#23 23.72 Total Predecessors: 0
#23 23.72 Predecessor Count Distribution for Instrumented Basic Blocks:
#23 23.72   Instrumented BasicBlocks with 1 predecessor(s): 0
#23 23.72   Instrumented BasicBlocks with 2 predecessor(s): 0
#23 23.72   Instrumented BasicBlocks with 3 predecessor(s): 0
#23 23.72   Instrumented BasicBlocks with 4 predecessor(s): 0
#23 23.72   Instrumented BasicBlocks with 5 predecessor(s): 0
#23 23.72   Instrumented BasicBlocks with 6 predecessor(s): 0
#23 23.72   Instrumented BasicBlocks with 7 predecessor(s): 0
#23 23.72   Instrumented BasicBlocks with 8 predecessor(s): 0
#23 23.72   Instrumented BasicBlocks with 9 predecessor(s): 0
#23 23.72   Instrumented BasicBlocks with >=10 predecessors: 0
#23 23.72 Predecessor Count Distribution for Non-Instrumented Basic Blocks:
#23 23.72   Non-Instrumented BasicBlocks with 1 predecessor(s): 0
#23 23.72   Non-Instrumented BasicBlocks with 2 predecessor(s): 0
#23 23.72   Non-Instrumented BasicBlocks with 3 predecessor(s): 0
#23 23.72   Non-Instrumented BasicBlocks with 4 predecessor(s): 0
#23 23.72   Non-Instrumented BasicBlocks with 5 predecessor(s): 0
#23 23.72   Non-Instrumented BasicBlocks with 6 predecessor(s): 0
#23 23.72   Non-Instrumented BasicBlocks with 7 predecessor(s): 0
#23 23.72   Non-Instrumented BasicBlocks with 8 predecessor(s): 0
#23 23.72   Non-Instrumented BasicBlocks with 9 predecessor(s): 0
#23 23.72   Non-Instrumented BasicBlocks with >=10 predecessors: 0
#23 23.72 =======================================
#23 23.72 
#23 23.73 
#23 23.73 === AFL++ LLVM_MODE Instrumentation Statistics ===
#23 23.73 Total Basic Blocks: 155
#23 23.73 Instrumented Times: 0
#23 23.73 Instrumented Basic Blocks: 21
#23 23.73 Instrumentation Ratio: 13.55%
#23 23.73 Total Predecessors: 73
#23 23.73 Predecessor Count Distribution for Instrumented Basic Blocks:
#23 23.73   Instrumented BasicBlocks with 1 predecessor(s): 0
#23 23.73   Instrumented BasicBlocks with 2 predecessor(s): 13
#23 23.73   Instrumented BasicBlocks with 3 predecessor(s): 3
#23 23.73   Instrumented BasicBlocks with 4 predecessor(s): 1
#23 23.73   Instrumented BasicBlocks with 5 predecessor(s): 2
#23 23.73   Instrumented BasicBlocks with 6 predecessor(s): 0
#23 23.73   Instrumented BasicBlocks with 7 predecessor(s): 0
#23 23.73   Instrumented BasicBlocks with 8 predecessor(s): 0
#23 23.73   Instrumented BasicBlocks with 9 predecessor(s): 0
#23 23.73   Instrumented BasicBlocks with >=10 predecessors: 2
#23 23.73 Predecessor Count Distribution for Non-Instrumented Basic Blocks:
#23 23.73   Non-Instrumented BasicBlocks with 1 predecessor(s): 90
#23 23.73   Non-Instrumented BasicBlocks with 2 predecessor(s): 10
#23 23.73   Non-Instrumented BasicBlocks with 3 predecessor(s): 0
#23 23.73   Non-Instrumented BasicBlocks with 4 predecessor(s): 0
#23 23.73   Non-Instrumented BasicBlocks with 5 predecessor(s): 0
#23 23.73   Non-Instrumented BasicBlocks with 6 predecessor(s): 0
#23 23.73   Non-Instrumented BasicBlocks with 7 predecessor(s): 0
#23 23.73   Non-Instrumented BasicBlocks with 8 predecessor(s): 0
#23 23.73   Non-Instrumented BasicBlocks with 9 predecessor(s): 0
#23 23.73   Non-Instrumented BasicBlocks with >=10 predecessors: 1
#23 23.73 =======================================
#23 23.73 
#23 23.74 
#23 23.74 === AFL++ LLVM_MODE Instrumentation Statistics ===
#23 23.74 Total Basic Blocks: 4
#23 23.74 Instrumented Times: 0
#23 23.74 Instrumented Basic Blocks: 0
#23 23.74 Instrumentation Ratio: 0.00%
#23 23.74 Total Predecessors: 0
#23 23.74 Predecessor Count Distribution for Instrumented Basic Blocks:
#23 23.74   Instrumented BasicBlocks with 1 predecessor(s): 0
#23 23.74   Instrumented BasicBlocks with 2 predecessor(s): 0
#23 23.74   Instrumented BasicBlocks with 3 predecessor(s): 0
#23 23.74   Instrumented BasicBlocks with 4 predecessor(s): 0
#23 23.74   Instrumented BasicBlocks with 5 predecessor(s): 0
#23 23.74   Instrumented BasicBlocks with 6 predecessor(s): 0
#23 23.74   Instrumented BasicBlocks with 7 predecessor(s): 0
#23 23.74   Instrumented BasicBlocks with 8 predecessor(s): 0
#23 23.74   Instrumented BasicBlocks with 9 predecessor(s): 0
#23 23.74   Instrumented BasicBlocks with >=10 predecessors: 0
#23 23.74 Predecessor Count Distribution for Non-Instrumented Basic Blocks:
#23 23.74   Non-Instrumented BasicBlocks with 1 predecessor(s): 2
#23 23.74   Non-Instrumented BasicBlocks with 2 predecessor(s): 1
#23 23.74   Non-Instrumented BasicBlocks with 3 predecessor(s): 0
#23 23.74   Non-Instrumented BasicBlocks with 4 predecessor(s): 0
#23 23.74   Non-Instrumented BasicBlocks with 5 predecessor(s): 0
#23 23.74   Non-Instrumented BasicBlocks with 6 predecessor(s): 0
#23 23.74   Non-Instrumented BasicBlocks with 7 predecessor(s): 0
#23 23.74   Non-Instrumented BasicBlocks with 8 predecessor(s): 0
#23 23.74   Non-Instrumented BasicBlocks with 9 predecessor(s): 0
#23 23.74   Non-Instrumented BasicBlocks with >=10 predecessors: 0
#23 23.74 =======================================
#23 23.74 
#23 23.76 
#23 23.76 === AFL++ LLVM_MODE Instrumentation Statistics ===
#23 23.76 Total Basic Blocks: 95
#23 23.76 Instrumented Times: 0
#23 23.76 Instrumented Basic Blocks: 10
#23 23.76 Instrumentation Ratio: 10.53%
#23 23.76 Total Predecessors: 23
#23 23.76 Predecessor Count Distribution for Instrumented Basic Blocks:
#23 23.76   Instrumented BasicBlocks with 1 predecessor(s): 0
#23 23.76   Instrumented BasicBlocks with 2 predecessor(s): 7
#23 23.76   Instrumented BasicBlocks with 3 predecessor(s): 3
#23 23.76   Instrumented BasicBlocks with 4 predecessor(s): 0
#23 23.76   Instrumented BasicBlocks with 5 predecessor(s): 0
#23 23.76   Instrumented BasicBlocks with 6 predecessor(s): 0
#23 23.76   Instrumented BasicBlocks with 7 predecessor(s): 0
#23 23.76   Instrumented BasicBlocks with 8 predecessor(s): 0
#23 23.76   Instrumented BasicBlocks with 9 predecessor(s): 0
#23 23.76   Instrumented BasicBlocks with >=10 predecessors: 0
#23 23.76 Predecessor Count Distribution for Non-Instrumented Basic Blocks:
#23 23.76   Non-Instrumented BasicBlocks with 1 predecessor(s): 53
#23 23.76   Non-Instrumented BasicBlocks with 2 predecessor(s): 14
#23 23.76   Non-Instrumented BasicBlocks with 3 predecessor(s): 0
#23 23.76   Non-Instrumented BasicBlocks with 4 predecessor(s): 0
#23 23.76   Non-Instrumented BasicBlocks with 5 predecessor(s): 0
#23 23.76   Non-Instrumented BasicBlocks with 6 predecessor(s): 0
#23 23.76   Non-Instrumented BasicBlocks with 7 predecessor(s): 0
#23 23.76   Non-Instrumented BasicBlocks with 8 predecessor(s): 0
#23 23.76   Non-Instrumented BasicBlocks with 9 predecessor(s): 0
#23 23.76   Non-Instrumented BasicBlocks with >=10 predecessors: 0
#23 23.76 =======================================
#23 23.76 
#23 23.77 
#23 23.77 *** Warning: Linking the shared library src/G72x/libg72x.la against the
#23 23.77 *** static library /magma/fuzzers/aflplusplus_entropy/repo/utils/aflpp_driver/libAFLDriver.a is not portable!
#23 23.78 
#23 23.78 *** Warning: Linking the shared library src/GSM610/libgsm.la against the
#23 23.78 *** static library /magma/fuzzers/aflplusplus_entropy/repo/utils/aflpp_driver/libAFLDriver.a is not portable!
#23 23.80 /usr/bin/ar: `u' modifier ignored since `D' is the default (see `U')
#23 23.82 /usr/bin/ar: `u' modifier ignored since `D' is the default (see `U')
#23 23.82 
#23 23.82 === AFL++ LLVM_MODE Instrumentation Statistics ===
#23 23.82 Total Basic Blocks: 348
#23 23.82 Instrumented Times: 0
#23 23.82 Instrumented Basic Blocks: 59
#23 23.82 Instrumentation Ratio: 16.95%
#23 23.82 Total Predecessors: 130
#23 23.82 Predecessor Count Distribution for Instrumented Basic Blocks:
#23 23.82   Instrumented BasicBlocks with 1 predecessor(s): 0
#23 23.82   Instrumented BasicBlocks with 2 predecessor(s): 54
#23 23.82   Instrumented BasicBlocks with 3 predecessor(s): 3
#23 23.82   Instrumented BasicBlocks with 4 predecessor(s): 0
#23 23.82   Instrumented BasicBlocks with 5 predecessor(s): 0
#23 23.82   Instrumented BasicBlocks with 6 predecessor(s): 1
#23 23.82   Instrumented BasicBlocks with 7 predecessor(s): 1
#23 23.82   Instrumented BasicBlocks with 8 predecessor(s): 0
#23 23.82   Instrumented BasicBlocks with 9 predecessor(s): 0
#23 23.82   Instrumented BasicBlocks with >=10 predecessors: 0
#23 23.82 Predecessor Count Distribution for Non-Instrumented Basic Blocks:
#23 23.82   Non-Instrumented BasicBlocks with 1 predecessor(s): 190
#23 23.82   Non-Instrumented BasicBlocks with 2 predecessor(s): 31
#23 23.82   Non-Instrumented BasicBlocks with 3 predecessor(s): 4
#23 23.82   Non-Instrumented BasicBlocks with 4 predecessor(s): 0
#23 23.82   Non-Instrumented BasicBlocks with 5 predecessor(s): 0
#23 23.82   Non-Instrumented BasicBlocks with 6 predecessor(s): 0
#23 23.82   Non-Instrumented BasicBlocks with 7 predecessor(s): 0
#23 23.82   Non-Instrumented BasicBlocks with 8 predecessor(s): 0
#23 23.82   Non-Instrumented BasicBlocks with 9 predecessor(s): 0
#23 23.82   Non-Instrumented BasicBlocks with >=10 predecessors: 0
#23 23.82 =======================================
#23 23.82 
#23 23.83 src/ima_adpcm.c:265:12: warning: variable 'count' set but not used [-Wunused-but-set-variable]
#23 23.83   265 | static int count = 0 ;
#23 23.83       |            ^
#23 23.83 
#23 23.83 === AFL++ LLVM_MODE Instrumentation Statistics ===
#23 23.83 Total Basic Blocks: 377
#23 23.83 Instrumented Times: 0
#23 23.83 Instrumented Basic Blocks: 55
#23 23.83 Instrumentation Ratio: 14.59%
#23 23.83 Total Predecessors: 138
#23 23.83 Predecessor Count Distribution for Instrumented Basic Blocks:
#23 23.83   Instrumented BasicBlocks with 1 predecessor(s): 0
#23 23.83   Instrumented BasicBlocks with 2 predecessor(s): 44
#23 23.83   Instrumented BasicBlocks with 3 predecessor(s): 4
#23 23.83   Instrumented BasicBlocks with 4 predecessor(s): 4
#23 23.83   Instrumented BasicBlocks with 5 predecessor(s): 1
#23 23.83   Instrumented BasicBlocks with 6 predecessor(s): 0
#23 23.83   Instrumented BasicBlocks with 7 predecessor(s): 1
#23 23.83   Instrumented BasicBlocks with 8 predecessor(s): 0
#23 23.83   Instrumented BasicBlocks with 9 predecessor(s): 0
#23 23.83   Instrumented BasicBlocks with >=10 predecessors: 1
#23 23.83 Predecessor Count Distribution for Non-Instrumented Basic Blocks:
#23 23.83   Non-Instrumented BasicBlocks with 1 predecessor(s): 218
#23 23.83   Non-Instrumented BasicBlocks with 2 predecessor(s): 37
#23 23.83   Non-Instrumented BasicBlocks with 3 predecessor(s): 0
#23 23.83   Non-Instrumented BasicBlocks with 4 predecessor(s): 1
#23 23.83   Non-Instrumented BasicBlocks with 5 predecessor(s): 0
#23 23.83   Non-Instrumented BasicBlocks with 6 predecessor(s): 0
#23 23.83   Non-Instrumented BasicBlocks with 7 predecessor(s): 0
#23 23.83   Non-Instrumented BasicBlocks with 8 predecessor(s): 0
#23 23.83   Non-Instrumented BasicBlocks with 9 predecessor(s): 0
#23 23.83   Non-Instrumented BasicBlocks with >=10 predecessors: 0
#23 23.83 =======================================
#23 23.83 
#23 23.83 
#23 23.83 === AFL++ LLVM_MODE Instrumentation Statistics ===
#23 23.83 Total Basic Blocks: 62
#23 23.83 Instrumented Times: 0
#23 23.83 Instrumented Basic Blocks: 11
#23 23.83 Instrumentation Ratio: 17.74%
#23 23.83 Total Predecessors: 30
#23 23.83 Predecessor Count Distribution for Instrumented Basic Blocks:
#23 23.83   Instrumented BasicBlocks with 1 predecessor(s): 0
#23 23.83   Instrumented BasicBlocks with 2 predecessor(s): 7
#23 23.83   Instrumented BasicBlocks with 3 predecessor(s): 2
#23 23.83   Instrumented BasicBlocks with 4 predecessor(s): 0
#23 23.83   Instrumented BasicBlocks with 5 predecessor(s): 2
#23 23.83   Instrumented BasicBlocks with 6 predecessor(s): 0
#23 23.83   Instrumented BasicBlocks with 7 predecessor(s): 0
#23 23.83   Instrumented BasicBlocks with 8 predecessor(s): 0
#23 23.83   Instrumented BasicBlocks with 9 predecessor(s): 0
#23 23.83   Instrumented BasicBlocks with >=10 predecessors: 0
#23 23.83 Predecessor Count Distribution for Non-Instrumented Basic Blocks:
#23 23.83   Non-Instrumented BasicBlocks with 1 predecessor(s): 30
#23 23.83   Non-Instrumented BasicBlocks with 2 predecessor(s): 3
#23 23.83   Non-Instrumented BasicBlocks with 3 predecessor(s): 0
#23 23.83   Non-Instrumented BasicBlocks with 4 predecessor(s): 0
#23 23.83   Non-Instrumented BasicBlocks with 5 predecessor(s): 0
#23 23.83   Non-Instrumented BasicBlocks with 6 predecessor(s): 0
#23 23.83   Non-Instrumented BasicBlocks with 7 predecessor(s): 0
#23 23.83   Non-Instrumented BasicBlocks with 8 predecessor(s): 0
#23 23.83   Non-Instrumented BasicBlocks with 9 predecessor(s): 0
#23 23.83   Non-Instrumented BasicBlocks with >=10 predecessors: 0
#23 23.83 =======================================
#23 23.83 
#23 23.85 
#23 23.85 === AFL++ LLVM_MODE Instrumentation Statistics ===
#23 23.85 Total Basic Blocks: 447
#23 23.85 Instrumented Times: 0
#23 23.85 Instrumented Basic Blocks: 77
#23 23.85 Instrumentation Ratio: 17.23%
#23 23.85 Total Predecessors: 178
#23 23.85 Predecessor Count Distribution for Instrumented Basic Blocks:
#23 23.85   Instrumented BasicBlocks with 1 predecessor(s): 0
#23 23.85   Instrumented BasicBlocks with 2 predecessor(s): 69
#23 23.85   Instrumented BasicBlocks with 3 predecessor(s): 2
#23 23.85   Instrumented BasicBlocks with 4 predecessor(s): 1
#23 23.85   Instrumented BasicBlocks with 5 predecessor(s): 2
#23 23.85   Instrumented BasicBlocks with 6 predecessor(s): 1
#23 23.85   Instrumented BasicBlocks with 7 predecessor(s): 2
#23 23.85   Instrumented BasicBlocks with 8 predecessor(s): 0
#23 23.85   Instrumented BasicBlocks with 9 predecessor(s): 0
#23 23.85   Instrumented BasicBlocks with >=10 predecessors: 0
#23 23.85 Predecessor Count Distribution for Non-Instrumented Basic Blocks:
#23 23.85   Non-Instrumented BasicBlocks with 1 predecessor(s): 246
#23 23.85   Non-Instrumented BasicBlocks with 2 predecessor(s): 43
#23 23.85   Non-Instrumented BasicBlocks with 3 predecessor(s): 0
#23 23.85   Non-Instrumented BasicBlocks with 4 predecessor(s): 0
#23 23.85   Non-Instrumented BasicBlocks with 5 predecessor(s): 0
#23 23.85   Non-Instrumented BasicBlocks with 6 predecessor(s): 0
#23 23.85   Non-Instrumented BasicBlocks with 7 predecessor(s): 0
#23 23.85   Non-Instrumented BasicBlocks with 8 predecessor(s): 0
#23 23.85   Non-Instrumented BasicBlocks with 9 predecessor(s): 0
#23 23.85   Non-Instrumented BasicBlocks with >=10 predecessors: 0
#23 23.85 =======================================
#23 23.85 
#23 23.85 
#23 23.85 === AFL++ LLVM_MODE Instrumentation Statistics ===
#23 23.85 Total Basic Blocks: 245
#23 23.85 Instrumented Times: 0
#23 23.85 Instrumented Basic Blocks: 36
#23 23.85 Instrumentation Ratio: 14.69%
#23 23.85 Total Predecessors: 93
#23 23.85 Predecessor Count Distribution for Instrumented Basic Blocks:
#23 23.85   Instrumented BasicBlocks with 1 predecessor(s): 0
#23 23.85   Instrumented BasicBlocks with 2 predecessor(s): 22
#23 23.85   Instrumented BasicBlocks with 3 predecessor(s): 9
#23 23.85   Instrumented BasicBlocks with 4 predecessor(s): 4
#23 23.85   Instrumented BasicBlocks with 5 predecessor(s): 0
#23 23.85   Instrumented BasicBlocks with 6 predecessor(s): 1
#23 23.85   Instrumented BasicBlocks with 7 predecessor(s): 0
#23 23.85   Instrumented BasicBlocks with 8 predecessor(s): 0
#23 23.85   Instrumented BasicBlocks with 9 predecessor(s): 0
#23 23.85   Instrumented BasicBlocks with >=10 predecessors: 0
#23 23.85 Predecessor Count Distribution for Non-Instrumented Basic Blocks:
#23 23.85   Non-Instrumented BasicBlocks with 1 predecessor(s): 126
#23 23.85   Non-Instrumented BasicBlocks with 2 predecessor(s): 16
#23 23.85   Non-Instrumented BasicBlocks with 3 predecessor(s): 3
#23 23.85   Non-Instrumented BasicBlocks with 4 predecessor(s): 2
#23 23.85   Non-Instrumented BasicBlocks with 5 predecessor(s): 0
#23 23.85   Non-Instrumented BasicBlocks with 6 predecessor(s): 0
#23 23.85   Non-Instrumented BasicBlocks with 7 predecessor(s): 0
#23 23.85   Non-Instrumented BasicBlocks with 8 predecessor(s): 0
#23 23.85   Non-Instrumented BasicBlocks with 9 predecessor(s): 0
#23 23.85   Non-Instrumented BasicBlocks with >=10 predecessors: 0
#23 23.85 =======================================
#23 23.85 
#23 23.86 
#23 23.86 *** Warning: Linking the shared library src/ALAC/libalac.la against the
#23 23.86 *** static library /magma/fuzzers/aflplusplus_entropy/repo/utils/aflpp_driver/libAFLDriver.a is not portable!
#23 23.87 
#23 23.87 === AFL++ LLVM_MODE Instrumentation Statistics ===
#23 23.87 Total Basic Blocks: 469
#23 23.87 Instrumented Times: 0
#23 23.87 Instrumented Basic Blocks: 74
#23 23.87 Instrumentation Ratio: 15.78%
#23 23.87 Total Predecessors: 178
#23 23.87 Predecessor Count Distribution for Instrumented Basic Blocks:
#23 23.87   Instrumented BasicBlocks with 1 predecessor(s): 0
#23 23.87   Instrumented BasicBlocks with 2 predecessor(s): 66
#23 23.87   Instrumented BasicBlocks with 3 predecessor(s): 4
#23 23.87   Instrumented BasicBlocks with 4 predecessor(s): 0
#23 23.87   Instrumented BasicBlocks with 5 predecessor(s): 0
#23 23.87   Instrumented BasicBlocks with 6 predecessor(s): 0
#23 23.87   Instrumented BasicBlocks with 7 predecessor(s): 0
#23 23.87   Instrumented BasicBlocks with 8 predecessor(s): 2
#23 23.87   Instrumented BasicBlocks with 9 predecessor(s): 2
#23 23.87   Instrumented BasicBlocks with >=10 predecessors: 0
#23 23.87 Predecessor Count Distribution for Non-Instrumented Basic Blocks:
#23 23.87   Non-Instrumented BasicBlocks with 1 predecessor(s): 219
#23 23.87   Non-Instrumented BasicBlocks with 2 predecessor(s): 49
#23 23.87   Non-Instrumented BasicBlocks with 3 predecessor(s): 0
#23 23.87   Non-Instrumented BasicBlocks with 4 predecessor(s): 0
#23 23.87   Non-Instrumented BasicBlocks with 5 predecessor(s): 0
#23 23.87   Non-Instrumented BasicBlocks with 6 predecessor(s): 0
#23 23.87   Non-Instrumented BasicBlocks with 7 predecessor(s): 0
#23 23.87   Non-Instrumented BasicBlocks with 8 predecessor(s): 0
#23 23.87   Non-Instrumented BasicBlocks with 9 predecessor(s): 0
#23 23.87   Non-Instrumented BasicBlocks with >=10 predecessors: 0
#23 23.87 =======================================
#23 23.87 
#23 23.87 
#23 23.87 === AFL++ LLVM_MODE Instrumentation Statistics ===
#23 23.87 Total Basic Blocks: 375
#23 23.87 Instrumented Times: 0
#23 23.87 Instrumented Basic Blocks: 51
#23 23.87 Instrumentation Ratio: 13.60%
#23 23.87 Total Predecessors: 112
#23 23.87 Predecessor Count Distribution for Instrumented Basic Blocks:
#23 23.87   Instrumented BasicBlocks with 1 predecessor(s): 0
#23 23.87   Instrumented BasicBlocks with 2 predecessor(s): 44
#23 23.87   Instrumented BasicBlocks with 3 predecessor(s): 5
#23 23.87   Instrumented BasicBlocks with 4 predecessor(s): 1
#23 23.87   Instrumented BasicBlocks with 5 predecessor(s): 1
#23 23.87   Instrumented BasicBlocks with 6 predecessor(s): 0
#23 23.87   Instrumented BasicBlocks with 7 predecessor(s): 0
#23 23.87   Instrumented BasicBlocks with 8 predecessor(s): 0
#23 23.87   Instrumented BasicBlocks with 9 predecessor(s): 0
#23 23.87   Instrumented BasicBlocks with >=10 predecessors: 0
#23 23.87 Predecessor Count Distribution for Non-Instrumented Basic Blocks:
#23 23.87   Non-Instrumented BasicBlocks with 1 predecessor(s): 199
#23 23.87   Non-Instrumented BasicBlocks with 2 predecessor(s): 54
#23 23.87   Non-Instrumented BasicBlocks with 3 predecessor(s): 1
#23 23.87   Non-Instrumented BasicBlocks with 4 predecessor(s): 0
#23 23.87   Non-Instrumented BasicBlocks with 5 predecessor(s): 0
#23 23.87   Non-Instrumented BasicBlocks with 6 predecessor(s): 0
#23 23.87   Non-Instrumented BasicBlocks with 7 predecessor(s): 0
#23 23.87   Non-Instrumented BasicBlocks with 8 predecessor(s): 0
#23 23.87   Non-Instrumented BasicBlocks with 9 predecessor(s): 0
#23 23.87   Non-Instrumented BasicBlocks with >=10 predecessors: 0
#23 23.87 =======================================
#23 23.87 
#23 23.87 1 warning generated.
#23 23.88 
#23 23.88 === AFL++ LLVM_MODE Instrumentation Statistics ===
#23 23.88 Total Basic Blocks: 618
#23 23.88 Instrumented Times: 0
#23 23.88 Instrumented Basic Blocks: 101
#23 23.88 Instrumentation Ratio: 16.34%
#23 23.88 Total Predecessors: 327
#23 23.88 Predecessor Count Distribution for Instrumented Basic Blocks:
#23 23.88   Instrumented BasicBlocks with 1 predecessor(s): 0
#23 23.88   Instrumented BasicBlocks with 2 predecessor(s): 72
#23 23.88   Instrumented BasicBlocks with 3 predecessor(s): 12
#23 23.88   Instrumented BasicBlocks with 4 predecessor(s): 6
#23 23.88   Instrumented BasicBlocks with 5 predecessor(s): 1
#23 23.88   Instrumented BasicBlocks with 6 predecessor(s): 3
#23 23.88   Instrumented BasicBlocks with 7 predecessor(s): 0
#23 23.88   Instrumented BasicBlocks with 8 predecessor(s): 2
#23 23.88   Instrumented BasicBlocks with 9 predecessor(s): 0
#23 23.88   Instrumented BasicBlocks with >=10 predecessors: 5
#23 23.88 Predecessor Count Distribution for Non-Instrumented Basic Blocks:
#23 23.88   Non-Instrumented BasicBlocks with 1 predecessor(s): 302
#23 23.88   Non-Instrumented BasicBlocks with 2 predecessor(s): 33
#23 23.88   Non-Instrumented BasicBlocks with 3 predecessor(s): 2
#23 23.88   Non-Instrumented BasicBlocks with 4 predecessor(s): 2
#23 23.88   Non-Instrumented BasicBlocks with 5 predecessor(s): 0
#23 23.88   Non-Instrumented BasicBlocks with 6 predecessor(s): 0
#23 23.88   Non-Instrumented BasicBlocks with 7 predecessor(s): 0
#23 23.88   Non-Instrumented BasicBlocks with 8 predecessor(s): 0
#23 23.88   Non-Instrumented BasicBlocks with 9 predecessor(s): 1
#23 23.88   Non-Instrumented BasicBlocks with >=10 predecessors: 0
#23 23.88 =======================================
#23 23.88 
#23 23.89 /usr/bin/ar: `u' modifier ignored since `D' is the default (see `U')
#23 23.89 
#23 23.89 === AFL++ LLVM_MODE Instrumentation Statistics ===
#23 23.89 Total Basic Blocks: 158
#23 23.89 Instrumented Times: 0
#23 23.89 Instrumented Basic Blocks: 25
#23 23.89 Instrumentation Ratio: 15.82%
#23 23.89 Total Predecessors: 81
#23 23.89 Predecessor Count Distribution for Instrumented Basic Blocks:
#23 23.89   Instrumented BasicBlocks with 1 predecessor(s): 0
#23 23.89   Instrumented BasicBlocks with 2 predecessor(s): 16
#23 23.89   Instrumented BasicBlocks with 3 predecessor(s): 4
#23 23.89   Instrumented BasicBlocks with 4 predecessor(s): 1
#23 23.89   Instrumented BasicBlocks with 5 predecessor(s): 3
#23 23.89   Instrumented BasicBlocks with 6 predecessor(s): 0
#23 23.89   Instrumented BasicBlocks with 7 predecessor(s): 0
#23 23.89   Instrumented BasicBlocks with 8 predecessor(s): 0
#23 23.89   Instrumented BasicBlocks with 9 predecessor(s): 0
#23 23.89   Instrumented BasicBlocks with >=10 predecessors: 1
#23 23.89 Predecessor Count Distribution for Non-Instrumented Basic Blocks:
#23 23.89   Non-Instrumented BasicBlocks with 1 predecessor(s): 92
#23 23.89   Non-Instrumented BasicBlocks with 2 predecessor(s): 9
#23 23.89   Non-Instrumented BasicBlocks with 3 predecessor(s): 0
#23 23.89   Non-Instrumented BasicBlocks with 4 predecessor(s): 0
#23 23.89   Non-Instrumented BasicBlocks with 5 predecessor(s): 0
#23 23.89   Non-Instrumented BasicBlocks with 6 predecessor(s): 0
#23 23.89   Non-Instrumented BasicBlocks with 7 predecessor(s): 0
#23 23.89   Non-Instrumented BasicBlocks with 8 predecessor(s): 0
#23 23.89   Non-Instrumented BasicBlocks with 9 predecessor(s): 0
#23 23.89   Non-Instrumented BasicBlocks with >=10 predecessors: 0
#23 23.89 =======================================
#23 23.89 
#23 23.89 
#23 23.89 === AFL++ LLVM_MODE Instrumentation Statistics ===
#23 23.89 Total Basic Blocks: 156
#23 23.89 Instrumented Times: 0
#23 23.89 Instrumented Basic Blocks: 24
#23 23.89 Instrumentation Ratio: 15.38%
#23 23.89 Total Predecessors: 74
#23 23.89 Predecessor Count Distribution for Instrumented Basic Blocks:
#23 23.89   Instrumented BasicBlocks with 1 predecessor(s): 0
#23 23.89   Instrumented BasicBlocks with 2 predecessor(s): 15
#23 23.89   Instrumented BasicBlocks with 3 predecessor(s): 3
#23 23.89   Instrumented BasicBlocks with 4 predecessor(s): 4
#23 23.89   Instrumented BasicBlocks with 5 predecessor(s): 0
#23 23.89   Instrumented BasicBlocks with 6 predecessor(s): 1
#23 23.89   Instrumented BasicBlocks with 7 predecessor(s): 0
#23 23.89   Instrumented BasicBlocks with 8 predecessor(s): 0
#23 23.89   Instrumented BasicBlocks with 9 predecessor(s): 0
#23 23.89   Instrumented BasicBlocks with >=10 predecessors: 1
#23 23.89 Predecessor Count Distribution for Non-Instrumented Basic Blocks:
#23 23.89   Non-Instrumented BasicBlocks with 1 predecessor(s): 86
#23 23.89   Non-Instrumented BasicBlocks with 2 predecessor(s): 10
#23 23.89   Non-Instrumented BasicBlocks with 3 predecessor(s): 0
#23 23.89   Non-Instrumented BasicBlocks with 4 predecessor(s): 0
#23 23.89   Non-Instrumented BasicBlocks with 5 predecessor(s): 1
#23 23.89   Non-Instrumented BasicBlocks with 6 predecessor(s): 0
#23 23.89   Non-Instrumented BasicBlocks with 7 predecessor(s): 0
#23 23.89   Non-Instrumented BasicBlocks with 8 predecessor(s): 0
#23 23.89   Non-Instrumented BasicBlocks with 9 predecessor(s): 0
#23 23.89   Non-Instrumented BasicBlocks with >=10 predecessors: 0
#23 23.89 =======================================
#23 23.89 
#23 23.90 
#23 23.90 === AFL++ LLVM_MODE Instrumentation Statistics ===
#23 23.90 Total Basic Blocks: 260
#23 23.90 Instrumented Times: 0
#23 23.90 Instrumented Basic Blocks: 46
#23 23.90 Instrumentation Ratio: 17.69%
#23 23.90 Total Predecessors: 119
#23 23.90 Predecessor Count Distribution for Instrumented Basic Blocks:
#23 23.90   Instrumented BasicBlocks with 1 predecessor(s): 0
#23 23.90   Instrumented BasicBlocks with 2 predecessor(s): 36
#23 23.90   Instrumented BasicBlocks with 3 predecessor(s): 5
#23 23.90   Instrumented BasicBlocks with 4 predecessor(s): 3
#23 23.90   Instrumented BasicBlocks with 5 predecessor(s): 0
#23 23.90   Instrumented BasicBlocks with 6 predecessor(s): 0
#23 23.90   Instrumented BasicBlocks with 7 predecessor(s): 0
#23 23.90   Instrumented BasicBlocks with 8 predecessor(s): 0
#23 23.90   Instrumented BasicBlocks with 9 predecessor(s): 1
#23 23.90   Instrumented BasicBlocks with >=10 predecessors: 1
#23 23.90 Predecessor Count Distribution for Non-Instrumented Basic Blocks:
#23 23.90   Non-Instrumented BasicBlocks with 1 predecessor(s): 135
#23 23.90   Non-Instrumented BasicBlocks with 2 predecessor(s): 19
#23 23.90   Non-Instrumented BasicBlocks with 3 predecessor(s): 0
#23 23.90   Non-Instrumented BasicBlocks with 4 predecessor(s): 0
#23 23.90   Non-Instrumented BasicBlocks with 5 predecessor(s): 0
#23 23.90   Non-Instrumented BasicBlocks with 6 predecessor(s): 0
#23 23.90   Non-Instrumented BasicBlocks with 7 predecessor(s): 0
#23 23.90   Non-Instrumented BasicBlocks with 8 predecessor(s): 0
#23 23.90   Non-Instrumented BasicBlocks with 9 predecessor(s): 0
#23 23.90   Non-Instrumented BasicBlocks with >=10 predecessors: 0
#23 23.90 =======================================
#23 23.90 
#23 23.90 
#23 23.90 === AFL++ LLVM_MODE Instrumentation Statistics ===
#23 23.90 Total Basic Blocks: 314
#23 23.90 Instrumented Times: 0
#23 23.90 Instrumented Basic Blocks: 46
#23 23.90 Instrumentation Ratio: 14.65%
#23 23.90 Total Predecessors: 110
#23 23.90 Predecessor Count Distribution for Instrumented Basic Blocks:
#23 23.90   Instrumented BasicBlocks with 1 predecessor(s): 0
#23 23.90   Instrumented BasicBlocks with 2 predecessor(s): 35
#23 23.90   Instrumented BasicBlocks with 3 predecessor(s): 7
#23 23.90   Instrumented BasicBlocks with 4 predecessor(s): 1
#23 23.90   Instrumented BasicBlocks with 5 predecessor(s): 3
#23 23.90   Instrumented BasicBlocks with 6 predecessor(s): 0
#23 23.90   Instrumented BasicBlocks with 7 predecessor(s): 0
#23 23.90   Instrumented BasicBlocks with 8 predecessor(s): 0
#23 23.90   Instrumented BasicBlocks with 9 predecessor(s): 0
#23 23.90   Instrumented BasicBlocks with >=10 predecessors: 0
#23 23.90 Predecessor Count Distribution for Non-Instrumented Basic Blocks:
#23 23.90   Non-Instrumented BasicBlocks with 1 predecessor(s): 167
#23 23.90   Non-Instrumented BasicBlocks with 2 predecessor(s): 37
#23 23.90   Non-Instrumented BasicBlocks with 3 predecessor(s): 1
#23 23.90   Non-Instrumented BasicBlocks with 4 predecessor(s): 0
#23 23.90   Non-Instrumented BasicBlocks with 5 predecessor(s): 0
#23 23.90   Non-Instrumented BasicBlocks with 6 predecessor(s): 0
#23 23.90   Non-Instrumented BasicBlocks with 7 predecessor(s): 0
#23 23.90   Non-Instrumented BasicBlocks with 8 predecessor(s): 0
#23 23.90   Non-Instrumented BasicBlocks with 9 predecessor(s): 0
#23 23.90   Non-Instrumented BasicBlocks with >=10 predecessors: 0
#23 23.90 =======================================
#23 23.90 
#23 23.93 
#23 23.93 === AFL++ LLVM_MODE Instrumentation Statistics ===
#23 23.93 Total Basic Blocks: 660
#23 23.93 Instrumented Times: 0
#23 23.93 Instrumented Basic Blocks: 114
#23 23.93 Instrumentation Ratio: 17.27%
#23 23.93 Total Predecessors: 282
#23 23.93 Predecessor Count Distribution for Instrumented Basic Blocks:
#23 23.93   Instrumented BasicBlocks with 1 predecessor(s): 0
#23 23.93   Instrumented BasicBlocks with 2 predecessor(s): 101
#23 23.93   Instrumented BasicBlocks with 3 predecessor(s): 3
#23 23.93   Instrumented BasicBlocks with 4 predecessor(s): 1
#23 23.93   Instrumented BasicBlocks with 5 predecessor(s): 2
#23 23.93   Instrumented BasicBlocks with 6 predecessor(s): 2
#23 23.93   Instrumented BasicBlocks with 7 predecessor(s): 1
#23 23.93   Instrumented BasicBlocks with 8 predecessor(s): 2
#23 23.93   Instrumented BasicBlocks with 9 predecessor(s): 0
#23 23.93   Instrumented BasicBlocks with >=10 predecessors: 2
#23 23.93 Predecessor Count Distribution for Non-Instrumented Basic Blocks:
#23 23.93   Non-Instrumented BasicBlocks with 1 predecessor(s): 368
#23 23.93   Non-Instrumented BasicBlocks with 2 predecessor(s): 52
#23 23.93   Non-Instrumented BasicBlocks with 3 predecessor(s): 2
#23 23.93   Non-Instrumented BasicBlocks with 4 predecessor(s): 0
#23 23.93   Non-Instrumented BasicBlocks with 5 predecessor(s): 1
#23 23.93   Non-Instrumented BasicBlocks with 6 predecessor(s): 0
#23 23.93   Non-Instrumented BasicBlocks with 7 predecessor(s): 0
#23 23.93   Non-Instrumented BasicBlocks with 8 predecessor(s): 0
#23 23.93   Non-Instrumented BasicBlocks with 9 predecessor(s): 0
#23 23.93   Non-Instrumented BasicBlocks with >=10 predecessors: 0
#23 23.93 =======================================
#23 23.93 
#23 23.94   CCLD     src/libcommon.la
#23 23.96 
#23 23.96 === AFL++ LLVM_MODE Instrumentation Statistics ===
#23 23.96 Total Basic Blocks: 423
#23 23.96 Instrumented Times: 0
#23 23.96 Instrumented Basic Blocks: 68
#23 23.96 Instrumentation Ratio: 16.08%
#23 23.96 Total Predecessors: 227
#23 23.96 Predecessor Count Distribution for Instrumented Basic Blocks:
#23 23.96   Instrumented BasicBlocks with 1 predecessor(s): 0
#23 23.96   Instrumented BasicBlocks with 2 predecessor(s): 43
#23 23.96   Instrumented BasicBlocks with 3 predecessor(s): 10
#23 23.96   Instrumented BasicBlocks with 4 predecessor(s): 4
#23 23.96   Instrumented BasicBlocks with 5 predecessor(s): 2
#23 23.96   Instrumented BasicBlocks with 6 predecessor(s): 2
#23 23.96   Instrumented BasicBlocks with 7 predecessor(s): 0
#23 23.96   Instrumented BasicBlocks with 8 predecessor(s): 1
#23 23.96   Instrumented BasicBlocks with 9 predecessor(s): 2
#23 23.96   Instrumented BasicBlocks with >=10 predecessors: 4
#23 23.96 Predecessor Count Distribution for Non-Instrumented Basic Blocks:
#23 23.96   Non-Instrumented BasicBlocks with 1 predecessor(s): 226
#23 23.96   Non-Instrumented BasicBlocks with 2 predecessor(s): 19
#23 23.96   Non-Instrumented BasicBlocks with 3 predecessor(s): 1
#23 23.96   Non-Instrumented BasicBlocks with 4 predecessor(s): 0
#23 23.96   Non-Instrumented BasicBlocks with 5 predecessor(s): 0
#23 23.96   Non-Instrumented BasicBlocks with 6 predecessor(s): 0
#23 23.96   Non-Instrumented BasicBlocks with 7 predecessor(s): 0
#23 23.96   Non-Instrumented BasicBlocks with 8 predecessor(s): 0
#23 23.96   Non-Instrumented BasicBlocks with 9 predecessor(s): 0
#23 23.96   Non-Instrumented BasicBlocks with >=10 predecessors: 0
#23 23.96 =======================================
#23 23.96 
#23 24.11 
#23 24.11 *** Warning: Linking the shared library src/libcommon.la against the
#23 24.11 *** static library /magma/fuzzers/aflplusplus_entropy/repo/utils/aflpp_driver/libAFLDriver.a is not portable!
#23 24.13 /usr/bin/ar: `u' modifier ignored since `D' is the default (see `U')
#23 24.21   CCLD     src/libsndfile.la
#23 24.47 
#23 24.47 *** Warning: Linking the shared library src/libsndfile.la against the
#23 24.47 *** static library /magma/fuzzers/aflplusplus_entropy/repo/utils/aflpp_driver/libAFLDriver.a is not portable!
#23 24.61 /usr/bin/ar: `u' modifier ignored since `D' is the default (see `U')
#23 24.71   CXXLD    ossfuzz/sndfile_fuzzer
#23 25.14 'ossfuzz/sndfile_fuzzer' -> '/magma_out/afl/sndfile_fuzzer'
#23 DONE 25.2s

#24 exporting to image
#24 exporting layers
#24 exporting layers 0.3s done
#24 writing image sha256:0e0b45e73214f3164e726200dbdbe122c491c29213b3cab3d9a9c699c681abe5 done
#24 naming to docker.io/magma/aflplusplus_entropy/libsndfile done
#24 DONE 0.3s

 [33m18 warnings found (use --debug to expand):
[0m - LegacyKeyValueFormat: "ENV key=value" should be used instead of legacy "ENV key value" format (line 14)
 - LegacyKeyValueFormat: "ENV key=value" should be used instead of legacy "ENV key value" format (line 15)
 - LegacyKeyValueFormat: "ENV key=value" should be used instead of legacy "ENV key value" format (line 16)
 - LegacyKeyValueFormat: "ENV key=value" should be used instead of legacy "ENV key value" format (line 18)
 - LegacyKeyValueFormat: "ENV key=value" should be used instead of legacy "ENV key value" format (line 19)
 - LegacyKeyValueFormat: "ENV key=value" should be used instead of legacy "ENV key value" format (line 20)
 - LegacyKeyValueFormat: "ENV key=value" should be used instead of legacy "ENV key value" format (line 21)
 - LegacyKeyValueFormat: "ENV key=value" should be used instead of legacy "ENV key value" format (line 22)
 - LegacyKeyValueFormat: "ENV key=value" should be used instead of legacy "ENV key value" format (line 23)
 - LegacyKeyValueFormat: "ENV key=value" should be used instead of legacy "ENV key value" format (line 24)
 - LegacyKeyValueFormat: "ENV key=value" should be used instead of legacy "ENV key value" format (line 39)
 - LegacyKeyValueFormat: "ENV key=value" should be used instead of legacy "ENV key value" format (line 49)
 - LegacyKeyValueFormat: "ENV key=value" should be used instead of legacy "ENV key value" format (line 65)
 - LegacyKeyValueFormat: "ENV key=value" should be used instead of legacy "ENV key value" format (line 86)
 - LegacyKeyValueFormat: "ENV key=value" should be used instead of legacy "ENV key value" format (line 87)
 - LegacyKeyValueFormat: "ENV key=value" should be used instead of legacy "ENV key value" format (line 88)
 - LegacyKeyValueFormat: "ENV key=value" should be used instead of legacy "ENV key value" format (line 89)
 - JSONArgsRecommended: JSON arguments recommended for ENTRYPOINT to prevent unintended behavior related to OS signals (line 96)
+ set +x
magma/aflplusplus_entropy/libsndfile
